Date,Ticker,Open,High,Low,Close,Volume,Dividends,Stock Splits
2023-09-04 00:00:00-03:00,TOTS3.SA,26.332122510238673,26.608301162719727,26.17022511792471,26.608301162719727,1429200,0.0,0.0
2023-09-05 00:00:00-03:00,TOTS3.SA,26.55116398757492,26.69401604036845,26.28451069743086,26.408313751220703,3448200,0.0,0.0
2023-09-06 00:00:00-03:00,TOTS3.SA,26.351173423232165,26.570210568444388,26.284510102205772,26.4368839263916,5179600,0.0,0.0
2023-09-08 00:00:00-03:00,TOTS3.SA,26.370216171887165,26.53211355992061,26.12260829510431,26.37973976135254,4111700,0.0,0.0
2023-09-11 00:00:00-03:00,TOTS3.SA,26.446401914926422,26.84638357279003,26.21784122706706,26.69400978088379,10174700,0.0,0.0
2023-09-12 00:00:00-03:00,TOTS3.SA,26.694012699670708,27.332078704210335,26.636871159128717,27.255891799926758,2581700,0.0,0.0
2023-09-13 00:00:00-03:00,TOTS3.SA,27.160657943528587,27.85586367800872,27.074947448434973,27.33207893371582,8856300,0.0,0.0
2023-09-14 00:00:00-03:00,TOTS3.SA,27.32255537392057,27.81776934825311,27.32255537392057,27.67491912841797,5292100,0.0,0.0
2023-09-15 00:00:00-03:00,TOTS3.SA,27.82729517443239,28.28441845765066,27.77967903614096,28.093950271606445,6460600,0.0,0.0
2023-09-18 00:00:00-03:00,TOTS3.SA,28.07489782935856,28.141561137051646,26.941617965698242,26.941617965698242,3485500,0.0,0.0
2023-09-19 00:00:00-03:00,TOTS3.SA,26.865429554659837,27.084468474965778,25.532157936481095,25.617868423461914,11595400,0.0,0.0
2023-09-20 00:00:00-03:00,TOTS3.SA,25.684533280398398,26.39878617067416,25.465496163325867,25.722627639770508,6217200,0.0,0.0
2023-09-21 00:00:00-03:00,TOTS3.SA,25.370262738571736,25.551207317398706,25.075038711545997,25.084562301635742,4832900,0.0,0.0
2023-09-22 00:00:00-03:00,TOTS3.SA,25.275030701105095,25.379786560169673,25.09408612062759,25.160749435424805,2757300,0.0,0.0
2023-09-25 00:00:00-03:00,TOTS3.SA,25.189318901844793,25.713103619367416,25.151224543110565,25.655963897705078,3293000,0.0,0.0
2023-09-26 00:00:00-03:00,TOTS3.SA,25.541682224868687,25.751197561640556,25.008373926287433,25.15122413635254,3629300,0.0,0.0
2023-09-27 00:00:00-03:00,TOTS3.SA,25.189319610595703,25.36073878040594,24.99885144444337,25.189319610595703,4790500,0.0,0.0
2023-09-28 00:00:00-03:00,TOTS3.SA,25.189319028765798,25.49406663441914,24.88456960667344,25.475019454956055,3050900,0.0,0.0
2023-09-29 00:00:00-03:00,TOTS3.SA,25.627393755238263,26.0845151725915,25.522636082596836,25.713104248046875,4040400,0.0,0.0
2023-10-02 00:00:00-03:00,TOTS3.SA,25.7511965788341,26.036896988060427,25.560728428390615,25.894046783447266,2873700,0.0,0.0
2023-10-03 00:00:00-03:00,TOTS3.SA,25.770244203643454,25.875001877230158,24.998851577844334,25.00837516784668,2365800,0.0,0.0
2023-10-04 00:00:00-03:00,TOTS3.SA,24.94171008871717,25.63691576172499,24.779812703015722,25.522634506225586,2778500,0.0,0.0
2023-10-05 00:00:00-03:00,TOTS3.SA,25.360740462761438,25.646442730942567,25.094087192186056,25.370264053344727,1975900,0.0,0.0
2023-10-06 00:00:00-03:00,TOTS3.SA,25.017897355660075,25.37026108380235,24.770289478794144,25.246458053588867,1977300,0.0,0.0
2023-10-09 00:00:00-03:00,TOTS3.SA,24.970280582518576,25.86547805383129,24.970280582518576,25.713104248046875,3353000,0.0,0.0
2023-10-10 00:00:00-03:00,TOTS3.SA,25.77976665702934,26.341645727321154,25.77976665702934,26.189271926879883,1955200,0.0,0.0
2023-10-11 00:00:00-03:00,TOTS3.SA,26.2464158706079,26.541641745844593,25.960715402925146,26.170228958129883,2566500,0.0,0.0
2023-10-13 00:00:00-03:00,TOTS3.SA,26.046421921402025,26.20831931270234,25.332169045036917,25.484542846679688,3229100,0.0,0.0
2023-10-16 00:00:00-03:00,TOTS3.SA,25.7131048124295,25.932141935997404,25.30359951923092,25.59882354736328,2934100,0.0,0.0
2023-10-17 00:00:00-03:00,TOTS3.SA,25.40835864090215,25.922619821884012,25.284553778661145,25.44645118713379,4690400,0.0,0.0
2023-10-18 00:00:00-03:00,TOTS3.SA,25.265505045540767,25.33216835488843,24.760765706075816,24.81790542602539,3469400,0.0,0.0
2023-10-19 00:00:00-03:00,TOTS3.SA,24.81791136488328,25.046472115814495,24.570303430597953,24.89409828186035,3009000,0.0,0.0
2023-10-20 00:00:00-03:00,TOTS3.SA,24.522684495027033,24.99885312599843,24.484590132658514,24.503637313842773,2679100,0.0,0.0
2023-10-23 00:00:00-03:00,TOTS3.SA,24.427448109411117,24.798860841835353,24.351261208274682,24.522682189941406,2903300,0.0,0.0
2023-10-24 00:00:00-03:00,TOTS3.SA,24.713151612080853,24.81790747121462,24.32269349677721,24.379833221435547,3735600,0.0,0.0
2023-10-25 00:00:00-03:00,TOTS3.SA,24.427447606485444,24.551252453557563,24.027465929644464,24.284597396850586,3956600,0.0,0.0
2023-10-26 00:00:00-03:00,TOTS3.SA,24.456020496388387,25.26550750978892,24.398880770865738,25.14170265197754,3587800,0.0,0.0
2023-10-27 00:00:00-03:00,TOTS3.SA,24.998850908240485,25.55120639850786,24.341737747192383,24.341737747192383,3071100,0.0,0.0
2023-10-30 00:00:00-03:00,TOTS3.SA,24.4655425153919,24.49411146809879,23.74176604498015,23.91318702697754,2348500,0.0,0.0
2023-10-31 00:00:00-03:00,TOTS3.SA,24.084611403123247,24.37983546014627,23.989377308988292,24.103656768798828,3310600,0.0,0.0
2023-11-01 00:00:00-03:00,TOTS3.SA,24.294122265622555,25.075038481424013,24.113177688456172,25.00837516784668,3499200,0.0,0.0
2023-11-03 00:00:00-03:00,TOTS3.SA,25.313122907624678,26.474973647082997,25.141701919611023,26.389263153076172,4218100,0.0,0.0
2023-11-06 00:00:00-03:00,TOTS3.SA,26.37973976135254,26.494019202059114,25.903571186717578,26.37973976135254,2072300,0.0,0.0
2023-11-07 00:00:00-03:00,TOTS3.SA,26.37021831531428,27.579685212701502,26.236889868400777,27.322555541992188,6276800,0.0,0.0
2023-11-08 00:00:00-03:00,TOTS3.SA,28.274891247603936,29.42721835800325,27.874909561258924,28.865339279174805,16516800,0.0,0.0
2023-11-09 00:00:00-03:00,TOTS3.SA,28.855818792435066,29.56054997651437,28.75106292704966,29.503408432006836,4391300,0.0,0.0
2023-11-10 00:00:00-03:00,TOTS3.SA,29.23675325432246,30.417651184050293,29.046285084569323,30.28432273864746,4915800,0.0,0.0
2023-11-13 00:00:00-03:00,TOTS3.SA,30.189085221418026,31.493785963137686,30.189085221418026,31.141422271728516,10915900,0.0,0.0
2023-11-14 00:00:00-03:00,TOTS3.SA,31.35094313086344,32.04615257805454,30.90334705653428,31.07476806640625,8398300,0.0,0.0
2023-11-16 00:00:00-03:00,TOTS3.SA,31.074759044672906,31.960432794253293,30.66525382140982,31.836627960205078,9614700,0.0,0.0
2023-11-17 00:00:00-03:00,TOTS3.SA,32.04614675008544,32.36041612244473,30.89381603042687,30.97952651977539,8597000,0.0,0.0
2023-11-20 00:00:00-03:00,TOTS3.SA,31.084285184501613,31.45569610595703,30.56050045852915,31.45569610595703,5620700,0.0,0.0
2023-11-21 00:00:00-03:00,TOTS3.SA,31.255710932985544,31.41761016845703,30.474794611691244,31.41761016845703,7733200,0.0,0.0
2023-11-22 00:00:00-03:00,TOTS3.SA,31.398556058481056,32.331846001608845,31.30332016660405,31.817583084106445,6708200,0.0,0.0
2023-11-23 00:00:00-03:00,TOTS3.SA,31.817584016732297,31.817584016732297,31.32236826308971,31.427125930786133,2440500,0.0,0.0
2023-11-24 00:00:00-03:00,TOTS3.SA,31.427126661157207,31.427126661157207,30.646210471116266,30.7890625,3115800,0.0,0.0
2023-11-27 00:00:00-03:00,TOTS3.SA,31.01762257945389,31.636643217915392,30.674780603252326,31.51283836364746,3138300,0.0,0.0
2023-11-28 00:00:00-03:00,TOTS3.SA,31.5699777835012,32.46517339121656,31.4747418893541,31.96043586730957,2727600,0.0,0.0
2023-11-29 00:00:00-03:00,TOTS3.SA,31.91281959580043,32.35089749105719,31.789018369179317,31.88425064086914,3491300,0.0,0.0
2023-11-30 00:00:00-03:00,TOTS3.SA,31.86519946383931,32.0651893890348,31.427125256398377,31.72235107421875,6671700,0.0,0.0
2023-12-01 00:00:00-03:00,TOTS3.SA,31.789018479027675,32.31280324088826,31.427129306174884,32.22709274291992,4222700,0.0,0.0
2023-12-04 00:00:00-03:00,TOTS3.SA,32.169948322891344,32.64611690615677,32.09376323866543,32.531837463378906,3092800,0.0,0.0
2023-12-05 00:00:00-03:00,TOTS3.SA,32.656417945828316,33.212188386329295,32.52226293088632,32.79056930541992,3327900,0.21,0.0
2023-12-06 00:00:00-03:00,TOTS3.SA,32.953456963425005,33.17384894223306,32.867216306034955,32.99178695678711,1934100,0.0,0.0
2023-12-07 00:00:00-03:00,TOTS3.SA,33.221765461348944,33.25051478911205,32.80973075381106,33.15468978881836,1771000,0.0,0.0
2023-12-08 00:00:00-03:00,TOTS3.SA,33.29841759454698,33.4229882378229,32.56058171568059,32.92470932006836,3756400,0.0,0.0
2023-12-11 00:00:00-03:00,TOTS3.SA,32.598910988744045,33.12593556051245,32.263529057364835,32.33060836791992,3949200,0.0,0.0
2023-12-12 00:00:00-03:00,TOTS3.SA,32.54141833545404,32.67556965547987,31.084911500953417,31.190317153930664,8252900,0.0,0.0
2023-12-13 00:00:00-03:00,TOTS3.SA,31.142402645725646,32.71389560976183,30.998667017528906,32.53183364868164,5120500,0.0,0.0
2023-12-14 00:00:00-03:00,TOTS3.SA,32.867215955681885,33.106772928617396,32.071888706317644,32.761810302734375,4693900,0.0,0.0
2023-12-15 00:00:00-03:00,TOTS3.SA,32.76181188670614,33.29842084795147,32.00481459369603,32.503089904785156,3942100,0.0,0.0
2023-12-18 00:00:00-03:00,TOTS3.SA,32.47434034821182,32.65640597407024,32.10063208196421,32.33060836791992,3099500,0.0,0.0
2023-12-19 00:00:00-03:00,TOTS3.SA,32.23478980334733,33.010955810546875,32.23478980334733,33.010955810546875,2109300,0.0,0.0
2023-12-20 00:00:00-03:00,TOTS3.SA,32.780979967190284,32.780979967190284,31.190321586604302,31.679019927978516,5407400,0.0,0.0
2023-12-21 00:00:00-03:00,TOTS3.SA,31.95690155029297,32.30186420664744,31.746093881126072,31.95690155029297,3251200,0.0,0.0
2023-12-22 00:00:00-03:00,TOTS3.SA,32.186875366125186,32.24437035615618,31.410709449778814,31.477785110473633,2187000,0.0,0.0
2023-12-26 00:00:00-03:00,TOTS3.SA,31.69818718276527,32.12938690185547,31.52570583298915,32.12938690185547,1542500,0.0,0.0
2023-12-27 00:00:00-03:00,TOTS3.SA,31.95690039517323,32.560585021972656,31.813168397120656,32.560585021972656,1833100,0.0,0.0
2023-12-28 00:00:00-03:00,TOTS3.SA,32.579751577030336,32.83847357231342,31.861080586360547,32.28269958496094,2839400,0.0,0.0
2024-01-02 00:00:00-03:00,TOTS3.SA,31.746089732895516,31.99522736584715,31.14240516315807,31.621519088745117,2837100,0.0,0.0
2024-01-03 00:00:00-03:00,TOTS3.SA,31.60235591473886,31.832332220630832,31.46820459269745,31.58319091796875,3030700,0.0,0.0
2024-01-04 00:00:00-03:00,TOTS3.SA,31.564028787146995,31.564028787146995,30.57705512364199,30.759117126464844,3736300,0.0,0.0
2024-01-05 00:00:00-03:00,TOTS3.SA,30.577053441421484,31.12324307519071,30.462067112035726,30.931596755981445,2165900,0.0,0.0
2024-01-08 00:00:00-03:00,TOTS3.SA,30.931599005888593,31.353221669886928,30.605803163814663,31.132829666137695,2512800,0.0,0.0
2024-01-09 00:00:00-03:00,TOTS3.SA,30.78786503569177,31.6023573304883,30.739954369294832,31.171154022216797,2537000,0.0,0.0
2024-01-10 00:00:00-03:00,TOTS3.SA,31.25739265856833,31.334052644115925,30.92201436017086,31.084911346435547,1756900,0.0,0.0
2024-01-11 00:00:00-03:00,TOTS3.SA,31.017839552623688,31.429877887922604,30.797447549730038,31.075334548950195,3116600,0.0,0.0
2024-01-12 00:00:00-03:00,TOTS3.SA,30.90285353624184,31.583194550763523,30.682461531059452,31.381967544555664,2009100,0.0,0.0
2024-01-15 00:00:00-03:00,TOTS3.SA,31.37238263688972,31.37238263688972,30.759113718556875,31.084911346435547,1117000,0.0,0.0
2024-01-16 00:00:00-03:00,TOTS3.SA,30.73036980008614,31.037002449024083,30.414154652409543,30.87410545349121,3017200,0.0,0.0
2024-01-17 00:00:00-03:00,TOTS3.SA,30.749536718426608,31.09449938386831,30.58663788504301,30.92201805114746,2378400,0.0,0.0
2024-01-18 00:00:00-03:00,TOTS3.SA,30.969929715588826,30.998675386849662,30.097942352294922,30.097942352294922,2211200,0.0,0.0
2024-01-19 00:00:00-03:00,TOTS3.SA,30.059614475874284,30.500398497824637,29.695486796487092,30.39499282836914,3164000,0.0,0.0
2024-01-22 00:00:00-03:00,TOTS3.SA,30.375828282667772,30.404573952910052,28.986396953811806,29.139713287353516,4855100,0.0,0.0
2024-01-23 00:00:00-03:00,TOTS3.SA,29.149292583510537,29.66673469543457,28.976811270310975,29.66673469543457,3308700,0.0,0.0
2024-01-24 00:00:00-03:00,TOTS3.SA,30.00211672854774,30.35666187571122,29.570915245844606,29.618825912475586,3813800,0.0,0.0
2024-01-25 00:00:00-03:00,TOTS3.SA,29.60924530029297,29.887132301948764,29.35052329758065,29.60924530029297,1434500,0.0,0.0
2024-01-26 00:00:00-03:00,TOTS3.SA,29.829637264674506,30.03086609795844,29.36968825670393,29.59008026123047,1378000,0.0,0.0
2024-01-29 00:00:00-03:00,TOTS3.SA,29.523003336568106,30.270421813475775,29.427180173732538,30.11710548400879,2758800,0.0,0.0
2024-01-30 00:00:00-03:00,TOTS3.SA,29.95421020629133,30.23209540101296,29.676323183894663,29.877552032470703,1959800,0.0,0.0
2024-01-31 00:00:00-03:00,TOTS3.SA,30.011698030860135,30.8166096263577,29.820053544302198,30.203344345092773,3297400,0.0,0.0
2024-02-01 00:00:00-03:00,TOTS3.SA,30.184181789741082,30.68246078491211,29.858384125796558,30.68246078491211,2890300,0.0,0.0
2024-02-02 00:00:00-03:00,TOTS3.SA,30.787866073044416,30.979512400438946,30.040447589415546,30.35666275024414,2723000,0.0,0.0
2024-02-05 00:00:00-03:00,TOTS3.SA,30.260837835502993,30.624963643272658,30.184179674515974,30.462066650390625,2281100,0.0,0.0
2024-02-06 00:00:00-03:00,TOTS3.SA,30.46207092550601,31.199906970852346,30.327917754195326,30.998676300048828,1640900,0.0,0.0
2024-02-07 00:00:00-03:00,TOTS3.SA,30.73995284283062,31.65985075123045,30.66329285612262,31.477785110473633,3449600,0.0,0.0
2024-02-08 00:00:00-03:00,TOTS3.SA,28.74684103419997,29.67632156967613,28.10482817799584,28.401878356933594,18285400,0.0,0.0
2024-02-09 00:00:00-03:00,TOTS3.SA,28.334801878710273,29.55175188642041,28.028169208853363,29.3409423828125,6941000,0.0,0.0
2024-02-14 00:00:00-03:00,TOTS3.SA,29.01514399626318,29.33135915768852,28.612688170115035,28.73725700378418,6295600,0.0,0.0
2024-02-15 00:00:00-03:00,TOTS3.SA,29.024725289056057,29.494256762101163,28.6701801457456,29.360103607177734,4483100,0.0,0.0
2024-02-16 00:00:00-03:00,TOTS3.SA,29.494255114101957,29.705064591952944,29.05346933428216,29.551748275756836,4937200,0.0,0.0
2024-02-19 00:00:00-03:00,TOTS3.SA,29.340940753219122,29.637990907185504,29.063053769298318,29.58049774169922,2262100,0.0,0.0
2024-02-20 00:00:00-03:00,TOTS3.SA,29.225950851709506,29.791305457022123,29.03430454128417,29.752975463867188,6852300,0.0,0.0
2024-02-21 00:00:00-03:00,TOTS3.SA,29.657154136329186,29.867963615657324,29.360102172402442,29.752975463867188,3345100,0.0,0.0
2024-02-22 00:00:00-03:00,TOTS3.SA,30.021282713648134,30.567472372974084,29.714650050705483,30.452486038208008,5913300,0.0,0.0
2024-02-23 00:00:00-03:00,TOTS3.SA,30.653712764097065,31.0178385911705,30.155433777428307,30.212928771972656,3076400,0.0,0.0
2024-02-26 00:00:00-03:00,TOTS3.SA,30.21292684357188,30.64412830908326,30.155431852697262,30.203344345092773,2013400,0.0,0.0
2024-02-27 00:00:00-03:00,TOTS3.SA,30.394992389610977,30.529145556347334,29.8583852056903,29.954208374023438,3407100,0.0,0.0
2024-02-28 00:00:00-03:00,TOTS3.SA,29.705064591952944,29.858380908149048,29.29302630679791,29.551748275756836,2046000,0.0,0.0
2024-02-29 00:00:00-03:00,TOTS3.SA,29.446346282157183,29.973372783787806,29.16846110989821,29.408018112182617,7009900,0.0,0.0
2024-03-01 00:00:00-03:00,TOTS3.SA,29.542168024050753,30.002117007615606,29.542168024050753,29.858383178710938,4182000,0.0,0.0
2024-03-04 00:00:00-03:00,TOTS3.SA,29.858384680468102,30.059613513195476,29.475093841552734,29.475093841552734,3044600,0.0,0.0
2024-03-05 00:00:00-03:00,TOTS3.SA,29.455926588870877,29.78172423393929,29.082218277982008,29.168458938598633,2535500,0.0,0.0
2024-03-06 00:00:00-03:00,TOTS3.SA,29.312197353097623,30.040450919173498,29.08222283133814,29.896717071533203,4797100,0.0,0.0
2024-03-07 00:00:00-03:00,TOTS3.SA,29.781725759095913,29.925459591592812,28.296473110503218,28.823497772216797,6562300,0.0,0.0
2024-03-08 00:00:00-03:00,TOTS3.SA,28.545612628197734,29.10138478790477,28.526447629803563,28.871408462524414,2502200,0.0,0.0
2024-03-11 00:00:00-03:00,TOTS3.SA,28.5647739987235,29.00555979563624,28.5647739987235,28.94806480407715,3491100,0.0,0.0
2024-03-12 00:00:00-03:00,TOTS3.SA,29.063057772299118,30.136274032686313,28.8522482513637,29.90629768371582,3167500,0.0,0.0
2024-03-13 00:00:00-03:00,TOTS3.SA,29.906297744057525,30.232095440135552,29.69548822269676,29.896717071533203,2012500,0.0,0.0
2024-03-14 00:00:00-03:00,TOTS3.SA,29.791307343292566,30.165015661841608,29.51342035834856,29.705066680908203,5137100,0.0,0.0
2024-03-15 00:00:00-03:00,TOTS3.SA,29.944623649461448,29.96378864723905,29.67631916359935,29.695484161376953,4284200,0.0,0.0
2024-03-18 00:00:00-03:00,TOTS3.SA,29.685904538986147,29.72423453825545,28.74684148898787,28.81391716003418,3003400,0.0,0.0
2024-03-19 00:00:00-03:00,TOTS3.SA,28.995979143182222,29.110965478271993,28.38271381557052,28.842662811279297,3028400,0.0,0.0
2024-03-20 00:00:00-03:00,TOTS3.SA,29.02472723432331,29.398435572519357,28.794750904091256,29.388853073120117,2162900,0.0,0.0
2024-03-21 00:00:00-03:00,TOTS3.SA,29.388851528057142,30.03086433265473,29.350521532475298,29.705066680908203,1992800,0.0,0.0
2024-03-22 00:00:00-03:00,TOTS3.SA,29.35052101815346,29.599660502045303,28.813913883134354,29.2451171875,1850800,0.0,0.0
2024-03-25 00:00:00-03:00,TOTS3.SA,29.120546186530753,29.283445007618518,28.746837878960186,28.9768123626709,1668700,0.0,0.0
2024-03-26 00:00:00-03:00,TOTS3.SA,28.10482501083744,28.171900673263767,27.252002741117472,27.29991340637207,8248300,0.0,0.0
2024-03-27 00:00:00-03:00,TOTS3.SA,27.213673385609997,28.02816750778133,26.65790124830628,27.817358016967773,6564700,0.0,0.0
2024-03-28 00:00:00-03:00,TOTS3.SA,27.807774711250183,27.807774711250183,27.137014435355148,27.194507598876953,5946700,0.0,0.0
2024-04-01 00:00:00-03:00,TOTS3.SA,27.194511158994715,27.357410000027688,26.70581646357075,26.954954147338867,3829600,0.0,0.0
2024-04-02 00:00:00-03:00,TOTS3.SA,26.70581622926471,27.012448909065927,26.140461540503107,26.6866512298584,4202000,0.0,0.0
2024-04-03 00:00:00-03:00,TOTS3.SA,26.6674861907959,27.00286636920785,26.36085351145066,26.6674861907959,3825200,0.0,0.0
2024-04-04 00:00:00-03:00,TOTS3.SA,26.84954856918374,27.501143891189457,26.47583841234232,27.0699405670166,5065300,0.0,0.0
2024-04-05 00:00:00-03:00,TOTS3.SA,27.213674419647027,27.386155749445873,26.974117423298594,27.07952308654785,3660100,0.0,0.0
2024-04-08 00:00:00-03:00,TOTS3.SA,27.290330840701085,27.462812159473202,27.165762014740512,27.232837677001953,2003000,0.0,0.0
2024-04-09 00:00:00-03:00,TOTS3.SA,27.242421707524432,27.577801865366247,26.792053388143348,26.907041549682617,6333100,0.0,0.0
2024-04-10 00:00:00-03:00,TOTS3.SA,26.734561741465555,26.993283748884963,26.42792906349067,26.57166290283203,7363400,0.0,0.0
2024-04-11 00:00:00-03:00,TOTS3.SA,26.542911181292272,26.677062490408673,26.32251739501953,26.32251739501953,3275100,0.0,0.0
2024-04-12 00:00:00-03:00,TOTS3.SA,26.006305952829013,26.504584924985924,25.92006529119898,26.23628044128418,4225900,0.0,0.0
2024-04-15 00:00:00-03:00,TOTS3.SA,26.082965523043587,26.16920618932703,25.680509689612464,25.77633285522461,3627700,0.0,0.0
2024-04-16 00:00:00-03:00,TOTS3.SA,25.45053661090809,25.70925862421565,25.32596776802388,25.354713439941406,4768300,0.0,0.0
2024-04-17 00:00:00-03:00,TOTS3.SA,25.393042240062318,26.063802577473542,25.345131570679325,25.958396911621094,8115600,0.0,0.0
2024-04-18 00:00:00-03:00,TOTS3.SA,25.96797824276451,27.089105036032333,25.939230745823096,26.60040855407715,11995900,0.0,0.0
2024-04-19 00:00:00-03:00,TOTS3.SA,26.59082643039437,27.041192922784056,26.48542076779632,26.926206588745117,7691000,0.0,0.0
2024-04-22 00:00:00-03:00,TOTS3.SA,26.78247170160602,27.855685972813003,26.78247170160602,27.683204650878906,12355900,0.0,0.0
2024-04-23 00:00:00-03:00,TOTS3.SA,27.529887800529515,27.846102942143258,27.223255157470703,27.223255157470703,5279700,0.0,0.0
2024-04-24 00:00:00-03:00,TOTS3.SA,27.146598605957415,27.252004268635353,26.83038344559843,26.935789108276367,3860600,0.0,0.0
2024-04-25 00:00:00-03:00,TOTS3.SA,26.763307553205102,27.022029544314293,26.54291555826386,26.79205322265625,4076700,0.0,0.0
2024-04-26 00:00:00-03:00,TOTS3.SA,26.945371546087316,27.299914874456658,26.83996588364922,26.907041549682617,2841900,0.0,0.0
2024-04-29 00:00:00-03:00,TOTS3.SA,26.90704335916507,27.213676040324223,26.6770688482957,26.782474517822266,4342100,0.0,0.0
2024-04-30 00:00:00-03:00,TOTS3.SA,26.648319006119884,26.96453415922277,26.389598846435547,26.389598846435547,3192000,0.0,0.0
2024-05-02 00:00:00-03:00,TOTS3.SA,27.17534567817924,27.184928177152305,26.399179710434208,26.5908260345459,3272000,0.0,0.0
2024-05-03 00:00:00-03:00,TOTS3.SA,27.01244542876639,27.01244542876639,26.552494640649957,27.00286293029785,4097100,0.0,0.0
2024-05-06 00:00:00-03:00,TOTS3.SA,26.926208278974848,27.07952461910072,26.744144439697266,26.744144439697266,2588900,0.0,0.0
2024-05-07 00:00:00-03:00,TOTS3.SA,26.887876300617133,26.926206296664216,26.380016646716964,26.715394973754883,6334800,0.0,0.0
2024-05-08 00:00:00-03:00,TOTS3.SA,26.49500328891796,27.012447275547434,26.36085195653617,26.974117279052734,4184500,0.0,0.0
2024-05-09 00:00:00-03:00,TOTS3.SA,26.341689217378505,27.558639295329645,26.341689217378505,27.328664779663086,4440400,0.0,0.0
2024-05-10 00:00:00-03:00,TOTS3.SA,27.271167292010173,27.501143614370708,26.79205330449622,26.83038330078125,3007900,0.0,0.0
2024-05-13 00:00:00-03:00,TOTS3.SA,26.878294031963573,26.993282193415506,26.42792754059939,26.897459030151367,3023000,0.0,0.0
2024-05-14 00:00:00-03:00,TOTS3.SA,26.964533117115014,27.702369055064608,26.964533117115014,27.194507598876953,3440300,0.0,0.0
2024-05-15 00:00:00-03:00,TOTS3.SA,27.23284158835933,27.38615793202712,27.00286707285765,27.319082260131836,1912600,0.0,0.0
2024-05-16 00:00:00-03:00,TOTS3.SA,27.395735466380778,27.9898357334917,27.328659806643223,27.951507568359375,3217800,0.0,0.0
2024-05-17 00:00:00-03:00,TOTS3.SA,27.894017683761987,27.98025835003443,27.261587349547327,27.510725021362305,5003900,0.0,0.0
2024-05-20 00:00:00-03:00,TOTS3.SA,27.23283838323162,28.11440816940387,27.22325588442081,27.817358016967773,2796100,0.0,0.0
2024-05-21 00:00:00-03:00,TOTS3.SA,27.673622970665736,28.40187644721941,27.50114347130483,28.363548278808594,3838000,0.0,0.0
2024-05-22 00:00:00-03:00,TOTS3.SA,28.162321718079877,29.158879764300682,28.123993546588668,28.698930740356445,9890200,0.0,0.0
2024-05-23 00:00:00-03:00,TOTS3.SA,28.708509190406403,29.063054344551457,28.344383364886312,28.44020652770996,7772900,0.0,0.0
2024-05-24 00:00:00-03:00,TOTS3.SA,28.373128192979614,28.52644450800508,27.846101760864258,27.846101760864258,2549400,0.0,0.0
2024-05-27 00:00:00-03:00,TOTS3.SA,27.865270329633447,27.980258494481948,27.606548329480475,27.616130828857422,1486900,0.0,0.0
2024-05-28 00:00:00-03:00,TOTS3.SA,27.798192388108873,28.066496865694685,27.27116593153046,27.30949592590332,4031700,0.0,0.0
2024-05-29 00:00:00-03:00,TOTS3.SA,27.338243291382778,27.529887779309455,26.99328065437015,27.213672637939453,3519300,0.0,0.0
2024-05-31 00:00:00-03:00,TOTS3.SA,27.21367675898545,27.932347809809052,27.108272914350316,27.520309448242188,9199700,0.0,0.0
2024-06-03 00:00:00-03:00,TOTS3.SA,27.577800199336245,27.76944468675764,27.10826873779297,27.10826873779297,3917200,0.0,0.0
2024-06-04 00:00:00-03:00,TOTS3.SA,27.031610321008408,27.146598482285473,26.475838168131368,26.878293991088867,4987000,0.0,0.0
2024-06-05 00:00:00-03:00,TOTS3.SA,27.0316102982532,27.34782728458023,26.820800801709993,26.83038330078125,1954300,0.0,0.0
2024-06-06 00:00:00-03:00,TOTS3.SA,26.99328496553543,27.82694419557018,26.887879292352586,27.75028419494629,4751000,0.0,0.0
2024-06-07 00:00:00-03:00,TOTS3.SA,27.29033092871689,27.903598044959498,27.137014606574922,27.30949592590332,4416700,0.0,0.0
2024-06-10 00:00:00-03:00,TOTS3.SA,27.127437866991315,27.50114808076443,27.031614688391155,27.34783172607422,1683200,0.0,0.0
2024-06-11 00:00:00-03:00,TOTS3.SA,27.44364793838105,27.95150941049605,27.44364793838105,27.88443374633789,2469600,0.0,0.0
2024-06-12 00:00:00-03:00,TOTS3.SA,28.16232070578503,28.27730887147532,27.156182023613304,27.788612365722656,6787100,0.0,0.0
2024-06-13 00:00:00-03:00,TOTS3.SA,27.78861111114692,28.48811709013039,27.78861111114692,28.353965759277344,3269500,0.0,0.0
2024-06-14 00:00:00-03:00,TOTS3.SA,28.31563866406542,29.58050124843522,28.248562991767212,29.312196731567383,6030000,0.0,0.0
2024-06-17 00:00:00-03:00,TOTS3.SA,29.216369562658798,29.628407867754888,28.766003090496078,29.149293899536133,4634800,0.0,0.0
2024-06-18 00:00:00-03:00,TOTS3.SA,29.13971255346358,29.13971255346358,28.056915746636367,28.497699737548828,7423000,0.0,0.0
2024-06-19 00:00:00-03:00,TOTS3.SA,28.603107013866563,28.61268951347175,27.779030324569543,28.200651168823242,2882800,0.0,0.0
2024-06-20 00:00:00-03:00,TOTS3.SA,28.449790715686525,28.660600224273445,28.210233708243468,28.25814437866211,3452900,0.0,0.0
2024-06-21 00:00:00-03:00,TOTS3.SA,28.114409016158834,28.64143367290314,27.94192768771893,28.583940505981445,4794900,0.0,0.0
2024-06-24 00:00:00-03:00,TOTS3.SA,28.66059721515241,28.93848419189453,28.286888907633436,28.93848419189453,2473200,0.0,0.0
2024-06-25 00:00:00-03:00,TOTS3.SA,28.938488064372322,29.06305690765657,28.574360379064572,29.005563735961914,1978900,0.0,0.0
2024-06-26 00:00:00-03:00,TOTS3.SA,28.880993045444253,28.995981216430664,28.37313334508128,28.995981216430664,3690200,0.0,0.0
2024-06-27 00:00:00-03:00,TOTS3.SA,28.852246099221407,29.609245280226965,28.852246099221407,29.59966278076172,2342200,0.0,0.0
2024-06-28 00:00:00-03:00,TOTS3.SA,29.60924289155208,29.637990387628662,28.90973693609455,29.158876419067383,4083100,0.0,0.0
2024-07-01 00:00:00-03:00,TOTS3.SA,29.024724436798497,29.063052603026357,28.53602798058904,28.64143180847168,1658800,0.0,0.0
2024-07-02 00:00:00-03:00,TOTS3.SA,28.526444802645095,28.689343617501514,28.047330856323242,28.047330856323242,3458500,0.0,0.0
2024-07-03 00:00:00-03:00,TOTS3.SA,28.306057035418032,28.746841054299995,28.296474535745606,28.411460876464844,1876500,0.0,0.0
2024-07-04 00:00:00-03:00,TOTS3.SA,28.651019847410467,28.67976734839651,28.200653298012806,28.430627822875977,1368800,0.0,0.0
2024-07-05 00:00:00-03:00,TOTS3.SA,28.55519457625756,28.967232921777857,28.26772689819336,28.26772689819336,2245000,0.0,0.0
2024-07-08 00:00:00-03:00,TOTS3.SA,28.26772729073371,28.651018142700195,27.9227646101264,28.651018142700195,1732600,0.0,0.0
2024-07-09 00:00:00-03:00,TOTS3.SA,28.60310747158249,28.84266448252091,28.123993449705647,28.651018142700195,2882600,0.0,0.0
2024-07-10 00:00:00-03:00,TOTS3.SA,28.689346561666632,28.919321060180664,28.33480140082739,28.919321060180664,1634600,0.0,0.0
2024-07-11 00:00:00-03:00,TOTS3.SA,28.890573187107666,29.197205847808902,28.593523025512695,28.593523025512695,2730400,0.0,0.0
2024-07-12 00:00:00-03:00,TOTS3.SA,28.516866203263692,28.679765040391867,27.941929023536318,28.056917190551758,2347500,0.0,0.0
2024-07-15 00:00:00-03:00,TOTS3.SA,28.162319475066113,28.536029626471905,27.894016812971998,28.373130798339844,1864200,0.0,0.0
2024-07-16 00:00:00-03:00,TOTS3.SA,28.36355298942503,28.478539341429226,27.280754179947383,27.366994857788086,4190800,0.0,0.0
2024-07-17 00:00:00-03:00,TOTS3.SA,27.36699146828855,27.85568797296735,27.299915799981147,27.72153663635254,2400200,0.0,0.0
2024-07-18 00:00:00-03:00,TOTS3.SA,27.62571449217942,27.62571449217942,26.782474615903674,26.868715286254883,3160900,0.0,0.0
2024-07-19 00:00:00-03:00,TOTS3.SA,27.0220277532928,27.366988557566216,26.71539328729743,26.887874603271484,2758600,0.0,0.0
2024-07-22 00:00:00-03:00,TOTS3.SA,26.926208901023756,27.529891775756298,26.811220729435423,27.319082260131836,1309700,0.0,0.0
2024-07-23 00:00:00-03:00,TOTS3.SA,27.3957399991766,27.424487498538287,26.859132804816493,26.954954147338867,1864800,0.0,0.0
2024-07-24 00:00:00-03:00,TOTS3.SA,26.839967529846326,27.04119454028854,26.65790369110699,26.6674861907959,1803900,0.0,0.0
2024-07-25 00:00:00-03:00,TOTS3.SA,26.380014446475258,26.772887734815956,26.04463431973512,26.42792510986328,3783800,0.0,0.0
2024-07-26 00:00:00-03:00,TOTS3.SA,26.427929452765987,26.954954147338867,26.197954940897368,26.954954147338867,2362600,0.0,0.0
2024-07-29 00:00:00-03:00,TOTS3.SA,26.74414422119537,26.87829556079075,26.303360203853455,26.523752212524414,2076500,0.0,0.0
2024-07-30 00:00:00-03:00,TOTS3.SA,26.36084940182941,27.108267811968094,26.265026247553987,26.370431900024414,1749700,0.0,0.0
2024-07-31 00:00:00-03:00,TOTS3.SA,26.399179710434208,26.667484198655615,26.236280883241708,26.5908260345459,2363000,0.0,0.0
2024-08-01 00:00:00-03:00,TOTS3.SA,26.81121791858676,26.89745858131792,26.293775769874596,26.466257095336914,1680600,0.0,0.0
2024-08-02 00:00:00-03:00,TOTS3.SA,26.485420265530113,26.60999092399725,26.150041941214262,26.466257095336914,2177400,0.0,0.0
2024-08-05 00:00:00-03:00,TOTS3.SA,25.661346599969093,26.590827105700907,25.517610937257835,25.852991104125977,4390600,0.0,0.0
2024-08-06 00:00:00-03:00,TOTS3.SA,25.891321404610117,26.159624079105107,25.584688732230187,26.111713409423828,3683200,0.0,0.0
2024-08-07 00:00:00-03:00,TOTS3.SA,26.469272581009314,26.604567673177545,26.082719124597812,26.5079288482666,2505100,0.23,0.0
2024-08-08 00:00:00-03:00,TOTS3.SA,26.681880305010758,27.773894129198542,26.488602641131948,27.590280532836914,4802000,0.0,0.0
2024-08-09 00:00:00-03:00,TOTS3.SA,27.590282097645165,28.672633758934747,27.445324763130873,28.62431526184082,4163900,0.0,0.0
2024-08-12 00:00:00-03:00,TOTS3.SA,28.933556310513836,29.455403051731743,28.508346557617188,28.508346557617188,5761100,0.0,0.0
2024-08-13 00:00:00-03:00,TOTS3.SA,28.479354254738784,28.624313423174222,28.063810414018704,28.30540657043457,2589500,0.0,0.0
2024-08-14 00:00:00-03:00,TOTS3.SA,28.286080152186145,28.827255059295727,28.21843351920151,28.6629695892334,2942100,0.0,0.0
2024-08-15 00:00:00-03:00,TOTS3.SA,28.662968636061336,28.662968636061336,27.986498642245635,28.121793746948242,3157000,0.0,0.0
2024-08-16 00:00:00-03:00,TOTS3.SA,28.315069823621283,28.991539823461707,28.121793997404346,28.52767562866211,2543000,0.0,0.0
2024-08-19 00:00:00-03:00,TOTS3.SA,28.769273978563874,28.99154202504674,28.431038952958474,28.8949031829834,3073400,0.0,0.0
2024-08-20 00:00:00-03:00,TOTS3.SA,28.537339808062562,29.04952250061134,28.48901946889501,29.010868072509766,2202900,0.0,0.0
2024-08-21 00:00:00-03:00,TOTS3.SA,29.136496932624055,30.151201924677423,29.0108677386989,30.006242752075195,2896600,0.0,0.0
2024-08-22 00:00:00-03:00,TOTS3.SA,30.15120276001846,30.334814522132017,29.45540461059446,29.54237937927246,1892300,0.0,0.0
2024-08-23 00:00:00-03:00,TOTS3.SA,29.619689050600396,30.69237659819543,29.610024982946193,30.4024600982666,2029300,0.0,0.0
2024-08-26 00:00:00-03:00,TOTS3.SA,30.402460858875287,30.537755966186523,29.938596659263133,30.537755966186523,1733200,0.0,0.0
2024-08-27 00:00:00-03:00,TOTS3.SA,30.52809086477549,30.615065629662336,30.26716657011495,30.315486907958984,1991400,0.0,0.0
2024-08-28 00:00:00-03:00,TOTS3.SA,30.2671670933403,30.2671670933403,29.387757204933177,29.72599220275879,2155300,0.0,0.0
2024-08-29 00:00:00-03:00,TOTS3.SA,29.629352839862104,29.851620864123106,29.378092612910894,29.4747314453125,1407000,0.0,0.0
2024-08-30 00:00:00-03:00,TOTS3.SA,29.2041453880495,29.2331375930278,28.82725593949447,28.962549209594727,6487600,0.0,0.0
2024-09-02 00:00:00-03:00,TOTS3.SA,28.894900452810624,28.962547082893504,28.23775860074993,28.27641487121582,1537600,0.0,0.0
2024-09-03 00:00:00-03:00,TOTS3.SA,28.276415202537144,28.914228926838305,28.276415202537144,28.36338996887207,2904400,0.0,0.0
2024-09-04 00:00:00-03:00,TOTS3.SA,28.68229860106812,29.2234735247017,28.498684989337374,28.962549209594727,3006500,0.0,0.0
2024-09-05 00:00:00-03:00,TOTS3.SA,28.604984953260473,29.001202497683362,28.498682055848157,28.778934478759766,1195000,0.0,0.0
2024-09-06 00:00:00-03:00,TOTS3.SA,28.691959443016188,28.904563392585597,28.315068193609587,28.3730525970459,1160500,0.0,0.0
2024-09-09 00:00:00-03:00,TOTS3.SA,28.315066951710914,28.556663092402076,28.092798944650795,28.228092193603516,1084500,0.0,0.0
2024-09-10 00:00:00-03:00,TOTS3.SA,28.112127382693696,28.58565560238809,28.112127382693696,28.353723526000977,1345000,0.0,0.0
2024-09-11 00:00:00-03:00,TOTS3.SA,28.305406839379902,28.653304054526284,28.266750569234517,28.392379760742188,1560100,0.0,0.0
2024-09-12 00:00:00-03:00,TOTS3.SA,28.160446804244135,28.604984681094077,28.054145751075605,28.3730525970459,1125500,0.0,0.0
2024-09-13 00:00:00-03:00,TOTS3.SA,28.682294993296974,29.63901551844993,28.527673605993407,29.16548728942871,3535800,0.0,0.0
2024-09-16 00:00:00-03:00,TOTS3.SA,29.20414348812159,29.542378484600306,28.86591033487532,29.242799758911133,3225800,0.0,0.0
2024-09-17 00:00:00-03:00,TOTS3.SA,29.233134215379238,29.233134215379238,28.798260407113712,28.972209930419922,4572300,0.0,0.0
2024-09-18 00:00:00-03:00,TOTS3.SA,28.778931318789674,29.088174066507595,28.546999258001232,28.63397216796875,2546400,0.0,0.0
2024-09-19 00:00:00-03:00,TOTS3.SA,28.894901984582415,29.049523388177878,28.58565917739148,28.78860092163086,2592800,0.0,0.0
2024-09-20 00:00:00-03:00,TOTS3.SA,28.788598472281706,29.03019462524856,27.976835250854492,27.976835250854492,4337200,0.0,0.0
2024-09-23 00:00:00-03:00,TOTS3.SA,27.967172230898846,28.112129559461035,27.493643974538397,27.638601303100586,2520000,0.0,0.0
2024-09-24 00:00:00-03:00,TOTS3.SA,27.98649831131513,28.431036204540145,27.58061853170403,28.034818649291992,3553700,0.0,0.0
2024-09-25 00:00:00-03:00,TOTS3.SA,28.034818285905168,28.25708630802043,27.667591094970703,27.667591094970703,3803600,0.0,0.0
2024-09-26 00:00:00-03:00,TOTS3.SA,27.66759058667238,28.03481777086029,27.097425362270123,27.136079788208008,3077100,0.0,0.0
2024-09-27 00:00:00-03:00,TOTS3.SA,27.087760997255224,27.580617364364716,27.087760997255224,27.329357147216797,3545100,0.0,0.0
2024-09-30 00:00:00-03:00,TOTS3.SA,27.25204784800368,27.928515996585404,27.039442045485405,27.599945068359375,3239500,0.0,0.0
2024-10-01 00:00:00-03:00,TOTS3.SA,27.996163435369798,28.31507030512162,27.696584701538086,27.696584701538086,2955100,0.0,0.0
2024-10-02 00:00:00-03:00,TOTS3.SA,28.24742189939234,28.575992816478063,28.073472373496088,28.46002769470215,2750100,0.0,0.0
2024-10-03 00:00:00-03:00,TOTS3.SA,28.092802267577124,28.247423668450107,27.05877095802687,27.17473793029785,3851100,0.0,0.0
2024-10-04 00:00:00-03:00,TOTS3.SA,26.875157062989057,27.252048336374436,26.797846363387627,27.04910659790039,2085300,0.0,0.0
2024-10-07 00:00:00-03:00,TOTS3.SA,27.310031843952075,27.329359980328423,26.788183221185854,27.068435668945312,2017100,0.0,0.0
2024-10-08 00:00:00-03:00,TOTS3.SA,27.570954176825804,27.686919300297095,27.32935801915614,27.348684310913086,2360700,0.0,0.0
2024-10-09 00:00:00-03:00,TOTS3.SA,26.962130097784126,27.454986467283106,26.94280196331773,27.252046585083008,2697700,0.0,0.0
2024-10-10 00:00:00-03:00,TOTS3.SA,27.20372460012446,27.638598383099307,27.08775948681933,27.097423553466797,3726000,0.0,0.0
2024-10-11 00:00:00-03:00,TOTS3.SA,27.068435201444117,27.319695440299515,26.58524285977585,27.05877113342285,3966600,0.0,0.0
2024-10-14 00:00:00-03:00,TOTS3.SA,27.05876833183305,27.889859663287975,26.826836253033786,27.319692611694336,4748000,0.0,0.0
2024-10-15 00:00:00-03:00,TOTS3.SA,27.310031093684756,27.551627262054335,27.16507376130951,27.21339225769043,4666100,0.0,0.0
2024-10-16 00:00:00-03:00,TOTS3.SA,26.894484681720268,27.744902360988892,26.604570024595894,27.638601303100586,4151900,0.0,0.0
2024-10-17 00:00:00-03:00,TOTS3.SA,27.078097262132538,27.677254689174703,26.9911224996212,27.416332244873047,2651400,0.0,0.0
2024-10-18 00:00:00-03:00,TOTS3.SA,27.677254891954938,27.76422965510351,27.464650939387532,27.580617904663086,4198200,0.0,0.0
2024-10-21 00:00:00-03:00,TOTS3.SA,27.53229942136451,28.05414803538878,27.435660584334183,27.860870361328125,2215800,0.0,0.0
2024-10-22 00:00:00-03:00,TOTS3.SA,27.73524019615074,28.0541470569658,27.63860136249081,27.880197525024414,3580100,0.0,0.0
2024-10-23 00:00:00-03:00,TOTS3.SA,27.686921100814263,27.918853206072107,27.50330749293961,27.706249237060547,2179900,0.0,0.0
2024-10-24 00:00:00-03:00,TOTS3.SA,27.783558061379587,27.783558061379587,27.19406284832986,27.667591094970703,3450400,0.0,0.0
2024-10-25 00:00:00-03:00,TOTS3.SA,27.493643076070956,27.947843182251614,27.493643076070956,27.899524688720703,2473700,0.0,0.0
2024-10-28 00:00:00-03:00,TOTS3.SA,28.112127977610072,28.49868144643561,28.073471709111352,28.28607749938965,1956500,0.0,0.0
2024-10-29 00:00:00-03:00,TOTS3.SA,28.218433380126953,28.324734441479258,28.073474203608587,28.218433380126953,3112600,0.0,0.0
2024-10-30 00:00:00-03:00,TOTS3.SA,28.170111568795587,28.672632018288684,28.05414644551712,28.508346557617188,1327200,0.0,0.0
2024-10-31 00:00:00-03:00,TOTS3.SA,28.450364388876743,29.05918590257751,28.392379983204346,28.836917877197266,8135700,0.0,0.0
2024-11-01 00:00:00-03:00,TOTS3.SA,28.943218550831748,30.895313977465978,28.566327315888547,29.909603118896484,11641100,0.0,0.0
2024-11-04 00:00:00-03:00,TOTS3.SA,30.276831839765602,32.412542933223314,29.94826090231057,32.06464385986328,6920600,0.0,0.0
2024-11-05 00:00:00-03:00,TOTS3.SA,32.06464360186314,33.359599205358734,31.117587068928295,33.26295852661133,6858600,0.0,0.0
2024-11-06 00:00:00-03:00,TOTS3.SA,32.67346299996622,33.958752535973495,31.397835687425598,32.85707473754883,11040200,0.0,0.0
2024-11-07 00:00:00-03:00,TOTS3.SA,32.27724670675026,33.398252681127325,30.08355140686035,30.08355140686035,11588100,0.0,0.0
2024-11-08 00:00:00-03:00,TOTS3.SA,29.136497754166477,30.31548824427746,29.11716961817687,29.8226318359375,5849600,0.0,0.0
2024-11-11 00:00:00-03:00,TOTS3.SA,29.57136820464499,29.851618771407324,28.856243844178,28.99153709411621,4264500,0.0,0.0
2024-11-12 00:00:00-03:00,TOTS3.SA,28.827252608742196,29.358763402637972,28.70162342148346,28.972209930419922,2932900,0.0,0.0
2024-11-13 00:00:00-03:00,TOTS3.SA,29.088176445970685,29.223469698356457,28.556663817023708,28.682294845581055,4289100,0.0,0.0
2024-11-14 00:00:00-03:00,TOTS3.SA,28.7209487510075,29.629350762728183,28.711284684121587,28.99153709411621,4423600,0.0,0.0
2024-11-18 00:00:00-03:00,TOTS3.SA,28.798259233878824,29.2234689576119,28.624311560891552,28.827251434326172,2265000,0.0,0.0
2024-11-19 00:00:00-03:00,TOTS3.SA,29.02053050420167,29.919266643258887,28.70162365660527,29.416748046875,2538000,0.0,0.0
2024-11-21 00:00:00-03:00,TOTS3.SA,29.088177969068038,29.455403320443125,28.672632279859116,28.914228439331055,3132600,0.0,0.0
2024-11-22 00:00:00-03:00,TOTS3.SA,29.242796615620918,29.242796615620918,28.276412068547785,28.81758689880371,3637000,0.0,0.0
2024-11-25 00:00:00-03:00,TOTS3.SA,28.71128744369731,29.426413716130707,28.633976744411598,28.769271850585938,5430800,0.0,0.0
2024-11-26 00:00:00-03:00,TOTS3.SA,29.252463690709934,29.696999743329815,28.691960669492627,29.320110321044922,3232400,0.0,0.0
2024-11-27 00:00:00-03:00,TOTS3.SA,29.059185787831105,29.281453812333677,27.793222427368164,27.793222427368164,4476100,0.0,0.0
2024-11-28 00:00:00-03:00,TOTS3.SA,27.609609478051514,27.735240516229,26.604570388793945,26.604570388793945,2354000,0.0,0.0
2024-11-29 00:00:00-03:00,TOTS3.SA,26.846167101061425,26.884821529819543,25.947429052837066,26.536922454833984,6647400,0.0,0.0
2024-12-02 00:00:00-03:00,TOTS3.SA,26.353308383199543,26.63355895764278,25.957090846179298,25.966754913330078,2981900,0.0,0.0
2024-12-03 00:00:00-03:00,TOTS3.SA,25.98608477599596,27.010453915982488,25.831463366796594,26.08272361755371,6328600,0.0,0.0
2024-12-04 00:00:00-03:00,TOTS3.SA,26.297073829680226,26.881670141764303,25.829397523365145,26.41399383544922,4347600,0.22,0.0
2024-12-05 00:00:00-03:00,TOTS3.SA,26.83295314080772,27.80727965674037,26.71603314120845,27.339601516723633,4182600,0.0,0.0
2024-12-06 00:00:00-03:00,TOTS3.SA,27.076535156616256,27.495494003413203,26.59911352161393,26.647830963134766,3292800,0.0,0.0
2024-12-09 00:00:00-03:00,TOTS3.SA,26.608858302810376,27.2616571838653,26.608858302810376,26.99858856201172,2232100,0.0,0.0
2024-12-10 00:00:00-03:00,TOTS3.SA,27.378575951042297,28.294443412477925,27.242168972713344,28.16777992248535,3021100,0.0,0.0
2024-12-11 00:00:00-03:00,TOTS3.SA,28.33341449500588,30.535392604074477,28.265211937468674,30.24309539794922,6263800,0.0,0.0
2024-12-12 00:00:00-03:00,TOTS3.SA,29.71696078654779,30.389246649278522,29.239540983802353,29.5220947265625,5101500,0.0,0.0
2024-12-13 00:00:00-03:00,TOTS3.SA,29.668245026651718,29.931311790193593,28.421106338500977,28.421106338500977,2267000,0.0,0.0
2024-12-16 00:00:00-03:00,TOTS3.SA,28.421104041456324,28.606226596556084,27.134993360511267,27.173965454101562,3296200,0.0,0.0
2024-12-17 00:00:00-03:00,TOTS3.SA,27.173966737934684,27.66113001030142,26.852439052507858,27.378576278686523,6066800,0.0,0.0
2024-12-18 00:00:00-03:00,TOTS3.SA,27.19345322487444,27.427291368391572,25.87811204150773,25.887855529785156,5289500,0.0,0.0
2024-12-19 00:00:00-03:00,TOTS3.SA,25.917087977551322,26.959617144055795,25.780680989611124,26.74526596069336,2249300,0.0,0.0
2024-12-20 00:00:00-03:00,TOTS3.SA,26.64782839317174,27.31037066691539,26.55039537790705,26.803720474243164,5628600,0.0,0.0
2024-12-23 00:00:00-03:00,TOTS3.SA,26.326301563041554,27.086275017323032,26.2580990077476,26.940126419067383,2465300,0.0,0.0
2024-12-26 00:00:00-03:00,TOTS3.SA,27.242170007395995,27.398063968318706,26.33604785826178,26.608858108520508,2207000,0.0,0.0
2024-12-27 00:00:00-03:00,TOTS3.SA,26.71603296286752,27.018073660443893,26.16066714983407,26.33604621887207,3420500,0.0,0.0
2024-12-30 00:00:00-03:00,TOTS3.SA,26.21913026078418,26.452968436079104,25.936576495862216,26.0632381439209,2366700,0.0,0.0
2025-01-02 00:00:00-03:00,TOTS3.SA,25.858626034883905,26.18015370347048,25.22531232727311,25.70273208618164,2559800,0.0,0.0
2025-01-03 00:00:00-03:00,TOTS3.SA,25.692991473284113,25.780679151477226,25.225313325432037,25.468894958496094,2210400,0.0,0.0
2025-01-06 00:00:00-03:00,TOTS3.SA,25.780677634863245,26.784234573067305,25.692989961828584,26.667316436767578,3904900,0.0,0.0
2025-01-07 00:00:00-03:00,TOTS3.SA,27.05704915768947,27.05704915768947,26.248358183026024,26.316560745239258,2913100,0.0,0.0
2025-01-08 00:00:00-03:00,TOTS3.SA,26.28732902720489,26.28732902720489,25.44940948486328,25.44940948486328,2742600,0.0,0.0
2025-01-09 00:00:00-03:00,TOTS3.SA,25.556584028600046,26.09246472658808,25.293515423681214,25.965801239013672,1872500,0.0,0.0
2025-01-10 00:00:00-03:00,TOTS3.SA,25.91708491742429,26.287328164676225,25.42992167408316,26.024259567260742,3484900,0.0,0.0
2025-01-13 00:00:00-03:00,TOTS3.SA,26.141179970102517,26.141179970102517,25.71247578894527,26.043746948242188,3734600,0.0,0.0
2025-01-14 00:00:00-03:00,TOTS3.SA,26.0437500178542,27.115509667878683,25.87811441868332,26.862184524536133,3678600,0.0,0.0
2025-01-15 00:00:00-03:00,TOTS3.SA,27.212938836246877,28.460075539106906,26.969357216671995,28.04111671447754,4474300,0.0,0.0
2025-01-16 00:00:00-03:00,TOTS3.SA,28.03137458866611,28.167779707573956,27.59292690877609,27.77804946899414,3148300,0.0,0.0
2025-01-17 00:00:00-03:00,TOTS3.SA,27.97291621433746,27.97291621433746,27.17396868767224,27.476011276245117,2515800,0.0,0.0
2025-01-20 00:00:00-03:00,TOTS3.SA,27.7293308628709,27.963170854576347,27.40780319725127,27.719589233398438,1450300,0.0,0.0
2025-01-21 00:00:00-03:00,TOTS3.SA,27.534466994627913,28.411360469181858,27.534466994627913,28.304183959960938,3209100,0.0,0.0
2025-01-22 00:00:00-03:00,TOTS3.SA,28.684173866909163,28.976471085648335,28.197010596756943,28.557510375976562,2337900,0.0,0.0
2025-01-23 00:00:00-03:00,TOTS3.SA,28.352904182792223,29.005703073397125,28.33341720495196,28.489309310913086,3249300,0.0,0.0
2025-01-24 00:00:00-03:00,TOTS3.SA,28.45033418819722,29.414917188150373,28.245724659393662,29.142105102539062,2924600,0.0,0.0
2025-01-27 00:00:00-03:00,TOTS3.SA,28.732888621284058,30.798461644800305,28.732888621284058,30.408729553222656,3451300,0.0,0.0
2025-01-28 00:00:00-03:00,TOTS3.SA,29.9995174407959,30.447706792762705,29.648759263861496,29.9995174407959,3328100,0.0,0.0
2025-01-29 00:00:00-03:00,TOTS3.SA,30.2528381996987,30.535393787163628,29.668243764798163,30.350271224975586,3357600,0.0,0.0
2025-01-30 00:00:00-03:00,TOTS3.SA,30.545139174130234,32.44507492241247,30.38924706734955,31.772790908813477,6354200,0.0,0.0
2025-01-31 00:00:00-03:00,TOTS3.SA,31.772791608975687,33.575294365645796,31.772791608975687,33.18556594848633,7035300,0.0,0.0
2025-02-03 00:00:00-03:00,TOTS3.SA,32.873776895910105,33.98450848252689,32.67891085759335,33.37068176269531,6944300,0.0,0.0
2025-02-04 00:00:00-03:00,TOTS3.SA,33.12710201550953,33.41939923111776,32.13328850903295,32.61071014404297,21121700,0.0,0.0
2025-02-05 00:00:00-03:00,TOTS3.SA,32.61071254563894,32.63994115432406,30.915382623442483,31.353830337524414,6988600,0.0,0.0
2025-02-06 00:00:00-03:00,TOTS3.SA,31.27588039340183,31.879965523228652,31.06152922398814,31.821504592895508,3871800,0.0,0.0
2025-02-07 00:00:00-03:00,TOTS3.SA,31.71432820433053,33.09787382692969,31.71432820433053,32.67891311645508,4072200,0.0,0.0
2025-02-10 00:00:00-03:00,TOTS3.SA,32.990695558470776,33.41939787619795,32.62045045143877,33.01992416381836,4585200,0.0,0.0
2025-02-11 00:00:00-03:00,TOTS3.SA,33.11736026830391,33.82861818657736,32.844546313509724,33.12710189819336,2740500,0.0,0.0
2025-02-12 00:00:00-03:00,TOTS3.SA,32.49378568711756,33.12709936761436,31.772786194031802,32.20148849487305,6265100,0.0,0.0
2025-02-13 00:00:00-03:00,TOTS3.SA,32.561993686844026,33.61426821501144,32.25995481494348,33.088130950927734,5373800,0.0,0.0
2025-02-14 00:00:00-03:00,TOTS3.SA,33.12709838835701,33.70195112670774,32.44506914877407,33.51683044433594,5353600,0.0,0.0
2025-02-17 00:00:00-03:00,TOTS3.SA,33.45837444643062,33.9065637750536,33.33171095207686,33.62400817871094,1689500,0.0,0.0
2025-02-18 00:00:00-03:00,TOTS3.SA,33.6434939175365,33.731183453974694,32.98095157928362,33.41939926147461,2965500,0.0,0.0
2025-02-19 00:00:00-03:00,TOTS3.SA,32.5522498928497,33.63375295823144,32.43533174752111,33.16607666015625,2325400,0.0,0.0
2025-02-20 00:00:00-03:00,TOTS3.SA,32.8640327815346,34.39372510699976,32.67891208241357,34.189117431640625,2838900,0.0,0.0
2025-02-21 00:00:00-03:00,TOTS3.SA,34.159889221191406,34.29629433967689,33.72144154265897,34.159889221191406,3310600,0.0,0.0
2025-02-24 00:00:00-03:00,TOTS3.SA,34.10142827236115,34.26706199706747,33.26350686870142,33.448631286621094,3926400,0.0,0.0
2025-02-25 00:00:00-03:00,TOTS3.SA,33.77015209409315,35.01728866787869,33.507083526167726,34.56909942626953,5076700,0.0,0.0
2025-02-26 00:00:00-03:00,TOTS3.SA,34.812688533029366,35.31933880465225,34.28655128364088,34.8906364440918,3356100,0.0,0.0
2025-02-27 00:00:00-03:00,TOTS3.SA,34.919865052359725,35.67009697091124,34.812688533029366,34.8906364440918,4905800,0.0,0.0
2025-02-28 00:00:00-03:00,TOTS3.SA,33.94553988361008,34.84191859773192,33.18556630278843,34.06245803833008,8288500,0.0,0.0
2025-03-05 00:00:00-03:00,TOTS3.SA,33.614265571302575,33.984510696549066,32.795831130461295,33.80913162231445,4735600,0.0,0.0
2025-03-06 00:00:00-03:00,TOTS3.SA,34.28655229963447,34.47167673551294,33.750673403864276,33.89682388305664,3452700,0.0,0.0
2025-03-07 00:00:00-03:00,TOTS3.SA,33.312224933670656,33.60452588547991,32.737372094146,33.244022369384766,5957100,0.0,0.0
2025-03-10 00:00:00-03:00,TOTS3.SA,33.25377012740855,33.877338598519245,32.951727523131254,33.36094665527344,5519500,0.0,0.0
2025-03-11 00:00:00-03:00,TOTS3.SA,33.23427812518107,33.25376510155325,32.45481765409758,32.63993835449219,9750500,0.0,0.0
2025-03-12 00:00:00-03:00,TOTS3.SA,32.76660168935237,32.76660168935237,32.21123587400409,32.34764099121094,5021200,0.0,0.0
2025-03-13 00:00:00-03:00,TOTS3.SA,32.35738262097113,32.484046108417786,31.665611688415993,32.34764099121094,3149100,0.0,0.0
2025-03-14 00:00:00-03:00,TOTS3.SA,32.63993875057557,32.893262012966495,32.20149106878285,32.61071014404297,6791700,0.0,0.0
2025-03-17 00:00:00-03:00,TOTS3.SA,32.893265568994266,32.971213483855664,31.840994735693517,32.834808349609375,2679500,0.0,0.0
2025-03-18 00:00:00-03:00,TOTS3.SA,32.70814188227626,34.07220053464827,32.58147839048552,33.77989959716797,5600100,0.0,0.0
2025-03-19 00:00:00-03:00,TOTS3.SA,34.101427878512744,34.76397020320756,33.62400625283887,34.0916862487793,3059300,0.0,0.0
2025-03-20 00:00:00-03:00,TOTS3.SA,33.97476534978004,34.16963140079193,33.49734742739975,33.80913162231445,2715800,0.0,0.0
2025-03-21 00:00:00-03:00,TOTS3.SA,33.9260457580295,33.9260457580295,33.44862789205368,33.51683044433594,3603900,0.0,0.0
2025-03-24 00:00:00-03:00,TOTS3.SA,33.04915534284945,33.282995354122086,32.45481925952159,32.71788787841797,3311400,0.0,0.0
2025-03-25 00:00:00-03:00,TOTS3.SA,32.94291412041951,33.29514072674729,32.48306603533255,33.01140594482422,2215000,0.14,0.0
2025-03-26 00:00:00-03:00,TOTS3.SA,33.16795717239186,33.16795717239186,32.13084571016512,32.395015716552734,3550500,0.0,0.0
2025-03-27 00:00:00-03:00,TOTS3.SA,32.678752741602814,32.68853515664137,32.17976373123851,32.4047966003418,2170400,0.0,0.0
2025-03-28 00:00:00-03:00,TOTS3.SA,32.21889725036861,32.942915316488566,31.886239191461243,32.678749084472656,2052500,0.0,0.0
2025-03-31 00:00:00-03:00,TOTS3.SA,32.57112447903486,33.040758735871634,32.35587404503085,32.64939498901367,1926400,0.0,0.0
2025-04-01 00:00:00-03:00,TOTS3.SA,32.78637275315126,33.39298696310644,32.453714672064116,33.13859939575195,2219500,0.0,0.0
2025-04-02 00:00:00-03:00,TOTS3.SA,33.25600734007172,33.676718306162016,32.94291412041951,33.01140594482422,2969200,0.0,0.0
2025-04-03 00:00:00-03:00,TOTS3.SA,32.903785324251395,34.19528057275296,32.66896630983219,33.75499725341797,2379500,0.0,0.0
2025-04-04 00:00:00-03:00,TOTS3.SA,33.158168125931596,33.813701876844384,32.70810240579535,33.41255569458008,3061700,0.0,0.0
2025-04-07 00:00:00-03:00,TOTS3.SA,33.27557281667105,33.53974277657255,32.297167216586004,32.75701904296875,3507500,0.0,0.0
2025-04-08 00:00:00-03:00,TOTS3.SA,32.58090606830429,33.40276693004175,32.57112365442509,33.07989501953125,3826000,0.0,0.0
2025-04-09 00:00:00-03:00,TOTS3.SA,33.040762274302985,33.862623244863144,32.80594325457649,33.500614166259766,3984500,0.0,0.0
2025-04-10 00:00:00-03:00,TOTS3.SA,33.167955636798396,33.62780379048984,32.82551139297017,33.12881851196289,2221500,0.0,0.0
2025-04-11 00:00:00-03:00,TOTS3.SA,33.461476911148004,34.12679311008417,32.77659214961704,33.950679779052734,2769800,0.0,0.0
2025-04-14 00:00:00-03:00,TOTS3.SA,34.23441938343058,35.18347043816318,33.98003179425308,35.01714324951172,3693700,0.0,0.0
2025-04-15 00:00:00-03:00,TOTS3.SA,35.0269222217479,35.750944059401654,34.801889365640754,35.38893127441406,3530400,0.0,0.0
2025-04-16 00:00:00-03:00,TOTS3.SA,34.98778537027718,35.40850011000871,34.84102675810756,35.21282196044922,5189600,0.0,0.0
2025-04-17 00:00:00-03:00,TOTS3.SA,35.21282391439019,36.093386833234256,35.17368678937801,35.848785400390625,3375400,0.0,0.0
2025-04-22 00:00:00-03:00,TOTS3.SA,35.408500045900816,36.563019041354536,35.408500045900816,36.16187286376953,2968100,0.0,0.0
2025-04-23 00:00:00-03:00,TOTS3.SA,36.47496092077209,36.71956232980585,35.995544249165846,36.17165756225586,3625800,0.0,0.0
2025-04-24 00:00:00-03:00,TOTS3.SA,36.33798472888459,36.37712185008711,35.88791903201958,36.17165756225586,4418900,0.0,0.0
2025-04-25 00:00:00-03:00,TOTS3.SA,36.23035745531544,36.74891495101236,36.015110765561545,36.70977783203125,2271800,0.0,0.0
2025-04-28 00:00:00-03:00,TOTS3.SA,36.944596605725685,36.983733728440406,36.161872813038556,36.386905670166016,3956000,0.0,0.0
2025-04-29 00:00:00-03:00,TOTS3.SA,36.39669348688938,36.77827112006109,36.337987800123884,36.42604446411133,2588400,0.0,0.0
2025-04-30 00:00:00-03:00,TOTS3.SA,36.37712384235643,37.00330288660546,36.240147642967145,36.807621002197266,5453100,0.0,0.0
2025-05-02 00:00:00-03:00,TOTS3.SA,36.3966848674881,36.69020576716124,35.809639335821075,36.58258056640625,3537800,0.0,0.0
2025-05-05 00:00:00-03:00,TOTS3.SA,36.582585911393856,36.74891680931395,36.07381453587545,36.57280349731445,3274900,0.0,0.0
2025-05-06 00:00:00-03:00,TOTS3.SA,35.80964827537844,36.122737810832554,35.04649299924926,35.848785400390625,5537600,0.0,0.0
2025-05-07 00:00:00-03:00,TOTS3.SA,35.858568618877804,36.4358281025311,35.79986293615461,36.36733627319336,2482500,0.0,0.0
2025-05-08 00:00:00-03:00,TOTS3.SA,36.49452899578282,37.38487796352602,36.29884712469526,37.19898223876953,5651600,0.0,0.0
2025-05-09 00:00:00-03:00,TOTS3.SA,37.33595792387211,38.13825022539111,36.680427956764156,37.502288818359375,7236400,0.0,0.0
2025-05-12 00:00:00-03:00,TOTS3.SA,37.66861881353916,38.52961686004151,36.93481455093775,38.15782165527344,6426000,0.0,0.0
2025-05-13 00:00:00-03:00,TOTS3.SA,38.177387251100996,39.63520951612161,37.99149152931858,39.576507568359375,5040600,0.0,0.0
2025-05-14 00:00:00-03:00,TOTS3.SA,39.527590127383306,40.153769152143845,39.322122102372624,39.76240539550781,4544900,0.0,0.0
2025-05-15 00:00:00-03:00,TOTS3.SA,39.77219084786854,39.90916704060344,39.224282344607616,39.79175567626953,2488200,0.0,0.0
2025-05-16 00:00:00-03:00,TOTS3.SA,39.635212324854365,40.73102937013927,39.48845371272758,40.68210983276367,3172400,0.0,0.0
2025-05-19 00:00:00-03:00,TOTS3.SA,40.60383562416069,41.513753202998686,40.44729086502305,41.181095123291016,3170300,0.0,0.0
2025-05-20 00:00:00-03:00,TOTS3.SA,41.18109265123145,41.24958074597281,40.4081513164976,40.89735412597656,3091900,0.0,0.0
2025-05-21 00:00:00-03:00,TOTS3.SA,40.84843756733699,40.94627664343194,39.84068090073718,40.87778854370117,4182900,0.0,0.0
2025-05-22 00:00:00-03:00,TOTS3.SA,41.02454790149104,41.60180736596906,40.83865217752468,40.89735412597656,2850800,0.0,0.0
2025-05-23 00:00:00-03:00,TOTS3.SA,40.60383538638844,41.93446769742706,40.222257771495016,41.58224105834961,3174100,0.0,0.0
2025-05-26 00:00:00-03:00,TOTS3.SA,41.85619473810513,42.41388568967124,41.58224233588222,41.97360610961914,1717500,0.0,0.0
2025-05-27 00:00:00-03:00,TOTS3.SA,42.316044923486444,43.177042951950725,42.1301491911577,42.658485412597656,5373600,0.0,0.0
2025-05-28 00:00:00-03:00,TOTS3.SA,42.658492293822306,43.0889932436591,42.3649712940476,42.41389083862305,3818400,0.0,0.0
2025-05-29 00:00:00-03:00,TOTS3.SA,42.32582480705395,42.629131888074575,41.69964581736597,41.87575912475586,4060400,0.0,0.0
2025-05-30 00:00:00-03:00,TOTS3.SA,41.87575952244616,42.58021275869586,41.298500061035156,41.298500061035156,13612500,0.0,0.0
2025-06-02 00:00:00-03:00,TOTS3.SA,41.298501779297034,41.65072841207659,40.76037941580443,41.112606048583984,2845000,0.0,0.0
2025-06-03 00:00:00-03:00,TOTS3.SA,40.94627501409519,41.14195689082003,40.24182548313568,40.613616943359375,3296100,0.0,0.0
2025-06-04 00:00:00-03:00,TOTS3.SA,40.5940527602634,41.26915132676143,40.55491563783184,40.80929946899414,2217800,0.0,0.0
2025-06-05 00:00:00-03:00,TOTS3.SA,40.68210635334383,40.848433512659675,39.65477749471344,39.87981033325195,3224300,0.0,0.0
2025-06-06 00:00:00-03:00,TOTS3.SA,40.05592894588931,40.16355417256365,39.527592692166905,40.09506607055664,3227100,0.0,0.0
2025-06-09 00:00:00-03:00,TOTS3.SA,40.17333705097286,40.37880134027519,39.57650901148592,40.01679229736328,1929600,0.0,0.0
2025-06-10 00:00:00-03:00,TOTS3.SA,40.515777676780615,40.52556009102531,39.93851819598853,40.065711975097656,2471400,0.0,0.0
2025-06-11 00:00:00-03:00,TOTS3.SA,40.06570946293099,40.11462899572985,39.63520861673033,40.00700378417969,3385700,0.0,0.0
2025-06-12 00:00:00-03:00,TOTS3.SA,39.860247317582065,40.67232205597354,39.52758925150908,40.417938232421875,2582300,0.0,0.0
2025-06-13 00:00:00-03:00,TOTS3.SA,40.016794247234785,40.54513048371017,39.97765712384504,40.153770446777344,3738900,0.0,0.0
2025-06-16 00:00:00-03:00,TOTS3.SA,40.83865576702491,40.84843818185297,39.99722626359254,40.574485778808594,1977500,0.0,0.0
2025-06-17 00:00:00-03:00,TOTS3.SA,40.84843673224761,41.25936532223138,40.53534721635861,40.858219146728516,2813700,0.0,0.0
2025-06-18 00:00:00-03:00,TOTS3.SA,40.809301651472964,41.70943685393093,40.750599697007665,41.49418640136719,2160800,0.0,0.0
2025-06-20 00:00:00-03:00,TOTS3.SA,41.09303458099156,41.230010765756816,39.52758713750128,40.00700378417969,5904100,0.0,0.0
2025-06-23 00:00:00-03:00,TOTS3.SA,40.30052889929,40.86800598919948,39.938519840191375,40.8288688659668,2278500,0.0,0.0
2025-06-24 00:00:00-03:00,TOTS3.SA,41.01543550245051,41.90899642272179,40.89760432224597,41.162723541259766,2686500,0.15,0.0
2025-06-25 00:00:00-03:00,TOTS3.SA,40.86814517718113,41.23146392661257,40.07278000016735,40.593204498291016,2905100,0.0,0.0
2025-06-26 00:00:00-03:00,TOTS3.SA,40.99579588198606,41.18236222733742,40.386997087768165,41.10380935668945,2401000,0.0,0.0
2025-06-27 00:00:00-03:00,TOTS3.SA,40.68157654688831,40.92706035238689,40.200426639965414,40.76995086669922,2305600,0.0,0.0
2025-06-30 00:00:00-03:00,TOTS3.SA,40.6521217054738,41.70279214546458,40.6521217054738,41.447486877441406,1838200,0.0,0.0
2025-07-01 00:00:00-03:00,TOTS3.SA,41.447489164883294,42.007192000411294,41.143091611468485,41.71261215209961,2101300,0.0,0.0
2025-07-02 00:00:00-03:00,TOTS3.SA,41.712607605230026,41.96791285951375,40.88778187239558,41.044891357421875,2163700,0.0,0.0
2025-07-03 00:00:00-03:00,TOTS3.SA,41.15290697574689,42.23303427337951,41.04489349682647,42.02682876586914,1568000,0.0,0.0
2025-07-04 00:00:00-03:00,TOTS3.SA,41.95809371149708,42.5177965167199,41.85008023228113,42.33123016357422,1079500,0.0,0.0
2025-07-07 00:00:00-03:00,TOTS3.SA,42.331228310680515,42.43924178516857,40.22006607055664,40.22006607055664,3704200,0.0,0.0
2025-07-08 00:00:00-03:00,TOTS3.SA,40.55392567865077,41.0645324657349,40.249528143928956,40.976158142089844,3538000,0.0,0.0
2025-07-09 00:00:00-03:00,TOTS3.SA,41.24127547676015,41.88935251299211,41.04488770152329,41.34928894042969,2797800,0.0,0.0
2025-07-10 00:00:00-03:00,TOTS3.SA,41.30019615480896,41.34929216600174,40.19060832208152,40.84850311279297,2409400,0.0,0.0
2025-07-11 00:00:00-03:00,TOTS3.SA,40.96634137959383,41.015437394795406,40.249529069450354,40.347721099853516,2369800,0.0,0.0
2025-07-14 00:00:00-03:00,TOTS3.SA,40.16115292422176,40.848504597474275,39.866569354787046,40.720855712890625,2828200,0.0,0.0
2025-07-15 00:00:00-03:00,TOTS3.SA,40.966341355145744,41.92863748650869,40.82887101434902,41.67333221435547,4035300,0.0,0.0
2025-07-16 00:00:00-03:00,TOTS3.SA,41.97773075951867,42.08574423331331,41.192183330719885,41.653690338134766,2716300,0.0,0.0
2025-07-17 00:00:00-03:00,TOTS3.SA,41.67333067597417,41.85007932069835,40.71103458013462,41.49658203125,5137600,0.0,0.0
2025-07-18 00:00:00-03:00,TOTS3.SA,41.23146317390568,41.80098367632193,40.72085638972706,40.94670104980469,3593800,0.0,0.0
2025-07-21 00:00:00-03:00,TOTS3.SA,40.99579169416039,41.997365976661655,40.99579169416039,41.34928894042969,2808400,0.0,0.0
2025-07-22 00:00:00-03:00,TOTS3.SA,41.88935633198114,42.635625450975134,40.887781958167864,40.90742111206055,3646400,0.0,0.0
2025-07-23 00:00:00-03:00,TOTS3.SA,40.90742125979491,42.69454306684161,40.84850379790408,42.09556198120117,6175300,0.0,0.0
2025-07-24 00:00:00-03:00,TOTS3.SA,41.67332706351875,42.7141796871363,41.535856739713395,42.24285125732422,3301800,0.0,0.0
2025-07-25 00:00:00-03:00,TOTS3.SA,42.262495320659205,42.84183728528584,42.22321701049805,42.22321701049805,2517700,0.0,0.0
2025-07-28 00:00:00-03:00,TOTS3.SA,42.32140561902749,42.60616772599812,41.634053975699075,41.97772979736328,3099500,0.0,0.0
2025-07-29 00:00:00-03:00,TOTS3.SA,41.95809318098905,42.59635259785739,41.90899716718051,42.27231216430664,2191500,0.0,0.0
2025-07-30 00:00:00-03:00,TOTS3.SA,42.03664591697408,43.489909517032906,41.86971499050079,42.98912048339844,3434700,0.0,0.0
2025-07-31 00:00:00-03:00,TOTS3.SA,42.98912415539551,43.1265944914185,42.429421361138616,42.82219696044922,2865400,0.0,0.0
2025-08-01 00:00:00-03:00,TOTS3.SA,43.1953324507728,43.39171650030309,42.33122839885412,43.00876235961914,2407200,0.0,0.0
2025-08-04 00:00:00-03:00,TOTS3.SA,43.31316583229905,43.68630228779625,42.79274133216394,42.969486236572266,1518100,0.0,0.0
2025-08-05 00:00:00-03:00,TOTS3.SA,43.067681986436504,43.25424834118094,42.67490637606462,43.10696029663086,1053900,0.0,0.0
2025-08-06 00:00:00-03:00,TOTS3.SA,43.234603332873434,43.73539235558879,43.13641131646686,43.31315994262695,1748100,0.0,0.0
2025-08-07 00:00:00-03:00,TOTS3.SA,43.097141384868834,44.491491512617344,42.00719256037888,42.075927734375,3725800,0.0,0.0
2025-08-08 00:00:00-03:00,TOTS3.SA,42.41960568152957,42.55707602411429,41.84026370507546,42.17412185668945,2847000,0.0,0.0
2025-08-11 00:00:00-03:00,TOTS3.SA,42.28213677005869,42.959670801066835,41.69297332302959,42.046470642089844,2415400,0.0,0.0
2025-08-12 00:00:00-03:00,TOTS3.SA,42.32141210172589,42.81237977690037,42.056292853423436,42.13484573364258,3186300,0.0,0.0
2025-08-13 00:00:00-03:00,TOTS3.SA,42.22321519874852,42.242854352986406,41.33947198697208,41.575138092041016,3859900,0.0,0.0
2025-08-14 00:00:00-03:00,TOTS3.SA,41.388571759912914,42.03664886684673,40.03350008331105,40.553924560546875,6837500,0.0,0.0
2025-08-15 00:00:00-03:00,TOTS3.SA,40.65212255053019,41.39839172363281,40.318264401719205,41.39839172363281,2806600,0.0,0.0
2025-08-18 00:00:00-03:00,TOTS3.SA,41.447481735325695,41.66350866673107,40.95651416088464,41.43766403198242,2056600,0.0,0.0
2025-08-19 00:00:00-03:00,TOTS3.SA,41.24127908660576,41.28055739424821,40.58338428962984,40.74049377441406,3577600,0.0,0.0
2025-08-20 00:00:00-03:00,TOTS3.SA,40.93687915387325,41.22164127487389,40.367358657657675,40.75031280517578,3202200,0.0,0.0
2025-08-21 00:00:00-03:00,TOTS3.SA,40.23970708603455,40.79940989264917,40.200428776079114,40.28880310058594,2740300,0.0,0.0
2025-08-22 00:00:00-03:00,TOTS3.SA,40.51464836960654,41.80098494647664,40.3379034637374,41.53586196899414,3462000,0.0,0.0
2025-08-25 00:00:00-03:00,TOTS3.SA,41.67333503877152,42.22322018501282,41.555503845214844,41.555503845214844,2677700,0.0,0.0
2025-08-26 00:00:00-03:00,TOTS3.SA,41.51622366609049,41.85008182098371,40.17097334157336,40.603023529052734,8427000,0.0,0.0
2025-08-27 00:00:00-03:00,TOTS3.SA,40.76994706366284,41.34928894042969,40.58338073736971,41.34928894042969,1452000,0.0,0.0
2025-08-28 00:00:00-03:00,TOTS3.SA,41.85007742417653,42.22321385121654,41.43766643569985,41.5653190612793,2437300,0.0,0.0
2025-08-29 00:00:00-03:00,TOTS3.SA,41.89917486552745,42.79273952929958,41.65369105568737,42.321407318115234,4523000,0.0,0.0
2025-09-01 00:00:00-03:00,TOTS3.SA,42.301771400115555,42.32140680837487,41.51622022146034,41.820621490478516,1140800,0.0,0.0
2025-09-02 00:00:00-03:00,TOTS3.SA,40.91724047194411,41.81080515418661,40.87796590835499,41.388572692871094,858500,0.0,0.0
2025-09-03 00:00:00-03:00,TOTS3.SA,41.29037866804337,41.5260447884871,40.73067584599864,41.15290832519531,2156200,0.0,0.0
2025-09-04 00:00:00-03:00,TOTS3.SA,41.26091811636694,41.74206427329074,40.91723854420722,41.457305908203125,1870000,0.0,0.0
2025-09-05 00:00:00-03:00,TOTS3.SA,41.88935962463311,42.55707592632683,41.712610971491486,42.31159210205078,1869100,0.0,0.0
2025-09-08 00:00:00-03:00,TOTS3.SA,42.046463475122835,42.70436198362966,42.046463475122835,42.24285125732422,2190500,0.0,0.0
2025-09-09 00:00:00-03:00,TOTS3.SA,42.046468323499575,42.43924393319328,41.15290736994292,41.339473724365234,2324000,0.0,0.0
2025-09-10 00:00:00-03:00,TOTS3.SA,41.33947094894186,42.31158845748617,41.33947094894186,42.03664779663086,2215400,0.0,0.0
2025-09-11 00:00:00-03:00,TOTS3.SA,42.31159096448124,42.39014383832898,41.35911255324658,41.447486877441406,2236600,0.0,0.0
2025-09-12 00:00:00-03:00,TOTS3.SA,40.84850643828395,42.115203857421875,40.84850643828395,42.115203857421875,3263800,0.0,0.0
2025-09-15 00:00:00-03:00,TOTS3.SA,41.938452664920476,42.94002704640228,41.889356652705665,42.841835021972656,2371500,0.0,0.0
2025-09-16 00:00:00-03:00,TOTS3.SA,43.10696100337883,44.37365468873493,42.743642246803105,43.637203216552734,4663000,0.0,0.0
2025-09-17 00:00:00-03:00,TOTS3.SA,43.64702487902146,44.5700427134873,43.55865055209919,44.24600601196289,3594900,0.0,0.0
2025-09-18 00:00:00-03:00,TOTS3.SA,44.334378523293324,44.56022318378232,43.97105977983274,44.481666564941406,1452900,0.0,0.0
2025-09-19 00:00:00-03:00,TOTS3.SA,44.57986064400291,45.2181162917892,44.265641672154295,45.159202575683594,3692700,0.0,0.0
2025-09-22 00:00:00-03:00,TOTS3.SA,44.78606763820626,45.29667442096557,44.46202720565707,44.894081115722656,2352000,0.0,0.0
2025-09-23 00:00:00-03:00,TOTS3.SA,44.864620246463595,45.16902152259875,44.39329177572207,44.422752380371094,2227900,0.0,0.0
2025-09-24 00:00:00-03:00,TOTS3.SA,44.3340791969938,45.52617242453382,44.13703809335787,45.338985443115234,2281200,0.15,0.0
2025-09-25 00:00:00-03:00,TOTS3.SA,45.210909816281564,45.417801291458545,44.452303982386056,44.74786376953125,2284400,0.0,0.0
2025-09-26 00:00:00-03:00,TOTS3.SA,45.21090955031116,45.21090955031116,44.19615290905859,44.3242301940918,1714300,0.0,0.0
2025-09-29 00:00:00-03:00,TOTS3.SA,45.18135909784451,45.65425555218266,44.98431796897522,45.171504974365234,1753900,0.0,0.0
2025-09-30 00:00:00-03:00,TOTS3.SA,45.772472344061605,45.89069925984674,44.84638405322321,45.25031661987305,2163100,0.0,0.0
2025-10-01 00:00:00-03:00,TOTS3.SA,45.329134740439024,45.40795269113786,43.74296294421591,44.15674591064453,2370300,0.0,0.0
2025-10-02 00:00:00-03:00,TOTS3.SA,43.87103147863082,44.22570469987516,42.708493145994964,43.22079849243164,1451200,0.0,0.0
2025-10-03 00:00:00-03:00,TOTS3.SA,43.21094895998361,44.472005985778196,43.10257616715819,44.01881408691406,2794500,0.0,0.0
2025-10-06 00:00:00-03:00,TOTS3.SA,44.30452505573371,44.30452505573371,43.24050533402261,43.47695541381836,1739300,0.0,0.0
2025-10-07 00:00:00-03:00,TOTS3.SA,43.26021255990459,43.368585363413224,42.69864781285689,42.777462005615234,2348200,0.0,0.0
2025-10-08 00:00:00-03:00,TOTS3.SA,42.77746018180442,42.95479680575842,42.353826867077196,42.895687103271484,2191200,0.0,0.0
2025-10-09 00:00:00-03:00,TOTS3.SA,42.89569066694447,43.02376420513727,41.84152495822175,41.94989776611328,3336700,0.0,0.0
2025-10-10 00:00:00-03:00,TOTS3.SA,42.08782515061975,42.412939813907066,41.91048851310053,42.28486251831055,2455800,0.0,0.0
2025-10-13 00:00:00-03:00,TOTS3.SA,42.41293787726822,42.72820216107431,42.068118741307416,42.1666374206543,1538100,0.0,0.0
2025-10-14 00:00:00-03:00,TOTS3.SA,42.18634012334525,42.18634012334525,41.60507091999897,41.99915313720703,2208700,0.0,0.0
2025-10-15 00:00:00-03:00,TOTS3.SA,41.476992257494224,42.11737489961738,41.41788255764967,41.68388748168945,3665300,0.0,0.0
2025-10-16 00:00:00-03:00,TOTS3.SA,41.260255674511214,41.50655614384146,40.95484173957283,41.427738189697266,2853900,0.0,0.0
2025-10-17 00:00:00-03:00,TOTS3.SA,41.053360262206226,41.329219342376774,40.334163345586056,40.7183952331543,4547000,0.0,0.0
2025-10-20 00:00:00-03:00,TOTS3.SA,41.09276456620757,41.26025081993452,40.42282706779271,40.728240966796875,5651000,0.0,0.0
2025-10-21 00:00:00-03:00,TOTS3.SA,40.62972432880157,41.73314930452825,40.44253357948194,41.082916259765625,1828500,0.0,0.0
2025-10-22 00:00:00-03:00,TOTS3.SA,41.30951664116828,41.70359891089218,40.80706155935796,40.88587951660156,3324100,0.0,0.0
2025-10-23 00:00:00-03:00,TOTS3.SA,41.092763543188234,41.6247733830813,41.0237997222665,41.358768463134766,2291800,0.0,0.0
2025-10-24 00:00:00-03:00,TOTS3.SA,41.5262567697927,42.13708082460648,41.51640264731781,41.713443756103516,1200000,0.0,0.0
2025-10-27 00:00:00-03:00,TOTS3.SA,42.53116140886758,42.5607200195225,41.40803191839596,41.78240966796875,938100,0.0,0.0
2025-10-28 00:00:00-03:00,TOTS3.SA,41.80211558186345,43.171545577783476,41.63462930992707,42.85628128051758,4027100,0.0,0.0
2025-10-29 00:00:00-03:00,TOTS3.SA,43.053318611371914,43.151837286242,42.03855822062663,42.5705680847168,2161700,0.0,0.0
2025-10-30 00:00:00-03:00,TOTS3.SA,42.29471360910318,43.12228327210698,42.05826352328211,43.0828742980957,2250800,0.0,0.0
2025-10-31 00:00:00-03:00,TOTS3.SA,43.29961885204007,44.353784452800554,43.11242810912693,43.713401794433594,2823600,0.0,0.0
2025-11-03 00:00:00-03:00,TOTS3.SA,43.831633367066466,43.94000241711766,42.36368090981853,42.65924072265625,2645600,0.0,0.0
2025-11-04 00:00:00-03:00,TOTS3.SA,42.75775894246298,43.22080122548222,42.432640549681494,42.8070182800293,1820300,0.0,0.0
2025-11-05 00:00:00-03:00,TOTS3.SA,42.80701811196486,43.91044305375372,42.4424945055094,43.66414260864258,3076100,0.0,0.0
2025-11-06 00:00:00-03:00,TOTS3.SA,44.334081732622906,45.41780222723279,43.36858440365761,44.974464416503906,3683800,0.0,0.0
2025-11-07 00:00:00-03:00,TOTS3.SA,44.659199923651215,44.89564625381637,43.585329798680604,44.501564025878906,1681300,0.0,0.0
2025-11-10 00:00:00-03:00,TOTS3.SA,44.69860404938947,45.76262378391503,44.49171257598058,45.41780090332031,2170500,0.0,0.0
2025-11-11 00:00:00-03:00,TOTS3.SA,45.80203267917895,46.964567328930244,45.61484193458399,45.989219665527344,1976800,0.0,0.0
2025-11-12 00:00:00-03:00,TOTS3.SA,46.08774207706906,46.915311794627556,45.95966854045952,46.797088623046875,1620700,0.0,0.0
2025-11-13 00:00:00-03:00,TOTS3.SA,46.728125934924066,46.944871553323964,46.09759732675741,46.40300750732422,1970400,0.0,0.0
2025-11-14 00:00:00-03:00,TOTS3.SA,46.21581830351799,47.59510238697844,46.17640932781986,47.427616119384766,1954600,0.0,0.0
2025-11-17 00:00:00-03:00,TOTS3.SA,47.4768742857086,47.683769523883576,46.205966795972884,46.255226135253906,1706600,0.0,0.0
2025-11-18 00:00:00-03:00,TOTS3.SA,45.683805421541045,46.59019301214458,45.43750497689014,46.37344741821289,2126800,0.0,0.0
2025-11-19 00:00:00-03:00,TOTS3.SA,45.949808478713294,46.19610891331896,45.44735724574614,45.68380355834961,1532500,0.0,0.0
2025-11-21 00:00:00-03:00,TOTS3.SA,46.01878069090718,46.097598648311084,42.6395378112793,42.6395378112793,5364300,0.0,0.0
2025-11-24 00:00:00-03:00,TOTS3.SA,42.68879565779546,42.68879565779546,41.52625723695277,42.08782196044922,9106300,0.0,0.0
2025-11-25 00:00:00-03:00,TOTS3.SA,42.10753007422502,43.004063636172695,42.10753007422502,42.65924072265625,2640500,0.0,0.0
2025-11-26 00:00:00-03:00,TOTS3.SA,42.65923869150433,43.35873109217267,42.1666377741469,42.3045654296875,3107800,0.0,0.0
2025-11-27 00:00:00-03:00,TOTS3.SA,42.26515914261114,42.45234613349944,41.06321173204771,41.89078140258789,2338700,0.0,0.0
2025-11-28 00:00:00-03:00,TOTS3.SA,41.90063247652166,42.55086553165254,41.90063247652166,42.1666374206543,1835700,0.0,0.0
2025-12-01 00:00:00-03:00,TOTS3.SA,42.28485761317498,42.77745849175295,41.50655108128908,42.67893981933594,2235400,0.0,0.0
2025-12-02 00:00:00-03:00,TOTS3.SA,43.0139097712919,43.398137866019916,42.462195418870365,43.32917404174805,1740300,0.0,0.0
2025-12-03 00:00:00-03:00,TOTS3.SA,43.703551581839534,43.89073856715524,43.220801055793224,43.66414260864258,2168900,0.0,0.0
2025-12-04 00:00:00-03:00,TOTS3.SA,44.20600728754653,46.92516657999634,43.94000232905163,46.83649826049805,5610800,0.0,0.0
2025-12-05 00:00:00-03:00,TOTS3.SA,46.442411450631226,47.191166910350745,44.94490428943873,45.230613708496094,6997200,0.0,0.0
2025-12-08 00:00:00-03:00,TOTS3.SA,45.595136987455,45.66410081111046,44.27496645737739,44.806976318359375,1990100,0.0,0.0
2025-12-09 00:00:00-03:00,TOTS3.SA,44.74786213186904,44.74786213186904,43.447396109426776,44.53112030029297,3336200,0.0,0.0
2025-12-10 00:00:00-03:00,TOTS3.SA,44.98431682932797,45.01387168252319,44.127192262445185,44.521270751953125,2110900,0.0,0.0
2025-12-11 00:00:00-03:00,TOTS3.SA,44.49171361545778,45.18135563451303,43.98926234569057,44.78727340698242,1737700,0.0,0.0
2025-12-12 00:00:00-03:00,TOTS3.SA,45.22076396588693,46.649303564316945,44.83653210829727,45.55573272705078,2037300,0.0,0.0
2025-12-15 00:00:00-03:00,TOTS3.SA,46.25522761421069,46.42271012477055,45.62469903146119,45.99907302856445,1758900,0.0,0.0
2025-12-16 00:00:00-03:00,TOTS3.SA,44.308219895981225,45.31679840951665,43.823705246270734,44.9212760925293,3543100,0.17,0.0
2025-12-17 00:00:00-03:00,TOTS3.SA,43.90281083132837,44.97071504260894,43.85336771315566,44.41698455810547,3837100,0.0,0.0
2025-12-18 00:00:00-03:00,TOTS3.SA,43.794045458465725,44.53564702574712,43.794045458465725,43.91270065307617,1824400,0.0,0.0
2025-12-19 00:00:00-03:00,TOTS3.SA,43.62594309896121,44.130234230288956,42.647031233174864,42.96344757080078,4878100,0.0,0.0
2025-12-22 00:00:00-03:00,TOTS3.SA,42.96345308757732,42.96345308757732,41.78677614470674,42.08341979980469,3347000,0.0,0.0
2025-12-23 00:00:00-03:00,TOTS3.SA,42.21195923948446,42.6668110608583,41.85599366081618,42.29106521606445,1327800,0.0,0.0
2025-12-26 00:00:00-03:00,TOTS3.SA,42.300952227827366,42.340505216725774,41.450581826414705,41.905433654785156,1337100,0.0,0.0
2025-12-29 00:00:00-03:00,TOTS3.SA,42.02408661954755,42.02408661954755,40.90673926033212,41.33192443847656,2693700,0.0,0.0
2025-12-30 00:00:00-03:00,TOTS3.SA,41.72744653910139,41.77688588634596,41.1539395495193,41.60879135131836,2626000,0.0,0.0
2026-01-02 00:00:00-03:00,TOTS3.SA,41.598901083103286,41.87576444435483,39.90805051777926,40.5211067199707,3842600,0.0,0.0
2026-01-05 00:00:00-03:00,TOTS3.SA,40.52110637159751,41.38136307379061,40.34312170604303,40.936405181884766,3435400,0.0,0.0
2026-01-06 00:00:00-03:00,TOTS3.SA,41.361591171550906,42.03397308898083,40.748531190512935,41.806549072265625,6411700,0.0,0.0
2026-01-07 00:00:00-03:00,TOTS3.SA,41.50991031014946,42.16251952333502,41.38136498531548,42.09330368041992,2353400,0.0,0.0
2026-01-08 00:00:00-03:00,TOTS3.SA,42.10319390624467,43.07221948117347,41.58901637775541,42.87445831298828,2925900,0.0,0.0
2026-01-09 00:00:00-03:00,TOTS3.SA,43.01289045426599,44.219230198178046,42.74591344018805,43.546844482421875,1674100,0.0,0.0
2026-01-12 00:00:00-03:00,TOTS3.SA,43.26009339640623,43.9028162928023,42.78546882435193,43.536956787109375,1309100,0.0,0.0
2026-01-13 00:00:00-03:00,TOTS3.SA,43.17109822394735,43.33919653727189,41.74722460110564,42.26140213012695,2965000,0.0,0.0
2026-01-14 00:00:00-03:00,TOTS3.SA,42.7656887515279,43.25020341670795,41.96475773144758,43.09199523925781,2513300,0.0,0.0
2026-01-15 00:00:00-03:00,TOTS3.SA,43.41829755173669,43.705051049445586,42.55804083059047,43.50728988647461,3453400,0.0,0.0
2026-01-16 00:00:00-03:00,TOTS3.SA,43.69515980618501,43.69515980618501,42.34050209803052,42.607479095458984,2467100,0.0,0.0
2026-01-19 00:00:00-03:00,TOTS3.SA,42.82501955845582,44.00169267892299,42.62725838752522,43.10188293457031,1570800,0.0,0.0
2026-01-20 00:00:00-03:00,TOTS3.SA,42.82502043909056,44.1401252746582,42.77557731635573,44.1401252746582,3659200,0.0,0.0
2026-01-21 00:00:00-03:00,TOTS3.SA,44.49608897114848,46.06828426567493,44.179672640223174,44.9904899597168,5361800,0.0,0.0
2026-01-22 00:00:00-03:00,TOTS3.SA,45.51455921622601,46.295713776386776,44.95094232395322,45.94963455200195,4334100,0.0,0.0
2026-01-23 00:00:00-03:00,TOTS3.SA,45.919966046882514,47.06697627906882,45.544223982049076,46.18694305419922,3259000,0.0,0.0
2026-01-26 00:00:00-03:00,TOTS3.SA,46.37481823044696,46.800003418992425,45.741981742114255,46.69123458862305,2537200,0.0,0.0
2026-01-27 00:00:00-03:00,TOTS3.SA,47.36362208636861,47.462500787550404,45.50467308270163,45.97929763793945,4269000,0.0,0.0
2026-01-28 00:00:00-03:00,TOTS3.SA,46.46381285092215,46.92854727809887,45.88041945461118,46.81977844238281,2564100,0.0,0.0
2026-01-29 00:00:00-03:00,TOTS3.SA,46.92854258252459,47.32406489610223,44.30821951400884,45.336570739746094,7474700,0.0,0.0
2026-01-30 00:00:00-03:00,TOTS3.SA,45.32668666390012,45.85075054962161,43.78415408957542,44.07090759277344,4457300,0.0,0.0
2026-02-02 00:00:00-03:00,TOTS3.SA,44.130236077733336,44.69385293847322,43.95225140887017,44.5653076171875,5616300,0.0,0.0
2026-02-03 00:00:00-03:00,TOTS3.SA,44.61474634700774,45.0597080130045,42.77557397554137,43.11176681518555,7312800,0.0,0.0
2026-02-04 00:00:00-03:00,TOTS3.SA,42.89423552986947,42.89423552986947,37.27783938185236,37.55470275878906,17659200,0.0,0.0
2026-02-05 00:00:00-03:00,TOTS3.SA,37.78212646386843,38.28641763554064,36.43735503538333,37.0504150390625,11896900,0.0,0.0
2026-02-06 00:00:00-03:00,TOTS3.SA,37.327275297754404,37.87111564041173,36.79332131537219,37.44593048095703,8055800,0.0,0.0
2026-02-09 00:00:00-03:00,TOTS3.SA,37.56458946048552,38.978572843518855,37.475597130030806,38.365516662597656,5317200,0.0,0.0
2026-02-10 00:00:00-03:00,TOTS3.SA,38.24686210625374,39.55208045966423,38.049100949559346,38.899471282958984,6411800,0.0,0.0
2026-02-11 00:00:00-03:00,TOTS3.SA,39.502643160049715,39.51252952100548,37.871118247769935,38.217201232910156,7602200,0.0,0.0
2026-02-12 00:00:00-03:00,TOTS3.SA,38.46440231119194,39.27521971272315,36.23959763753128,37.0504150390625,10785700,0.0,0.0
2026-02-13 00:00:00-03:00,TOTS3.SA,36.743884497005055,37.81179253521219,36.11105178042921,37.60414123535156,9294400,0.0,0.0
2026-02-18 00:00:00-03:00,TOTS3.SA,37.69313407452365,38.14798589611115,37.45582368863333,37.970001220703125,5744700,0.0,0.0
2026-02-19 00:00:00-03:00,TOTS3.SA,38.019438707979,38.6226085482107,37.811791187500006,38.51383972167969,4594300,0.0,0.0
2026-02-20 00:00:00-03:00,TOTS3.SA,38.10843294880963,39.057682037353516,37.96011112848315,39.057682037353516,4587000,0.0,0.0
2026-02-23 00:00:00-03:00,TOTS3.SA,38.43473763560233,38.76104414819272,37.5448179841373,37.900787353515625,6280700,0.0,0.0
2026-02-24 00:00:00-03:00,TOTS3.SA,38.06887830598804,38.50394984300067,36.79332277695366,37.93044662475586,8165500,0.0,0.0
2026-02-25 00:00:00-03:00,TOTS3.SA,38.068878194041,38.25674922202072,37.01086032261439,37.4558219909668,5045600,0.0,0.0
2026-02-26 00:00:00-03:00,TOTS3.SA,37.45582551610154,38.197427109157516,37.11963264303694,37.732688903808594,7460700,0.0,0.0
2026-02-27 00:00:00-03:00,TOTS3.SA,37.673358093261434,37.950225243210234,37.27783952073271,37.4162712097168,7522200,0.0,0.0
2026-03-02 00:00:00-03:00,TOTS3.SA,37.08007803319001,37.42615725270755,36.59556335388486,36.911983489990234,3515100,0.0,0.0
2026-03-03 00:00:00-03:00,TOTS3.SA,35.844073392231735,36.53623556385711,35.21124069999609,36.200042724609375,6026400,0.0,0.0
2026-03-04 00:00:00-03:00,TOTS3.SA,36.61533921101183,37.297615049018106,36.42746817682575,36.68455505371094,3722300,0.0,0.0
2026-03-05 00:00:00-03:00,TOTS3.SA,36.51645917251673,36.68455370661897,35.873736345934354,36.36813735961914,3342900,0.0,0.0
2026-03-06 00:00:00-03:00,TOTS3.SA,36.209928453908084,37.14929111531014,35.438664095189495,35.66608810424805,4595000,0.0,0.0
2026-03-09 00:00:00-03:00,TOTS3.SA,35.77485778158447,36.229705810546875,34.96404041796266,36.229705810546875,7529700,0.0,0.0
2026-03-10 00:00:00-03:00,TOTS3.SA,36.58567662895428,37.37671753140042,35.98250676209517,36.7142219543457,3323500,0.0,0.0
2026-03-11 00:00:00-03:00,TOTS3.SA,36.72411058825868,37.960113253571535,36.53623954104421,37.149295806884766,3189000,0.0,0.0
2026-03-12 00:00:00-03:00,TOTS3.SA,36.318698916262896,36.595562283781064,35.44855205437374,35.70564270019531,5543300,0.0,0.0
2026-03-13 00:00:00-03:00,TOTS3.SA,35.913290533561,36.12093806097888,34.05434160377208,34.20266342163086,4336300,0.0,0.0
2026-03-16 00:00:00-03:00,TOTS3.SA,34.98381717427198,35.082695869318464,34.25210200619451,34.72672653198242,2973100,0.0,0.0
2026-03-17 00:00:00-03:00,TOTS3.SA,34.73661818528911,35.22112909299921,34.20266415591093,34.291656494140625,2977800,0.0,0.0
2026-03-18 00:00:00-03:00,TOTS3.SA,34.074119121502065,34.34109613848187,33.29296456500344,33.4017333984375,5276800,0.0,0.0
2026-03-19 00:00:00-03:00,TOTS3.SA,33.01610167191919,34.18288845720608,32.65024594934029,33.76759338378906,6121500,0.0,0.0
2026-03-20 00:00:00-03:00,TOTS3.SA,33.619268714876085,33.84669272707437,33.21386003713474,33.579715728759766,5374900,0.0,0.0
2026-03-23 00:00:00-03:00,TOTS3.SA,34.064232916767935,35.93306827223166,34.064232916767935,34.65751266479492,5301200,0.0,0.0
2026-03-24 00:00:00-03:00,TOTS3.SA,34.509194154701675,34.81572038591295,33.95546363112364,34.59818649291992,4241100,0.0,0.0
2026-03-25 00:00:00-03:00,TOTS3.SA,34.934379675029106,35.68586760429065,34.588296680095254,34.79594421386719,4460500,0.0,0.0
2026-03-26 00:00:00-03:00,TOTS3.SA,34.23937034404581,35.12392819697131,34.139979478261345,34.418270111083984,1980600,0.18,0.0
2026-03-27 00:00:00-03:00,TOTS3.SA,34.29900086029938,34.984784560168016,33.76230535387354,34.040592193603516,3873700,0.0,0.0
2026-03-30 00:00:00-03:00,TOTS3.SA,34.328817547571205,34.49777631915368,33.573462192074054,33.81199645996094,3110900,0.0,0.0
2026-03-31 00:00:00-03:00,TOTS3.SA,34.328819682433455,35.20343653920492,34.0008355176138,34.72637176513672,2948700,0.0,0.0
2026-04-01 00:00:00-03:00,TOTS3.SA,34.95496475318636,35.62087026760492,34.65679974598162,34.696556091308594,2192100,0.0,0.0
2026-04-02 00:00:00-03:00,TOTS3.SA,33.324993331819854,34.92515025271184,33.305115158665274,34.77606964111328,2301500,0.0,0.0
2026-04-06 00:00:00-03:00,TOTS3.SA,34.9549629403788,34.9549629403788,34.44808283355555,34.88539123535156,1282900,0.0,0.0
2026-04-07 00:00:00-03:00,TOTS3.SA,34.74624739035892,34.74624739035892,33.821933273568824,34.48783874511719,2369900,0.0,0.0
2026-04-08 00:00:00-03:00,TOTS3.SA,36.078056338670024,36.94273598436753,35.07423327773082,35.36246109008789,6726400,0.0,0.0
2026-04-09 00:00:00-03:00,TOTS3.SA,35.740134285870965,35.90909685202614,34.229427337646484,34.229427337646484,4761200,0.0,0.0
2026-04-10 00:00:00-03:00,TOTS3.SA,34.299000327409765,34.547471799415085,33.096399312833725,33.63309860229492,4217600,0.0,0.0
2026-04-13 00:00:00-03:00,TOTS3.SA,33.474076296632575,34.40832764651605,33.08646141520617,34.27912521362305,4677700,0.0,0.0
2026-04-14 00:00:00-03:00,TOTS3.SA,34.646861383649515,35.34258223784854,34.36857455851936,34.58722686767578,3580300,0.0,0.0
2026-04-15 00:00:00-03:00,TOTS3.SA,34.428206546154065,35.412155243262866,34.27912593781101,35.064292907714844,4819000,0.0,0.0
2026-04-16 00:00:00-03:00,TOTS3.SA,35.28294740380616,35.76995313476731,34.24930521782133,34.557411193847656,4367300,0.0,0.0
2026-04-17 00:00:00-03:00,TOTS3.SA,35.282946892501634,36.21719820588748,35.09410995008413,35.22331237792969,7440300,0.0,0.0
2026-04-20 00:00:00-03:00,TOTS3.SA,35.22331396048536,35.620869826079776,34.19961272493428,34.65679931640625,5132600,0.0,0.0
2026-04-22 00:00:00-03:00,TOTS3.SA,34.45802159951504,34.70649306922498,33.404504994424094,33.6032829284668,4920000,0.0,0.0
2026-04-23 00:00:00-03:00,TOTS3.SA,33.44426011046508,33.513831816117275,32.06275560489274,32.420555114746094,4206000,0.0,0.0
2026-04-24 00:00:00-03:00,TOTS3.SA,32.549763154520335,32.55970034529434,31.46642737421112,31.873920440673828,3166000,0.0,0.0
2026-04-27 00:00:00-03:00,TOTS3.SA,31.82422669634412,32.02300463289108,30.979423309549887,31.138444900512695,3413400,0.0,0.0
2026-04-28 00:00:00-03:00,TOTS3.SA,30.83033976497921,32.1124534315149,30.69119445581539,31.396854400634766,4541500,0.0,0.0
2026-04-29 00:00:00-03:00,TOTS3.SA,31.188137056930245,31.287526020806396,30.542111635265467,31.009239196777344,3585700,0.0,0.0
2026-04-30 00:00:00-03:00,TOTS3.SA,31.40679444343981,32.10251342770526,31.048994917100103,31.665205001831055,8533500,0.0,0.0
2026-05-04 00:00:00-03:00,TOTS3.SA,32.30128903704805,32.94731633433841,31.913674175223232,32.34104537963867,7942100,0.0,0.0
2026-05-05 00:00:00-03:00,TOTS3.SA,32.34104571762049,33.2554188585195,32.34104571762049,32.728660583496094,7746900,0.0,0.0
2026-05-06 00:00:00-03:00,TOTS3.SA,32.987071035757936,33.59334202997635,32.7783559106127,32.897621154785156,5680400,0.0,0.0
2026-05-07 00:00:00-03:00,TOTS3.SA,32.97713280281476,36.068118402606935,32.90756109663202,36.00848388671875,9816600,0.0,0.0
2026-05-08 00:00:00-03:00,TOTS3.SA,35.87927827378842,36.61475548340144,34.74624899229228,34.994720458984375,6548500,0.0,0.0
2026-05-11 00:00:00-03:00,TOTS3.SA,34.5474720183554,34.78600630119665,33.006949640434314,33.2951774597168,6897300,0.0,0.0
2026-05-12 00:00:00-03:00,TOTS3.SA,32.99701139347492,33.3249917565876,32.42055577336206,32.837989807128906,4866200,0.0,0.0
2026-05-13 00:00:00-03:00,TOTS3.SA,32.619334431315394,32.619334431315394,31.386916161816238,31.47636604309082,13310300,0.0,0.0
2026-05-14 00:00:00-03:00,TOTS3.SA,31.49624347352701,32.6193336626274,31.40679359436035,31.40679359436035,4451600,0.0,0.0
2026-05-15 00:00:00-03:00,TOTS3.SA,30.810462524089925,31.714898530400195,30.36321311627193,30.94960594177246,5724700,0.0,0.0
2026-05-18 00:00:00-03:00,TOTS3.SA,30.919790157428874,31.585693769066122,30.889972898751314,31.267648696899414,4353700,0.0,0.0
2026-05-19 00:00:00-03:00,TOTS3.SA,31.048995341791425,31.34716224971517,30.104804872583532,30.45266342163086,10043300,0.0,0.0
2026-05-20 00:00:00-03:00,TOTS3.SA,30.561989828780693,31.90373420715332,30.432785502631134,31.90373420715332,7083300,0.0,0.0
2026-05-21 00:00:00-03:00,TOTS3.SA,31.506182057227,32.28141180339384,31.029115410716475,32.072696685791016,6676600,0.0,0.0
2026-05-22 00:00:00-03:00,TOTS3.SA,31.71489842542904,32.59945625608923,31.297466278076172,31.297466278076172,8096700,0.0,0.0
2026-05-25 00:00:00-03:00,TOTS3.SA,31.49624474006089,31.82422701163192,31.20801691878097,31.704959869384766,4559300,0.0,0.0
2026-05-26 00:00:00-03:00,TOTS3.SA,31.03905561405742,31.565815813526207,30.730951521686222,31.287527084350586,4798500,0.0,0.0
2026-05-27 00:00:00-03:00,TOTS3.SA,31.49624367257601,31.645326173566996,30.373151580691104,30.889972686767578,9816800,0.0,0.0
2026-05-28 00:00:00-03:00,TOTS3.SA,31.297465229382546,31.764590897037753,30.561989926916407,31.555875778198242,8133400,0.0,0.0
2026-05-29 00:00:00-03:00,TOTS3.SA,31.615509054860265,33.55358536768463,31.208015999029595,32.86780548095703,106773500,0.0,0.0
2026-06-01 00:00:00-03:00,TOTS3.SA,33.245483095231265,34.38844957040704,32.86780540321184,34.2890625,10534700,0.0,0.0
2026-06-02 00:00:00-03:00,TOTS3.SA,34.21948983561869,34.467961296062406,33.792118620345605,34.19961166381836,5922400,0.0,0.0
2026-06-03 00:00:00-03:00,TOTS3.SA,33.86168953161085,34.88539071138477,32.83798835183692,33.4144401550293,8428300,0.0,0.0
2026-06-05 00:00:00-03:00,TOTS3.SA,33.4144422680308,34.23936936937684,32.80817127381238,32.897621154785156,5826300,0.0,0.0
2026-06-08 00:00:00-03:00,TOTS3.SA,32.619334114547975,33.47407657367715,32.14226934950759,32.162147521972656,5188900,0.0,0.0
2026-06-09 00:00:00-03:00,TOTS3.SA,32.40067855016494,32.51000660486262,30.601747512817383,30.601747512817383,7149800,0.0,0.0
2026-06-10 00:00:00-03:00,TOTS3.SA,30.601747509695937,30.701134582297982,28.26611528549683,28.454952239990234,9233000,0.0,0.0
2026-06-11 00:00:00-03:00,TOTS3.SA,28.27605407628665,30.49241913623099,27.838743757799236,29.856332778930664,10870100,0.0,0.0
2026-06-12 00:00:00-03:00,TOTS3.SA,29.31963285202008,30.134618953410406,29.15067218009622,29.6177978515625,5094400,0.0,0.0
2026-06-15 00:00:00-03:00,TOTS3.SA,30.313518708958235,30.69119450139387,29.230182970655274,29.260000228881836,5062700,0.0,0.0
2026-06-16 00:00:00-03:00,TOTS3.SA,29.100000381469727,29.450000762939453,28.440000534057617,28.6200008392334,3898100,0.18,0.0
2026-06-17 00:00:00-03:00,TOTS3.SA,29.0,29.040000915527344,27.93000030517578,27.93000030517578,5715100,0.0,0.0
2026-06-18 00:00:00-03:00,TOTS3.SA,28.229999542236328,28.479999542236328,27.0,27.139999389648438,6421800,0.0,0.0
2026-06-19 00:00:00-03:00,TOTS3.SA,27.010000228881836,27.450000762939453,26.8799991607666,27.100000381469727,3145800,0.0,0.0
2026-06-22 00:00:00-03:00,TOTS3.SA,27.209999084472656,27.829999923706055,26.850000381469727,27.25,4359800,0.0,0.0
2026-06-23 00:00:00-03:00,TOTS3.SA,26.940000534057617,27.8799991607666,26.799999237060547,27.549999237060547,3258100,0.0,0.0
2026-06-24 00:00:00-03:00,TOTS3.SA,27.149999618530273,28.030000686645508,27.149999618530273,27.40999984741211,4142900,0.0,0.0
2026-06-25 00:00:00-03:00,TOTS3.SA,27.510000228881836,28.0,27.15999984741211,27.15999984741211,2349800,0.0,0.0
2026-06-26 00:00:00-03:00,TOTS3.SA,27.110000610351562,28.799999237060547,27.010000228881836,28.690000534057617,5000400,0.0,0.0
2026-06-29 00:00:00-03:00,TOTS3.SA,28.690000534057617,28.93000030517578,28.290000915527344,28.5,2686600,0.0,0.0
2026-06-30 00:00:00-03:00,TOTS3.SA,28.31999969482422,28.899999618530273,27.68000030517578,28.700000762939453,4664500,0.0,0.0
2026-07-01 00:00:00-03:00,TOTS3.SA,28.5,29.100000381469727,28.260000228881836,28.979999542236328,3498300,0.0,0.0
2026-07-02 00:00:00-03:00,TOTS3.SA,28.969999313354492,29.690000534057617,28.950000762939453,29.540000915527344,3615400,0.0,0.0
2026-07-03 00:00:00-03:00,TOTS3.SA,29.75,30.170000076293945,29.209999084472656,30.0,2060300,0.0,0.0
2026-07-06 00:00:00-03:00,TOTS3.SA,29.579999923706055,29.84000015258789,28.450000762939453,28.510000228881836,3901100,0.0,0.0
2026-07-07 00:00:00-03:00,TOTS3.SA,28.559999465942383,29.219999313354492,28.5,28.670000076293945,4171300,0.0,0.0
2026-07-08 00:00:00-03:00,TOTS3.SA,28.6200008392334,29.079999923706055,28.209999084472656,28.940000534057617,3512400,0.0,0.0
2026-07-09 00:00:00-03:00,TOTS3.SA,29.0,29.690000534057617,28.760000228881836,29.59000015258789,2652300,0.0,0.0
2026-07-10 00:00:00-03:00,TOTS3.SA,29.989999771118164,30.489999771118164,29.700000762939453,29.90999984741211,4573200,0.0,0.0
2026-07-13 00:00:00-03:00,TOTS3.SA,29.90999984741211,29.979999542236328,29.219999313354492,29.219999313354492,3105500,0.0,0.0
2026-07-14 00:00:00-03:00,TOTS3.SA,29.280000686645508,29.440000534057617,28.450000762939453,28.719999313354492,3630400,0.0,0.0
2026-07-15 00:00:00-03:00,TOTS3.SA,28.65999984741211,30.0,28.540000915527344,29.920000076293945,6128200,0.0,0.0
2026-07-16 00:00:00-03:00,TOTS3.SA,29.700000762939453,30.149999618530273,29.420000076293945,29.899999618530273,2610400,0.0,0.0
2026-07-17 00:00:00-03:00,TOTS3.SA,29.75,29.75,29.1299991607666,29.190000534057617,2812300,0.0,0.0
2026-07-20 00:00:00-03:00,TOTS3.SA,29.209999084472656,29.40999984741211,28.729999542236328,28.829999923706055,2772500,0.0,0.0
2026-07-21 00:00:00-03:00,TOTS3.SA,28.760000228881836,28.770000457763672,28.059999465942383,28.56999969482422,3840500,0.0,0.0
2026-07-22 00:00:00-03:00,TOTS3.SA,28.8799991607666,29.030000686645508,28.190000534057617,28.889999389648438,3356600,0.0,0.0
2026-07-23 00:00:00-03:00,TOTS3.SA,28.719999313354492,29.06999969482422,26.899999618530273,27.049999237060547,6233300,0.0,0.0
2026-07-24 00:00:00-03:00,TOTS3.SA,26.979999542236328,27.920000076293945,26.760000228881836,27.469999313354492,6208600,0.0,0.0
2026-07-27 00:00:00-03:00,TOTS3.SA,27.579999923706055,29.530000686645508,27.520000457763672,29.3799991607666,6549500,0.0,0.0
2026-07-28 00:00:00-03:00,TOTS3.SA,29.969999313354492,30.139999389648438,29.270000457763672,29.690000534057617,4201900,0.0,0.0
2026-07-29 00:00:00-03:00,TOTS3.SA,29.610000610351562,30.350000381469727,29.299999237060547,29.440000534057617,4182100,0.0,0.0
2026-07-30 00:00:00-03:00,TOTS3.SA,29.709999084472656,31.309999465942383,29.290000915527344,31.1299991607666,5990800,0.0,0.0
2026-07-31 00:00:00-03:00,TOTS3.SA,31.25,31.489999771118164,30.770000457763672,31.059999465942383,2406600,0.0,0.0
2026-08-03 00:00:00-03:00,TOTS3.SA,31.06999969482422,31.760000228881836,30.860000610351562,31.739999771118164,3744700,0.0,0.0
2026-08-04 00:00:00-03:00,TOTS3.SA,32.0099983215332,32.439998626708984,31.489999771118164,31.790000915527344,3355800,0.0,0.0
2026-08-05 00:00:00-03:00,TOTS3.SA,32.060001373291016,32.880001068115234,31.690000534057617,32.5099983215332,4057500,0.0,0.0
2026-08-06 00:00:00-03:00,TOTS3.SA,31.600000381469727,32.5099983215332,31.43000030517578,32.209999084472656,8852800,0.0,0.0
2026-08-07 00:00:00-03:00,TOTS3.SA,32.209999084472656,32.849998474121094,31.200000762939453,32.209999084472656,5383100,0.0,0.0
2026-08-10 00:00:00-03:00,TOTS3.SA,32.209999084472656,32.45000076293945,31.809999465942383,31.84000015258789,4244700,0.0,0.0
2026-08-11 00:00:00-03:00,TOTS3.SA,31.600000381469727,32.060001373291016,30.270000457763672,30.59000015258789,4232600,0.0,0.0
2026-08-12 00:00:00-03:00,TOTS3.SA,30.559999465942383,30.84000015258789,29.309999465942383,29.31999969482422,4615400,0.0,0.0
2026-08-13 00:00:00-03:00,TOTS3.SA,29.100000381469727,29.93000030517578,29.079999923706055,29.530000686645508,2363500,0.0,0.0
2026-08-14 00:00:00-03:00,TOTS3.SA,29.34000015258789,30.200000762939453,28.90999984741211,30.200000762939453,4747600,0.0,0.0
2026-08-17 00:00:00-03:00,TOTS3.SA,30.06999969482422,30.729999542236328,30.030000686645508,30.56999969482422,4017200,0.0,0.0
2026-08-18 00:00:00-03:00,TOTS3.SA,30.200000762939453,31.3799991607666,30.18000030517578,31.18000030517578,3232100,0.0,0.0
2026-08-19 00:00:00-03:00,TOTS3.SA,31.59000015258789,32.18000030517578,31.389999389648438,32.04999923706055,2901700,0.0,0.0
2026-08-20 00:00:00-03:00,TOTS3.SA,31.729999542236328,32.380001068115234,30.6299991607666,31.290000915527344,3646100,0.0,0.0
2026-08-21 00:00:00-03:00,TOTS3.SA,31.3700008392334,32.529998779296875,31.290000915527344,32.18000030517578,3368300,0.0,0.0
2026-08-24 00:00:00-03:00,TOTS3.SA,31.59000015258789,32.20000076293945,31.389999389648438,31.920000076293945,2098200,0.0,0.0
2026-08-25 00:00:00-03:00,TOTS3.SA,31.700000762939453,32.849998474121094,31.700000762939453,32.75,2251400,0.0,0.0
2026-08-26 00:00:00-03:00,TOTS3.SA,32.84000015258789,33.189998626708984,32.540000915527344,32.599998474121094,3048600,0.0,0.0
2026-08-27 00:00:00-03:00,TOTS3.SA,32.5,34.970001220703125,32.38999938964844,34.689998626708984,6894700,0.0,0.0
2026-08-28 00:00:00-03:00,TOTS3.SA,34.95000076293945,35.18000030517578,33.869998931884766,34.40999984741211,2677600,0.0,0.0
2026-08-31 00:00:00-03:00,TOTS3.SA,34.619998931884766,35.790000915527344,34.560001373291016,35.45000076293945,4650900,0.0,0.0
2026-09-01 00:00:00-03:00,TOTS3.SA,35.5,35.68000030517578,34.9900016784668,34.9900016784668,6271200,0.0,0.0
2026-09-02 00:00:00-03:00,TOTS3.SA,35.34000015258789,35.88999938964844,34.61000061035156,34.7400016784668,9700300,0.0,0.0
2026-09-03 00:00:00-03:00,TOTS3.SA,35.5,35.52000045776367,34.630001068115234,34.81999969482422,4820800,0.0,0.0
2026-09-04 00:00:00-03:00,TOTS3.SA,34.5099983215332,34.93000030517578,34.150001525878906,34.5,3188900,0.0,0.0
2023-09-04 00:00:00-03:00,KLBN11.SA,17.478280510640566,17.60690680268772,17.334518506928116,17.5312442779541,1925029,0.0,0.0
2023-09-05 00:00:00-03:00,KLBN11.SA,17.561507483192496,17.584206238280014,17.33451672559908,17.342082977294922,5359797,0.0,0.0
2023-09-06 00:00:00-03:00,KLBN11.SA,17.387488686666476,17.440452468628834,16.93350699926447,16.971338272094727,4008265,0.0,0.0
2023-09-08 00:00:00-03:00,KLBN11.SA,16.948634423202115,16.994031936977553,16.593015755216786,16.729209899902344,4494328,0.0,0.0
2023-09-11 00:00:00-03:00,KLBN11.SA,16.797312813715816,17.09239994851128,16.661117024807428,16.971338272094727,3801842,0.0,0.0
2023-09-12 00:00:00-03:00,KLBN11.SA,17.024300879551667,17.35721923285491,17.001600516197815,17.20589256286621,2396649,0.0,0.0
2023-09-13 00:00:00-03:00,KLBN11.SA,17.20589216512659,17.372351337930258,17.145360536514705,17.190759658813477,4463220,0.0,0.0
2023-09-14 00:00:00-03:00,KLBN11.SA,17.25129338032493,17.372353445516648,17.145362616562927,17.258859634399414,2671288,0.0,0.0
2023-09-15 00:00:00-03:00,KLBN11.SA,17.31182045247209,17.652306637677025,17.19075880462318,17.48584747314453,7476807,0.0,0.0
2023-09-18 00:00:00-03:00,KLBN11.SA,17.516113293439506,17.606908331001033,17.31182125220722,17.455581665039062,4185137,0.0,0.0
2023-09-19 00:00:00-03:00,KLBN11.SA,17.478283991808564,17.705273214578387,17.357220721403902,17.591777801513672,5395682,0.0,0.0
2023-09-20 00:00:00-03:00,KLBN11.SA,17.599340750020147,18.242481837713232,17.599340750020147,18.204648971557617,7090402,0.0,0.0
2023-09-21 00:00:00-03:00,KLBN11.SA,18.113858500083282,18.507308542273723,18.060893115477818,18.29545021057129,6846648,0.0,0.0
2023-09-22 00:00:00-03:00,KLBN11.SA,18.34083866931878,18.446769386155687,18.144114547167295,18.18194580078125,4063593,0.0,0.0
2023-09-25 00:00:00-03:00,KLBN11.SA,18.21978279168923,18.408940706036468,18.113853654176694,18.12141990661621,3509204,0.0,0.0
2023-09-26 00:00:00-03:00,KLBN11.SA,18.14411798086819,18.19708174595091,17.8717296965815,17.901994705200195,4389005,0.0,0.0
2023-09-27 00:00:00-03:00,KLBN11.SA,17.864164629732663,18.174384195376113,17.81119925777642,18.007925033569336,4455554,0.0,0.0
2023-09-28 00:00:00-03:00,KLBN11.SA,18.015491006561234,18.159251408166234,17.667438579677963,17.864164352416992,6039618,0.0,0.0
2023-09-29 00:00:00-03:00,KLBN11.SA,17.932259203554768,18.280311602843554,17.932259203554768,18.01548957824707,4988501,0.0,0.0
2023-10-02 00:00:00-03:00,KLBN11.SA,18.05332374572754,18.28788080034578,17.932262091839398,18.05332374572754,3190903,0.0,0.0
2023-10-03 00:00:00-03:00,KLBN11.SA,18.128987155326772,18.454340838183576,18.091155891050178,18.159252166748047,4571542,0.0,0.0
2023-10-04 00:00:00-03:00,KLBN11.SA,18.197084559657917,18.36354533951802,17.93982873990263,18.068456649780273,4492217,0.0,0.0
2023-10-05 00:00:00-03:00,KLBN11.SA,18.068458653348696,18.11385778168996,17.735538660071253,17.80363655090332,3533424,0.0,0.0
2023-10-06 00:00:00-03:00,KLBN11.SA,17.561510740874485,17.93982820592216,17.531245728476932,17.780935287475586,4731415,0.0,0.0
2023-10-09 00:00:00-03:00,KLBN11.SA,17.77337133663852,17.864167988951884,17.553946761614394,17.796070098876953,3726960,0.0,0.0
2023-10-10 00:00:00-03:00,KLBN11.SA,17.871728196464638,17.96252321469957,17.65230369567871,17.65230369567871,4274683,0.0,0.0
2023-10-11 00:00:00-03:00,KLBN11.SA,17.780933300104984,17.780933300104984,17.56907503028262,17.58420753479004,4337121,0.0,0.0
2023-10-13 00:00:00-03:00,KLBN11.SA,17.59177732241616,17.992795185891246,17.55394605354476,17.841466903686523,7346931,0.0,0.0
2023-10-16 00:00:00-03:00,KLBN11.SA,17.841466705350324,17.939829606682068,17.743103804018585,17.833900451660156,3746514,0.0,0.0
2023-10-17 00:00:00-03:00,KLBN11.SA,17.780934764013466,18.17438472367694,17.62960810312126,17.89443016052246,5994067,0.0,0.0
2023-10-18 00:00:00-03:00,KLBN11.SA,17.85660223269014,18.000362667567696,17.493417216671197,17.5463809967041,6819873,0.0,0.0
2023-10-19 00:00:00-03:00,KLBN11.SA,17.56150928784755,17.644739668413816,17.417748887494383,17.5312442779541,3888388,0.0,0.0
2023-10-20 00:00:00-03:00,KLBN11.SA,17.41774925640135,17.57664216506658,17.084829330444336,17.084829330444336,4091701,0.0,0.0
2023-10-23 00:00:00-03:00,KLBN11.SA,17.077267439379177,17.152931588399422,16.78218030458371,16.971338272094727,5677987,0.0,0.0
2023-10-24 00:00:00-03:00,KLBN11.SA,17.039433401575124,17.09996342828138,16.645981814546573,16.74434471130371,5910631,0.0,0.0
2023-10-25 00:00:00-03:00,KLBN11.SA,16.46438864768222,16.918370220514817,16.40385702307019,16.759475708007812,9222299,0.0,0.0
2023-10-26 00:00:00-03:00,KLBN11.SA,16.804876128730825,17.009166569638946,16.630849097433426,16.79730987548828,7235831,0.0,0.0
2023-10-27 00:00:00-03:00,KLBN11.SA,16.86540730806831,17.08483187382705,16.608151473509636,16.64598274230957,5617438,0.0,0.0
2023-10-30 00:00:00-03:00,KLBN11.SA,16.76031827141677,16.88299211890242,16.476635506828575,16.484302520751953,6873423,0.260237,0.0
2023-10-31 00:00:00-03:00,KLBN11.SA,16.491968066057066,16.652976968821687,16.338626176533072,16.407630920410156,3860613,0.0,0.0
2023-11-01 00:00:00-03:00,KLBN11.SA,16.33862631214807,16.691313798278657,16.31562527223527,16.599308013916016,6137608,0.0,0.0
2023-11-03 00:00:00-03:00,KLBN11.SA,16.72198263210917,16.921328236748813,16.537972679505405,16.744983673095703,3940828,0.0,0.0
2023-11-06 00:00:00-03:00,KLBN11.SA,16.798654402543225,17.205011000993306,16.798654402543225,17.12067222595215,2796498,0.0,0.0
2023-11-07 00:00:00-03:00,KLBN11.SA,16.99032964305889,17.35835113579421,16.99032964305889,17.174341201782227,2859825,0.0,0.0
2023-11-08 00:00:00-03:00,KLBN11.SA,17.18200556358832,17.611364717887632,17.18200556358832,17.56536102294922,3716406,0.0,0.0
2023-11-09 00:00:00-03:00,KLBN11.SA,17.46569034711186,17.573030148599113,17.243345356221795,17.327682495117188,3038807,0.0,0.0
2023-11-10 00:00:00-03:00,KLBN11.SA,17.39668744208948,17.573030359333107,17.343018353057907,17.35835075378418,1838593,0.0,0.0
2023-11-13 00:00:00-03:00,KLBN11.SA,17.4426911829431,17.465692223294457,17.197343503105675,17.22034454345703,1778711,0.0,0.0
2023-11-14 00:00:00-03:00,KLBN11.SA,17.304682678576526,17.481027230862914,17.013332928770424,17.39668846130371,3933828,0.0,0.0
2023-11-16 00:00:00-03:00,KLBN11.SA,17.404354937487632,17.695704678304597,17.38902091162478,17.65736961364746,3659411,0.0,0.0
2023-11-17 00:00:00-03:00,KLBN11.SA,17.703371783288063,17.88738334402185,17.596031976978583,17.74170684814453,3628970,0.0,0.0
2023-11-20 00:00:00-03:00,KLBN11.SA,17.803041957887885,17.841377017105454,17.373682795806552,17.542360305786133,5341243,0.0,0.0
2023-11-21 00:00:00-03:00,KLBN11.SA,17.55769787109303,17.741707817165743,17.51936280414277,17.672704696655273,2943483,0.0,0.0
2023-11-22 00:00:00-03:00,KLBN11.SA,17.657371443631906,18.033059990341748,17.588366695386142,17.94872283935547,4873957,0.0,0.0
2023-11-23 00:00:00-03:00,KLBN11.SA,17.941052125863695,18.025390891806925,17.764709205849325,17.895050048828125,1767934,0.0,0.0
2023-11-24 00:00:00-03:00,KLBN11.SA,17.887380604030238,17.895047615827096,17.51169215185076,17.59602928161621,3858280,0.0,0.0
2023-11-27 00:00:00-03:00,KLBN11.SA,17.6880360748297,17.70337009931369,17.542361217520593,17.634366989135742,3050694,0.0,0.0
2023-11-28 00:00:00-03:00,KLBN11.SA,17.634368514055122,17.818378448486328,17.427355916197577,17.818378448486328,3999822,0.0,0.0
2023-11-29 00:00:00-03:00,KLBN11.SA,17.833711364333492,18.07139199901787,17.634367416499384,17.964052200317383,5114266,0.0,0.0
2023-11-30 00:00:00-03:00,KLBN11.SA,17.734037412476265,17.81837616835011,17.04399821577121,17.30467987060547,16566676,0.0,0.0
2023-12-01 00:00:00-03:00,KLBN11.SA,16.96732949861293,16.96732949861293,16.215952447767975,16.22361946105957,20873134,0.0,0.0
2023-12-04 00:00:00-03:00,KLBN11.SA,16.10094275532096,16.307955326737893,15.870929148126848,16.02427101135254,11636169,0.0,0.0
2023-12-05 00:00:00-03:00,KLBN11.SA,16.02427229866714,16.223617874172827,15.962936198333868,16.20061683654785,6585119,0.0,0.0
2023-12-06 00:00:00-03:00,KLBN11.SA,16.215952075079123,16.399963639271174,16.139280319213867,16.139280319213867,4306791,0.0,0.0
2023-12-07 00:00:00-03:00,KLBN11.SA,16.246619534824532,16.33095830072829,15.717589150317655,15.82492733001709,9011321,0.0,0.0
2023-12-08 00:00:00-03:00,KLBN11.SA,15.824929076179282,15.924601878752533,15.679254191516002,15.90160083770752,5573664,0.0,0.0
2023-12-11 00:00:00-03:00,KLBN11.SA,15.870927471185013,16.0626059984975,15.840259426722527,16.0549373626709,4438445,0.0,0.0
2023-12-12 00:00:00-03:00,KLBN11.SA,16.06261078459159,16.093278838192077,15.916934280566345,15.985939025878906,3809952,0.0,0.0
2023-12-13 00:00:00-03:00,KLBN11.SA,16.016605493828962,16.537970476979226,15.932268354777031,16.4996337890625,6238153,0.0,0.0
2023-12-14 00:00:00-03:00,KLBN11.SA,16.4842987249529,16.752647399902344,16.4842987249529,16.752647399902344,6366363,0.0,0.0
2023-12-15 00:00:00-03:00,KLBN11.SA,16.783318342204456,16.990329310831136,16.530302047729492,16.530302047729492,5719539,0.0,0.0
2023-12-18 00:00:00-03:00,KLBN11.SA,16.246618740068428,16.346291526767715,15.90926531766748,16.14694595336914,8675576,0.0,0.0
2023-12-19 00:00:00-03:00,KLBN11.SA,16.13161079417312,16.44596315708891,16.13161079417312,16.315622329711914,5753202,0.0,0.0
2023-12-20 00:00:00-03:00,KLBN11.SA,16.315621799880553,16.53029975142285,16.22361603509894,16.307954788208008,4029930,0.0,0.0
2023-12-21 00:00:00-03:00,KLBN11.SA,16.545634979722912,16.714310856950714,16.407627148407247,16.675975799560547,5546556,0.0,0.0
2023-12-22 00:00:00-03:00,KLBN11.SA,16.78021348242565,16.934657506785463,16.695271069036515,16.91149139404297,4727860,0.139501,0.0
2023-12-26 00:00:00-03:00,KLBN11.SA,16.97327098208695,17.0350489310704,16.880604876797737,16.888328552246094,2413536,0.0,0.0
2023-12-27 00:00:00-03:00,KLBN11.SA,16.888330163410327,17.050494635858175,16.795664049280667,16.957828521728516,3008143,0.0,0.0
2023-12-28 00:00:00-03:00,KLBN11.SA,16.919213415987908,17.158599853515625,16.919213415987908,17.158599853515625,4087035,0.0,0.0
2024-01-02 00:00:00-03:00,KLBN11.SA,17.150880626813215,17.220378976366604,16.780216217041016,16.780216217041016,4862958,0.0,0.0
2024-01-03 00:00:00-03:00,KLBN11.SA,16.780215357402064,17.127713632854366,16.74160516518371,17.019601821899414,3708073,0.0,0.0
2024-01-04 00:00:00-03:00,KLBN11.SA,17.065937087376167,17.119991360911257,16.888328552246094,16.888328552246094,2960037,0.0,0.0
2024-01-05 00:00:00-03:00,KLBN11.SA,16.90376934583815,17.089099884033203,16.772491434303337,17.089099884033203,3034363,0.0,0.0
2024-01-08 00:00:00-03:00,KLBN11.SA,17.096823523944856,17.29759979248047,16.93465908327948,17.29759979248047,3764956,0.0,0.0
2024-01-09 00:00:00-03:00,KLBN11.SA,17.29760287513843,17.32849103384189,17.011882498015318,17.04277229309082,2807941,0.0,0.0
2024-01-10 00:00:00-03:00,KLBN11.SA,17.204932623464018,17.2589868881906,16.996435966004118,17.181766510009766,2873379,0.0,0.0
2024-01-11 00:00:00-03:00,KLBN11.SA,17.081379204192732,17.220377527980386,17.011879224113045,17.1199893951416,2829717,0.0,0.0
2024-01-12 00:00:00-03:00,KLBN11.SA,17.28215760777768,17.56787632888789,17.235825372907463,17.351655960083008,3899165,0.0,0.0
2024-01-15 00:00:00-03:00,KLBN11.SA,17.382544361064852,17.498374938964844,17.266712146793058,17.498374938964844,1697719,0.0,0.0
2024-01-16 00:00:00-03:00,KLBN11.SA,17.374821302212094,17.47520779716362,17.011878967285156,17.011878967285156,4579653,0.0,0.0
2024-01-17 00:00:00-03:00,KLBN11.SA,17.11999295043185,17.174048865357726,16.926940319224755,17.081382751464844,4961614,0.0,0.0
2024-01-18 00:00:00-03:00,KLBN11.SA,17.10454679829026,17.10454679829026,16.60260772705078,16.60260772705078,4676532,0.0,0.0
2024-01-19 00:00:00-03:00,KLBN11.SA,16.60260579717458,16.980990566335418,16.46360747752077,16.7956600189209,4103811,0.0,0.0
2024-01-22 00:00:00-03:00,KLBN11.SA,16.926935490598076,16.926935490598076,16.56399481472553,16.59488296508789,2673288,0.0,0.0
2024-01-23 00:00:00-03:00,KLBN11.SA,16.695271345262952,16.880601886640815,16.610327294096802,16.826547622680664,2473641,0.0,0.0
2024-01-24 00:00:00-03:00,KLBN11.SA,16.872881218553882,16.97326935328602,16.6952727004676,16.803382873535156,2642180,0.0,0.0
2024-01-25 00:00:00-03:00,KLBN11.SA,16.896050609985302,17.050493028056643,16.79566246550876,16.818828582763672,1980579,0.0,0.0
2024-01-26 00:00:00-03:00,KLBN11.SA,16.841991960220145,17.15860042031492,16.834269922391368,16.93465805053711,1572176,0.0,0.0
2024-01-29 00:00:00-03:00,KLBN11.SA,16.96555179064493,16.96555179064493,16.409556701958874,16.633499145507812,5188703,0.0,0.0
2024-01-30 00:00:00-03:00,KLBN11.SA,16.602607200801547,16.702995339141836,16.50994110107422,16.50994110107422,2705507,0.0,0.0
2024-01-31 00:00:00-03:00,KLBN11.SA,16.563997295264326,16.74932786156424,16.43272100019343,16.44044303894043,3608528,0.0,0.0
2024-02-01 00:00:00-03:00,KLBN11.SA,16.517664542056874,16.54082902119577,16.231944208309663,16.29372215270996,3002366,0.0,0.0
2024-02-02 00:00:00-03:00,KLBN11.SA,16.293722166188893,16.394108666818255,16.14700179812803,16.22422218322754,3038140,0.0,0.0
2024-02-05 00:00:00-03:00,KLBN11.SA,16.216501739700753,16.502220465414556,15.838116906381517,16.363222122192383,7105178,0.0,0.0
2024-02-06 00:00:00-03:00,KLBN11.SA,16.37094354335531,16.74932836238813,16.37094354335531,16.65666389465332,3088913,0.0,0.0
2024-02-07 00:00:00-03:00,KLBN11.SA,16.579441593960972,16.91921621247791,16.5022195690888,16.672107696533203,4929062,0.0,0.0
2024-02-08 00:00:00-03:00,KLBN11.SA,16.664384292808442,16.996436845279018,16.57171819782591,16.69527244567871,5731093,0.0,0.0
2024-02-09 00:00:00-03:00,KLBN11.SA,16.69527247498144,16.764772455433256,16.50221824645996,16.50221824645996,2815162,0.0,0.0
2024-02-14 00:00:00-03:00,KLBN11.SA,16.525386016022622,16.548550494370172,16.270553844995202,16.378664016723633,2106011,0.0,0.0
2024-02-15 00:00:00-03:00,KLBN11.SA,16.463608559990668,16.71843910217285,16.394108577408353,16.71843910217285,4115144,0.0,0.0
2024-02-16 00:00:00-03:00,KLBN11.SA,16.75270885364346,16.994035093649007,16.698216576701586,16.853910446166992,2877934,0.156634,0.0
2024-02-19 00:00:00-03:00,KLBN11.SA,16.85390930000807,16.885047741857267,16.628152297338634,16.7604923248291,1992467,0.0,0.0
2024-02-20 00:00:00-03:00,KLBN11.SA,16.737136527952345,16.94732428501423,16.589227296906685,16.93175506591797,3852614,0.0,0.0
2024-02-21 00:00:00-03:00,KLBN11.SA,16.92397478523214,16.994036289085845,16.73714080902572,16.861696243286133,3616860,0.0,0.0
2024-02-22 00:00:00-03:00,KLBN11.SA,16.861693538202868,17.149727418211572,16.861693538202868,17.040742874145508,3656967,0.0,0.0
2024-02-23 00:00:00-03:00,KLBN11.SA,17.087449884571225,17.204220684108147,16.846123675503677,16.877262115478516,3828172,0.0,0.0
2024-02-26 00:00:00-03:00,KLBN11.SA,16.90840136761374,17.243144562315784,16.82277065356984,17.141942977905273,2381872,0.0,0.0
2024-02-27 00:00:00-03:00,KLBN11.SA,17.212005291258887,17.601240739773903,17.165297631304345,17.40662384033203,4460442,0.0,0.0
2024-02-28 00:00:00-03:00,KLBN11.SA,17.437758636665897,17.749147920191596,17.422189419934252,17.59345245361328,4564543,0.0,0.0
2024-02-29 00:00:00-03:00,KLBN11.SA,17.59345843203234,17.71022924683041,17.391055246480622,17.570104598999023,6941861,0.0,0.0
2024-03-01 00:00:00-03:00,KLBN11.SA,17.577884705993817,17.679086272838596,17.422190876033962,17.515607833862305,4369674,0.0,0.0
2024-03-04 00:00:00-03:00,KLBN11.SA,17.593458946828704,17.593458946828704,17.359917310398984,17.52339744567871,2284327,0.0,0.0
2024-03-05 00:00:00-03:00,KLBN11.SA,17.523394891110613,17.601240992151055,17.297637898830732,17.359914779663086,2962148,0.0,0.0
2024-03-06 00:00:00-03:00,KLBN11.SA,17.398836925279674,17.42997701370757,17.1419415059446,17.24314308166504,3817951,0.0,0.0
2024-03-07 00:00:00-03:00,KLBN11.SA,17.227575685634125,17.507826613359697,17.13416035935699,17.414409637451172,3294892,0.0,0.0
2024-03-08 00:00:00-03:00,KLBN11.SA,17.40662515222123,17.64016511922648,16.838340331787858,17.157512664794922,8479263,0.0,0.0
2024-03-11 00:00:00-03:00,KLBN11.SA,17.12637325407461,17.39105329806155,17.0329579324072,17.212005615234375,4497439,0.0,0.0
2024-03-12 00:00:00-03:00,KLBN11.SA,17.25092880353601,17.554533550270797,17.09523494988375,17.42219352722168,3313335,0.0,0.0
2024-03-13 00:00:00-03:00,KLBN11.SA,17.28985152212081,17.733579201606958,17.243142216637807,17.655733108520508,3944938,0.0,0.0
2024-03-14 00:00:00-03:00,KLBN11.SA,17.7102265311401,17.788074278945455,17.523394245890994,17.7491512298584,4460776,0.0,0.0
2024-03-15 00:00:00-03:00,KLBN11.SA,17.764720276191838,18.13060188293457,17.601240172358533,18.13060188293457,11948693,0.0,0.0
2024-03-18 00:00:00-03:00,KLBN11.SA,18.208447773631764,18.65996173203592,18.006044623388963,18.574329376220703,13669188,0.0,0.0
2024-03-19 00:00:00-03:00,KLBN11.SA,18.566546679285167,19.298309959848982,18.566546679285167,19.0180606842041,9057316,0.0,0.0
2024-03-20 00:00:00-03:00,KLBN11.SA,19.010275699980927,19.27495574951172,18.901289506121543,19.27495574951172,4241464,0.0,0.0
2024-03-21 00:00:00-03:00,KLBN11.SA,19.220465586535287,19.633054926710535,19.165971658810086,19.313880920410156,6981301,0.0,0.0
2024-03-22 00:00:00-03:00,KLBN11.SA,19.3138769877685,19.3839401235401,18.776732328833905,19.041412353515625,4957170,0.0,0.0
2024-03-25 00:00:00-03:00,KLBN11.SA,18.94799668336831,19.134830625101085,18.62882272025453,18.815656661987305,3676632,0.0,0.0
2024-03-26 00:00:00-03:00,KLBN11.SA,18.79230127051491,19.306092093150102,18.706668916865322,19.15039825439453,6858647,0.0,0.0
2024-03-27 00:00:00-03:00,KLBN11.SA,19.383941069729683,19.710899636571696,19.345016370342677,19.57855796813965,5658100,0.0,0.0
2024-03-28 00:00:00-03:00,KLBN11.SA,19.57855983245901,19.7264707348778,19.40729674759439,19.66419219970703,3558199,0.0,0.0
2024-04-01 00:00:00-03:00,KLBN11.SA,19.664192288735336,19.70311699200508,19.337233689279223,19.51628303527832,3481096,0.0,0.0
2024-04-02 00:00:00-03:00,KLBN11.SA,19.516281594513387,19.555206294909564,19.150399968429717,19.531850814819336,3888833,0.0,0.0
2024-04-03 00:00:00-03:00,KLBN11.SA,19.422862381978558,19.586340825959674,19.041411579601874,19.220460891723633,3656856,0.0,0.0
2024-04-04 00:00:00-03:00,KLBN11.SA,19.220461759358574,19.60191257895441,19.127044794453358,19.39950942993164,2979146,0.0,0.0
2024-04-05 00:00:00-03:00,KLBN11.SA,19.376159039302305,19.41508209423982,19.041415817945197,19.212678909301758,3498205,0.0,0.0
2024-04-08 00:00:00-03:00,KLBN11.SA,19.251603728909117,19.524068414362826,19.095908208965714,19.422866821289062,3439433,0.0,0.0
2024-04-09 00:00:00-03:00,KLBN11.SA,19.407296039482116,19.695331573486328,19.360588377031828,19.695331573486328,3695186,0.0,0.0
2024-04-10 00:00:00-03:00,KLBN11.SA,19.648621579591097,19.757607771157947,19.391726145766132,19.617483139038086,5328022,0.0,0.0
2024-04-11 00:00:00-03:00,KLBN11.SA,19.4851426459309,19.65640737859356,19.30609495229056,19.625268936157227,3778177,0.0,0.0
2024-04-12 00:00:00-03:00,KLBN11.SA,19.492927587589588,19.679759879200905,19.360587566555775,19.40729522705078,3352998,0.0,0.0
2024-04-15 00:00:00-03:00,KLBN11.SA,19.383940856588623,19.383940856588623,18.947996105592814,19.033628463745117,5429679,0.0,0.0
2024-04-16 00:00:00-03:00,KLBN11.SA,18.994705414417364,19.306093108301873,18.885719226668414,19.033628463745117,5033718,0.0,0.0
2024-04-17 00:00:00-03:00,KLBN11.SA,19.072552017044814,19.18932281774486,18.877935115632262,18.963565826416016,3780399,0.0,0.0
2024-04-18 00:00:00-03:00,KLBN11.SA,19.02584511935612,19.05698356088945,18.67553270321209,18.870149612426758,4715195,0.0,0.0
2024-04-19 00:00:00-03:00,KLBN11.SA,18.800088209951593,19.165969848632812,18.714455845689198,19.165969848632812,6912308,0.0,0.0
2024-04-22 00:00:00-03:00,KLBN11.SA,19.127044111067747,19.15039793905185,18.70666860882937,18.75337791442871,4956504,0.0,0.0
2024-04-23 00:00:00-03:00,KLBN11.SA,18.667749450765594,18.69888789456401,18.325221620088602,18.582117080688477,3900387,0.0,0.0
2024-04-24 00:00:00-03:00,KLBN11.SA,18.58211456064799,18.69888535868748,18.301865305205713,18.35635757446289,3796620,0.0,0.0
2024-04-25 00:00:00-03:00,KLBN11.SA,18.20066600743585,18.20845061830512,17.920416716879288,18.099464416503906,5919074,0.0,0.0
2024-04-26 00:00:00-03:00,KLBN11.SA,18.115033472733376,18.27851359875728,17.928201163946493,17.97490882873535,5479785,0.0,0.0
2024-04-29 00:00:00-03:00,KLBN11.SA,17.974907134614273,18.013830184936523,17.842567113887338,18.013830184936523,4786076,0.0,0.0
2024-04-30 00:00:00-03:00,KLBN11.SA,18.021617932596065,18.115033261082342,17.80364553353189,17.935985565185547,3099801,0.0,0.0
2024-05-02 00:00:00-03:00,KLBN11.SA,18.037185668945312,18.161741079636695,17.92041486832019,18.037185668945312,2820051,0.0,0.0
2024-05-03 00:00:00-03:00,KLBN11.SA,18.177308568014464,18.286294748190205,18.068322387838723,18.161739349365234,3485651,0.0,0.0
2024-05-06 00:00:00-03:00,KLBN11.SA,18.192132310817495,18.326187763114483,18.01076375924427,18.058076858520508,8647246,0.268711,0.0
2024-05-07 00:00:00-03:00,KLBN11.SA,18.285178430093357,18.441312957690187,17.868816904811936,18.354572296142578,7586413,0.0,1.1
2024-05-08 00:00:00-03:00,KLBN11.SA,18.0856730835627,18.927068712527312,18.0856730835627,18.623472213745117,7267556,0.0,0.0
2024-05-09 00:00:00-03:00,KLBN11.SA,18.55408050999362,18.98779056069287,18.415292759045336,18.805631637573242,4928901,0.0,0.0
2024-05-10 00:00:00-03:00,KLBN11.SA,18.831652570008966,18.840326803627537,18.510707597135816,18.675518035888672,4504196,0.0,0.0
2024-05-13 00:00:00-03:00,KLBN11.SA,18.779610453068255,18.89237550983359,18.675521302452992,18.796958923339844,2226949,0.0,0.0
2024-05-14 00:00:00-03:00,KLBN11.SA,18.78828404588832,18.961768742673296,18.554081376242827,18.60612678527832,2820021,0.0,0.0
2024-05-15 00:00:00-03:00,KLBN11.SA,18.66684704254974,18.75358772277832,18.449991164442586,18.75358772277832,3991621,0.0,0.0
2024-05-16 00:00:00-03:00,KLBN11.SA,18.82297790926628,18.92706871032715,18.606123744736763,18.92706871032715,4623477,0.0,0.0
2024-05-17 00:00:00-03:00,KLBN11.SA,18.875025551408644,18.918396723668128,18.458663968731724,18.50203514099121,5183623,0.0,0.0
2024-05-20 00:00:00-03:00,KLBN11.SA,18.58010469130688,18.93574666038833,18.528059280561163,18.75358772277832,4730133,0.0,0.0
2024-05-21 00:00:00-03:00,KLBN11.SA,18.779606318007456,18.779606318007456,18.510706759020785,18.571426391601562,4944455,0.0,0.0
2024-05-22 00:00:00-03:00,KLBN11.SA,18.47601156683718,18.545405439181735,18.12904554714255,18.215787887573242,5295430,0.0,0.0
2024-05-23 00:00:00-03:00,KLBN11.SA,18.250482605661176,18.267831073227285,17.903514925353058,17.990257263183594,4884562,0.0,0.0
2024-05-24 00:00:00-03:00,KLBN11.SA,17.990258715962504,18.241809844970703,17.91219060561074,18.241809844970703,4025456,0.0,0.0
2024-05-27 00:00:00-03:00,KLBN11.SA,18.233135610487174,18.328552189805997,18.111697998731916,18.241809844970703,1562066,0.0,0.0
2024-05-28 00:00:00-03:00,KLBN11.SA,18.35457350722365,18.371921974880657,17.998931591269155,18.120370864868164,3432687,0.0,0.0
2024-05-29 00:00:00-03:00,KLBN11.SA,17.929539886923116,18.0596534100712,17.7387083906535,17.955562591552734,3026162,0.0,0.0
2024-05-31 00:00:00-03:00,KLBN11.SA,17.89484375994123,17.9815861126452,17.504506514801996,17.625944137573242,7258264,0.0,0.0
2024-06-03 00:00:00-03:00,KLBN11.SA,17.71268262296195,17.825447656856447,17.4871542261869,17.582569122314453,3106558,0.0,0.0
2024-06-04 00:00:00-03:00,KLBN11.SA,17.487155707976026,17.573896378077123,17.40908760097236,17.53052520751953,3942939,0.0,0.0
2024-06-05 00:00:00-03:00,KLBN11.SA,17.521850540580324,17.573894267986482,17.174882888793945,17.174882888793945,4184026,0.0,0.0
2024-06-06 00:00:00-03:00,KLBN11.SA,17.21825476303404,17.452457394552653,17.044770094491398,17.409086227416992,8506220,0.0,0.0
2024-06-07 00:00:00-03:00,KLBN11.SA,17.296325859825185,17.409089242896023,17.183560805740104,17.348369598388672,5654889,0.0,0.0
2024-06-10 00:00:00-03:00,KLBN11.SA,17.296326456300296,17.357044431887303,17.17488716309768,17.313674926757812,2492478,0.0,0.0
2024-06-11 00:00:00-03:00,KLBN11.SA,17.313673896341516,17.825450402351482,17.21825731450385,17.643291473388672,4229173,0.0,0.0
2024-06-12 00:00:00-03:00,KLBN11.SA,17.643292321039915,17.877494998515605,17.200909671476314,17.790754318237305,8492383,0.0,0.0
2024-06-13 00:00:00-03:00,KLBN11.SA,17.677986950777285,17.842797396689978,17.61726731280945,17.738706588745117,3467128,0.0,0.0
2024-06-14 00:00:00-03:00,KLBN11.SA,17.651962668636557,17.66931113507438,17.33101938156465,17.66063690185547,4548939,0.0,0.0
2024-06-17 00:00:00-03:00,KLBN11.SA,17.56522336097604,17.78207922878891,17.504505389002638,17.643291473388672,3493085,0.0,0.0
2024-06-18 00:00:00-03:00,KLBN11.SA,17.565221524853225,17.851471240444035,17.530524589630097,17.730031967163086,3700236,0.0,0.0
2024-06-19 00:00:00-03:00,KLBN11.SA,17.72136043720324,17.834125493883594,17.565224204876593,17.790754318237305,2342392,0.0,0.0
2024-06-20 00:00:00-03:00,KLBN11.SA,17.756053604527846,17.998930465521035,17.721356671383973,17.834121704101562,4141404,0.0,0.0
2024-06-21 00:00:00-03:00,KLBN11.SA,17.920863534795703,18.05965127642332,17.738706294923492,17.860145568847656,6992129,0.0,0.0
2024-06-24 00:00:00-03:00,KLBN11.SA,17.955559299091195,17.96423353237716,17.704008204812038,17.834121704101562,4413700,0.0,0.0
2024-06-25 00:00:00-03:00,KLBN11.SA,17.8254499429297,17.89484214782715,17.712684894573346,17.89484214782715,3186045,0.0,0.0
2024-06-26 00:00:00-03:00,KLBN11.SA,17.74737857784084,18.241806511009663,17.74737857784084,18.076997756958008,4337849,0.0,0.0
2024-06-27 00:00:00-03:00,KLBN11.SA,18.26783136410665,18.814304759112495,18.120371058460748,18.51938247680664,8350680,0.0,0.0
2024-06-28 00:00:00-03:00,KLBN11.SA,18.467336749809096,18.606124490116894,18.302527979207607,18.597450256347656,5171099,0.0,0.0
2024-07-01 00:00:00-03:00,KLBN11.SA,18.75358327198181,19.126573622789863,18.606122980880045,18.909719467163086,8134136,0.0,0.0
2024-07-02 00:00:00-03:00,KLBN11.SA,18.996465576559068,19.10055472303791,18.6928690298852,18.822980880737305,4013639,0.0,0.0
2024-07-03 00:00:00-03:00,KLBN11.SA,18.91839989998376,19.11790565485938,18.493364011493302,18.614803314208984,5415216,0.0,0.0
2024-07-04 00:00:00-03:00,KLBN11.SA,18.736240307867053,18.814306750406068,18.449990558171844,18.60612678527832,4087066,0.0,0.0
2024-07-05 00:00:00-03:00,KLBN11.SA,18.623473483221762,18.623473483221762,18.129045486450195,18.129045486450195,6326236,0.0,0.0
2024-07-08 00:00:00-03:00,KLBN11.SA,18.137718555531738,18.250481919457602,17.964233886393554,18.1030216217041,4341182,0.0,0.0
2024-07-09 00:00:00-03:00,KLBN11.SA,18.042303502359452,18.094348907470703,17.89484152121091,18.094348907470703,3924658,0.0,0.0
2024-07-10 00:00:00-03:00,KLBN11.SA,18.111699647478826,18.14639658857148,17.95556341256188,18.059654235839844,3971522,0.0,0.0
2024-07-11 00:00:00-03:00,KLBN11.SA,18.05965122806866,18.224459999796142,18.05097699424016,18.120370864868164,2081408,0.0,0.0
2024-07-12 00:00:00-03:00,KLBN11.SA,18.17241668701172,18.29385429239783,18.05097741061154,18.17241668701172,2110496,0.0,0.0
2024-07-15 00:00:00-03:00,KLBN11.SA,18.19843986743499,18.597451301209556,18.05965211932967,18.449989318847656,4017174,0.0,0.0
2024-07-16 00:00:00-03:00,KLBN11.SA,18.502036300750436,18.649498295676022,18.3892729168216,18.528059005737305,2692761,0.0,0.0
2024-07-17 00:00:00-03:00,KLBN11.SA,18.649496109159575,18.840327585675425,18.502034131522826,18.692867279052734,3081308,0.0,0.0
2024-07-18 00:00:00-03:00,KLBN11.SA,18.701539889988943,18.736236822892245,18.50203252579496,18.571426391601562,2333504,0.0,0.0
2024-07-19 00:00:00-03:00,KLBN11.SA,18.606127197234052,18.892375282252818,18.58010449214014,18.658172607421875,2237655,0.0,0.0
2024-07-22 00:00:00-03:00,KLBN11.SA,18.58877799102245,19.109228730261375,18.58877799102245,19.074533462524414,4786087,0.0,0.0
2024-07-23 00:00:00-03:00,KLBN11.SA,19.03983174964933,19.21331472889109,18.64949295758816,18.84032440185547,4549747,0.0,0.0
2024-07-24 00:00:00-03:00,KLBN11.SA,18.658170584171003,18.857676297242772,18.649496350080312,18.831653594970703,3474905,0.0,0.0
2024-07-25 00:00:00-03:00,KLBN11.SA,18.72756258966642,18.857674417039885,18.571426391601562,18.571426391601562,3178470,0.0,0.0
2024-07-26 00:00:00-03:00,KLBN11.SA,18.56275571657601,18.59745265613019,18.371924220042246,18.389272689819336,3256644,0.0,0.0
2024-07-29 00:00:00-03:00,KLBN11.SA,18.536730289148597,19.117900599287648,18.38926998871722,18.979114532470703,6479352,0.0,0.0
2024-07-30 00:00:00-03:00,KLBN11.SA,18.979117057271246,19.369454279819504,18.788283892367094,19.126577377319336,7167263,0.0,0.0
2024-07-31 00:00:00-03:00,KLBN11.SA,19.169946282692102,19.30873235154862,18.944417876416505,19.161272048950195,4276340,0.0,0.0
2024-08-01 00:00:00-03:00,KLBN11.SA,19.01380981770931,19.20464126966052,18.90971902336473,19.11789894104004,5286340,0.0,0.0
2024-08-02 00:00:00-03:00,KLBN11.SA,19.07453214951,19.22199245803763,18.76225972224519,18.831653594970703,4071815,0.0,0.0
2024-08-05 00:00:00-03:00,KLBN11.SA,18.640824861673007,18.640824861673007,18.328554059426637,18.58877944946289,4379663,0.0,0.0
2024-08-06 00:00:00-03:00,KLBN11.SA,18.454112976593738,18.498177490050494,18.19853879854455,18.295480728149414,4532072,0.333857,0.0
2024-08-07 00:00:00-03:00,KLBN11.SA,18.410047471168312,18.410047471168312,18.136849200184223,18.163286209106445,2871228,0.0,0.0
2024-08-08 00:00:00-03:00,KLBN11.SA,18.180911092613954,18.427672342176518,17.995841853169207,18.27785301208496,2977177,0.0,0.0
2024-08-09 00:00:00-03:00,KLBN11.SA,18.410050391407385,18.49817942755154,18.207353608275824,18.40123748779297,3466320,0.0,0.0
2024-08-12 00:00:00-03:00,KLBN11.SA,18.498178448173142,18.498178448173142,18.180913934851617,18.25141716003418,3785480,0.0,0.0
2024-08-13 00:00:00-03:00,KLBN11.SA,18.392424570685744,18.392424570685744,18.224979402134686,18.242605209350586,3056967,0.0,0.0
2024-08-14 00:00:00-03:00,KLBN11.SA,18.32192135526323,18.647997091269076,18.242605222733488,18.40123748779297,4999096,0.0,0.0
2024-08-15 00:00:00-03:00,KLBN11.SA,18.55105322193807,18.55105322193807,18.277854936035208,18.365983963012695,3111103,0.0,0.0
2024-08-16 00:00:00-03:00,KLBN11.SA,18.55105516045368,18.57749387130967,18.348360074951934,18.50699234008789,4377946,0.0,0.0
2024-08-19 00:00:00-03:00,KLBN11.SA,18.630368057154744,18.83306310745084,18.480550419386475,18.76255989074707,4957989,0.0,0.0
2024-08-20 00:00:00-03:00,KLBN11.SA,18.83306304922571,19.50284021038632,18.78018563686136,19.344209671020508,5991320,0.0,0.0
2024-08-21 00:00:00-03:00,KLBN11.SA,19.388275913187,19.723162825953935,19.335398496099366,19.52046775817871,3652564,0.0,0.0
2024-08-22 00:00:00-03:00,KLBN11.SA,19.52046774909428,19.64384669118063,19.37946300132025,19.46759033203125,2772248,0.0,0.0
2024-08-23 00:00:00-03:00,KLBN11.SA,19.467587485022808,19.679095424615877,19.388273068754867,19.51165199279785,2301689,0.0,0.0
2024-08-26 00:00:00-03:00,KLBN11.SA,19.502843851597103,19.546908370127635,19.256084245553648,19.432340621948242,2634585,0.0,0.0
2024-08-27 00:00:00-03:00,KLBN11.SA,19.388274190517052,19.441149905179238,19.185577443024275,19.37946128845215,1991316,0.0,0.0
2024-08-28 00:00:00-03:00,KLBN11.SA,19.291333211580376,19.43233795378988,19.256081601596172,19.353023529052734,1993235,0.0,0.0
2024-08-29 00:00:00-03:00,KLBN11.SA,19.300148949752664,19.326587661125327,18.93000868826294,19.07982635498047,3091913,0.0,0.0
2024-08-30 00:00:00-03:00,KLBN11.SA,18.965256706647786,19.026947021484375,18.718495447301432,19.026947021484375,10572983,0.0,0.0
2024-09-02 00:00:00-03:00,KLBN11.SA,19.06219978288146,19.07982558975633,18.87713050842285,18.87713050842285,1902234,0.0,0.0
2024-09-03 00:00:00-03:00,KLBN11.SA,18.91238118169127,19.10626334994587,18.789000539702712,18.974071502685547,4438546,0.0,0.0
2024-09-04 00:00:00-03:00,KLBN11.SA,19.106263196443855,19.388276090151972,19.000510059030713,19.32658576965332,2880217,0.0,0.0
2024-09-05 00:00:00-03:00,KLBN11.SA,19.326584806635672,19.388275124060375,19.20320417178626,19.282520294189453,1771338,0.0,0.0
2024-09-06 00:00:00-03:00,KLBN11.SA,19.220829946742192,19.282520264070538,18.947631667729688,19.14151382446289,3127970,0.0,0.0
2024-09-09 00:00:00-03:00,KLBN11.SA,19.097449297005166,19.21201702909591,19.00932197004729,19.07101058959961,2031211,0.0,0.0
2024-09-10 00:00:00-03:00,KLBN11.SA,19.52928180996821,19.802480116599682,19.29133511680241,19.388277053833008,6278867,0.0,0.0
2024-09-11 00:00:00-03:00,KLBN11.SA,19.37064933031433,19.485215365013616,19.097449352989358,19.335397720336914,6104238,0.0,0.0
2024-09-12 00:00:00-03:00,KLBN11.SA,19.229643802926766,19.326585734964933,19.079824453413234,19.115076065063477,3672259,0.0,0.0
2024-09-13 00:00:00-03:00,KLBN11.SA,19.229641912055744,19.40589825524809,19.11507418545802,19.220829010009766,3378046,0.0,0.0
2024-09-16 00:00:00-03:00,KLBN11.SA,19.27370736159506,19.335397678923407,19.01813488753351,19.14151382446289,1869611,0.0,0.0
2024-09-17 00:00:00-03:00,KLBN11.SA,19.141515926800665,19.141515926800665,18.894756328112663,19.000511169433594,2822344,0.0,0.0
2024-09-18 00:00:00-03:00,KLBN11.SA,18.956444709394123,19.062197842149047,18.753747950969814,18.806625366210938,3591964,0.0,0.0
2024-09-19 00:00:00-03:00,KLBN11.SA,18.815437303274898,18.947630834594463,18.656806763418658,18.76255989074707,4088278,0.0,0.0
2024-09-20 00:00:00-03:00,KLBN11.SA,18.72730939646063,18.72730939646063,18.383609590037942,18.524614334106445,10392698,0.0,0.0
2024-09-23 00:00:00-03:00,KLBN11.SA,18.427676194155964,18.47174071221733,18.24260521829823,18.348360061645508,3585904,0.0,0.0
2024-09-24 00:00:00-03:00,KLBN11.SA,18.45411376483631,18.63918303153232,18.34835892802292,18.551054000854492,3891227,0.0,0.0
2024-09-25 00:00:00-03:00,KLBN11.SA,18.595116750472943,18.595116750472943,18.286666870117188,18.286666870117188,3694075,0.0,0.0
2024-09-26 00:00:00-03:00,KLBN11.SA,18.427675068387842,18.912381341996525,18.304294425353486,18.639183044433594,5923650,0.0,0.0
2024-09-27 00:00:00-03:00,KLBN11.SA,18.692060452536413,18.692060452536413,18.515802391156267,18.568679809570312,2407032,0.0,0.0
2024-09-30 00:00:00-03:00,KLBN11.SA,18.6832458030018,18.85950215017849,18.41004753112793,18.41004753112793,5380775,0.0,0.0
2024-10-01 00:00:00-03:00,KLBN11.SA,18.46292590267273,18.57749194007807,18.401235583755128,18.418861389160156,6199683,0.0,0.0
2024-10-02 00:00:00-03:00,KLBN11.SA,18.595117392159683,18.98288340597509,18.595117392159683,18.753747940063477,4970614,0.0,0.0
2024-10-03 00:00:00-03:00,KLBN11.SA,18.50699025086389,18.692059508236138,18.36598380888325,18.647994995117188,4795480,0.0,0.0
2024-10-04 00:00:00-03:00,KLBN11.SA,18.506991950439026,18.87713049917491,18.506991950439026,18.78900146484375,4805479,0.0,0.0
2024-10-07 00:00:00-03:00,KLBN11.SA,18.78899956838105,18.938818911622047,18.647994825410965,18.841876983642578,3842444,0.0,0.0
2024-10-08 00:00:00-03:00,KLBN11.SA,18.639181908455015,18.788999553852843,18.612743200844694,18.771373748779297,4961221,0.0,0.0
2024-10-09 00:00:00-03:00,KLBN11.SA,18.683248713239646,18.77137605169171,18.401237495192476,18.48936653137207,5897693,0.0,0.0
2024-10-10 00:00:00-03:00,KLBN11.SA,18.454114114861746,18.498178631036446,18.02228355407715,18.02228355407715,8252811,0.0,0.0
2024-10-11 00:00:00-03:00,KLBN11.SA,18.031094699258357,18.119223723015068,17.669767399583133,17.757896423339844,7146760,0.0,0.0
2024-10-14 00:00:00-03:00,KLBN11.SA,17.75789833275774,17.810774054969936,17.53757744740325,17.775524139404297,5123629,0.0,0.0
2024-10-15 00:00:00-03:00,KLBN11.SA,17.810771026461754,18.03990647390526,17.696205000467188,17.942964553833008,6007278,0.0,0.0
2024-10-16 00:00:00-03:00,KLBN11.SA,17.934154505975204,17.969406118884,17.73145942947708,17.898902893066406,5173119,0.0,0.0
2024-10-17 00:00:00-03:00,KLBN11.SA,17.890091900416426,18.269045081928937,17.70502261060818,18.092788696289062,5956677,0.0,0.0
2024-10-18 00:00:00-03:00,KLBN11.SA,18.066347891657397,18.32192038521674,18.031096279066116,18.25141716003418,6244426,0.0,0.0
2024-10-21 00:00:00-03:00,KLBN11.SA,18.20735074579913,18.41886039929252,18.20735074579913,18.269041061401367,3364411,0.0,0.0
2024-10-22 00:00:00-03:00,KLBN11.SA,18.07516080197487,18.480552649207958,18.07516080197487,18.30429458618164,3154028,0.0,0.0
2024-10-23 00:00:00-03:00,KLBN11.SA,18.28667068133174,18.365986817940893,18.119227201773363,18.18091583251953,2361885,0.0,0.0
2024-10-24 00:00:00-03:00,KLBN11.SA,18.17209928398985,18.17209928398985,17.995842935712464,18.004655838012695,3564391,0.0,0.0
2024-10-25 00:00:00-03:00,KLBN11.SA,18.05753406631884,18.471738795385683,18.05753406631884,18.365983963012695,4550555,0.0,0.0
2024-10-28 00:00:00-03:00,KLBN11.SA,18.418863281509594,18.621558366764926,18.242605209350586,18.242605209350586,5494804,0.0,0.0
2024-10-29 00:00:00-03:00,KLBN11.SA,18.295478980251858,18.34835639134821,18.11040973914182,18.11922264099121,3768007,0.0,0.0
2024-10-30 00:00:00-03:00,KLBN11.SA,18.251419069686754,18.542243206266413,18.172102933057495,18.321922302246094,5161302,0.0,0.0
2024-10-31 00:00:00-03:00,KLBN11.SA,18.383609771728516,18.78018699774413,18.348358160931152,18.383609771728516,6700744,0.0,0.0
2024-11-01 00:00:00-03:00,KLBN11.SA,18.374796687425704,18.568678847167646,18.313106369140023,18.524614334106445,8995767,0.0,0.0
2024-11-04 00:00:00-03:00,KLBN11.SA,18.63918163546405,19.502840978236677,18.551052611387053,19.423524856567383,9671255,0.0,0.0
2024-11-05 00:00:00-03:00,KLBN11.SA,19.48521900155122,19.731978619718703,19.220833575105516,19.47640609741211,3784268,0.0,0.0
2024-11-06 00:00:00-03:00,KLBN11.SA,19.212016149218986,19.67028366113949,19.212016149218986,19.37946128845215,9333107,0.0,0.0
2024-11-07 00:00:00-03:00,KLBN11.SA,19.22964100670371,19.361834531169578,18.559863878197604,18.700868606567383,7043033,0.0,0.0
2024-11-08 00:00:00-03:00,KLBN11.SA,18.621558366764926,18.621558366764926,18.004658509663454,18.242605209350586,6007581,0.0,0.0
2024-11-11 00:00:00-03:00,KLBN11.SA,18.286670685966424,18.348361014455847,18.11041430229569,18.321922302246094,5345829,0.0,0.0
2024-11-12 00:00:00-03:00,KLBN11.SA,18.36633120016638,18.55456527974276,18.088461022334695,18.330476760864258,5704480,0.346083,0.0
2024-11-13 00:00:00-03:00,KLBN11.SA,18.285655329400388,18.823470092691707,18.240837288562826,18.46492576599121,3152513,0.0,0.0
2024-11-14 00:00:00-03:00,KLBN11.SA,18.42907631902673,18.572492348308792,18.366331050758447,18.384258270263672,4841536,0.0,0.0
2024-11-18 00:00:00-03:00,KLBN11.SA,18.240836638207504,18.46492510764628,18.240836638207504,18.420108795166016,2697306,0.0,0.0
2024-11-19 00:00:00-03:00,KLBN11.SA,18.42907421592517,18.55456301138139,18.36632895481729,18.455965042114258,2885065,0.0,0.0
2024-11-21 00:00:00-03:00,KLBN11.SA,18.572489433666085,19.038593614135166,18.455964251928545,18.689016342163086,7225641,0.0,0.0
2024-11-22 00:00:00-03:00,KLBN11.SA,18.751761644999355,19.34335634371259,18.689016386429277,19.262683868408203,6484604,0.0,0.0
2024-11-25 00:00:00-03:00,KLBN11.SA,19.083414126972222,19.253722707597984,18.993779758665713,19.065486907958984,4371179,0.0,0.0
2024-11-26 00:00:00-03:00,KLBN11.SA,19.07444953918457,19.190976456794242,18.9131063031,19.07444953918457,1958289,0.0,0.0
2024-11-27 00:00:00-03:00,KLBN11.SA,19.101341296725796,19.280613486395858,18.886216395881398,19.08341407775879,4985764,0.0,0.0
2024-11-28 00:00:00-03:00,KLBN11.SA,19.08341288812717,19.675009350399456,18.95792408994059,19.459882736206055,6816389,0.0,0.0
2024-11-29 00:00:00-03:00,KLBN11.SA,19.459885114303386,19.952880211890644,19.397139844162517,19.908063888549805,8905069,0.0,0.0
2024-12-02 00:00:00-03:00,KLBN11.SA,19.719827356208082,20.23074961039261,19.683972920579755,20.051477432250977,6123731,0.0,0.0
2024-12-03 00:00:00-03:00,KLBN11.SA,20.15007817687245,20.454839168783685,20.006660426909683,20.302457809448242,5836992,0.0,0.0
2024-12-04 00:00:00-03:00,KLBN11.SA,20.33831046146112,20.840269088745117,20.29349241853228,20.840269088745117,5717408,0.0,0.0
2024-12-05 00:00:00-03:00,KLBN11.SA,21.019545341404527,21.03747256205663,20.598259109599734,20.82234764099121,4393096,0.0,0.0
2024-12-06 00:00:00-03:00,KLBN11.SA,20.741669770356953,20.813378634373393,20.410018001040314,20.69685173034668,5714580,0.0,0.0
2024-12-09 00:00:00-03:00,KLBN11.SA,20.696853715880575,21.091250779047723,20.5534377008486,20.956796646118164,4628022,0.0,0.0
2024-12-10 00:00:00-03:00,KLBN11.SA,21.234666566944615,21.234666566944615,20.55343748100024,20.750635147094727,3401983,0.0,0.0
2024-12-11 00:00:00-03:00,KLBN11.SA,20.616183925040655,21.180886129420806,20.454838957995207,20.947834014892578,7196856,0.0,0.0
2024-12-12 00:00:00-03:00,KLBN11.SA,20.696852937358422,20.98368668339253,20.50861888509711,20.89405059814453,6003440,0.0,0.0
2024-12-13 00:00:00-03:00,KLBN11.SA,20.894052292498802,20.965761166512266,20.571365812957477,20.687891006469727,4534900,0.0,0.0
2024-12-16 00:00:00-03:00,KLBN11.SA,20.696854681803742,21.180886129420806,20.616183925040655,20.947834014892578,5060807,0.0,0.0
2024-12-17 00:00:00-03:00,KLBN11.SA,20.976955654047906,21.754884245504112,20.87745249112677,21.42923927307129,8764477,0.210095,0.0
2024-12-18 00:00:00-03:00,KLBN11.SA,21.347831320168936,21.492561464372784,20.949820374089935,21.130733489990234,10129391,0.0,0.0
2024-12-19 00:00:00-03:00,KLBN11.SA,21.212146608239316,21.393059736352207,20.877455840035708,21.0402774810791,7129994,0.0,0.0
2024-12-20 00:00:00-03:00,KLBN11.SA,20.995049894795045,21.447333573201757,20.72367933923461,21.139780044555664,16492189,0.0,0.0
2024-12-23 00:00:00-03:00,KLBN11.SA,21.139779273610337,21.16691650243492,20.68749561169793,21.067413330078125,6680039,0.0,0.0
2024-12-26 00:00:00-03:00,KLBN11.SA,21.04932180367322,21.28451111970015,20.886500173621148,21.130733489990234,3537525,0.0,0.0
2024-12-27 00:00:00-03:00,KLBN11.SA,21.230236090056504,21.257373318097567,20.87745386810462,20.99504852294922,3849211,0.0,0.0
2024-12-30 00:00:00-03:00,KLBN11.SA,21.076461480245666,21.16691891999243,20.895548343334287,20.986005783081055,4229173,0.0,0.0
2025-01-02 00:00:00-03:00,KLBN11.SA,20.98600535131486,21.004096838892,20.714634780239898,20.83222770690918,4772553,0.0,0.0
2025-01-03 00:00:00-03:00,KLBN11.SA,20.832225349742853,21.013140205043726,20.425170410479733,20.506580352783203,6100400,0.0,0.0
2025-01-06 00:00:00-03:00,KLBN11.SA,20.506582275595527,20.524673762821973,20.117617042809005,20.334714889526367,4716498,0.0,0.0
2025-01-07 00:00:00-03:00,KLBN11.SA,20.32566800869125,20.578947073108445,20.189981862084544,20.407079696655273,5425619,0.0,0.0
2025-01-08 00:00:00-03:00,KLBN11.SA,20.3618527882462,20.63322336296192,20.13570919049798,20.171892166137695,5635396,0.0,0.0
2025-01-09 00:00:00-03:00,KLBN11.SA,20.14475168369339,20.217117623295284,19.91860986501932,19.963838577270508,3992126,0.0,0.0
2025-01-10 00:00:00-03:00,KLBN11.SA,19.963841010308812,20.08143567649342,19.791973625390302,19.990978240966797,3999499,0.0,0.0
2025-01-13 00:00:00-03:00,KLBN11.SA,19.891476804469587,20.08143567649342,19.819110856048287,19.990978240966797,3017880,0.0,0.0
2025-01-14 00:00:00-03:00,KLBN11.SA,19.9909756232235,20.02715859269612,19.602010443974624,19.620101928710938,3630546,0.0,0.0
2025-01-15 00:00:00-03:00,KLBN11.SA,19.819110976400115,19.819110976400115,19.113546460172053,19.52060317993164,8384212,0.0,0.0
2025-01-16 00:00:00-03:00,KLBN11.SA,19.520601882174855,19.629149055667515,19.204000876957185,19.421098709106445,6645194,0.0,0.0
2025-01-17 00:00:00-03:00,KLBN11.SA,19.49346485474937,19.719606689661543,19.27636702035498,19.529647827148438,6769828,0.0,0.0
2025-01-20 00:00:00-03:00,KLBN11.SA,19.538693755474895,20.19902778027184,19.466327809990737,19.981931686401367,3471370,0.0,0.0
2025-01-21 00:00:00-03:00,KLBN11.SA,20.000024463303674,20.144754621028916,19.83720281804001,20.081436157226562,2688317,0.0,0.0
2025-01-22 00:00:00-03:00,KLBN11.SA,20.117615604906153,20.180935805672917,19.592965998002605,19.719606399536133,4149484,0.0,0.0
2025-01-23 00:00:00-03:00,KLBN11.SA,19.611059241960874,19.945750019149305,19.611059241960874,19.909568786621094,3996570,0.0,0.0
2025-01-24 00:00:00-03:00,KLBN11.SA,19.93670244416027,20.054297102467626,19.710560613074247,19.95479393005371,2497528,0.0,0.0
2025-01-27 00:00:00-03:00,KLBN11.SA,19.90052225254956,20.325668708048184,19.90052225254956,20.180936813354492,3023435,0.0,0.0
2025-01-28 00:00:00-03:00,KLBN11.SA,20.180935758331945,20.24425595895017,19.990976899059223,20.12666130065918,3051311,0.0,0.0
2025-01-29 00:00:00-03:00,KLBN11.SA,20.23520824962978,20.253299733762645,19.981929214351457,20.018112182617188,3031212,0.0,0.0
2025-01-30 00:00:00-03:00,KLBN11.SA,20.090482026811493,20.624177427372896,20.027161820030482,20.425172805786133,4800126,0.0,0.0
2025-01-31 00:00:00-03:00,KLBN11.SA,20.425170980860376,20.560855383543142,20.29853057861328,20.29853057861328,3750837,0.0,0.0
2025-02-03 00:00:00-03:00,KLBN11.SA,20.30757680577331,20.533718644023903,20.14475342757383,20.388988494873047,3751948,0.0,0.0
2025-02-04 00:00:00-03:00,KLBN11.SA,20.370896745104975,20.407079717570515,19.421098945630554,19.638195037841797,5470463,0.0,0.0
2025-02-05 00:00:00-03:00,KLBN11.SA,19.64724221045054,19.674379441774143,19.384917383571167,19.547739028930664,4427739,0.0,0.0
2025-02-06 00:00:00-03:00,KLBN11.SA,19.54773757076598,19.67437797416271,19.375870194452407,19.529647827148438,3371279,0.0,0.0
2025-02-07 00:00:00-03:00,KLBN11.SA,19.529649687445573,19.62010538447761,19.09545571987962,19.23114013671875,3422587,0.0,0.0
2025-02-10 00:00:00-03:00,KLBN11.SA,19.1678199699845,19.40300754952091,19.1497284836677,19.33968734741211,3029192,0.0,0.0
2025-02-11 00:00:00-03:00,KLBN11.SA,19.41205276525589,19.493464451469546,19.10449924880847,19.140682220458984,3351685,0.0,0.0
2025-02-12 00:00:00-03:00,KLBN11.SA,19.01404080542146,19.466326184344798,18.778853244820613,19.023086547851562,5255030,0.0,0.0
2025-02-13 00:00:00-03:00,KLBN11.SA,18.941678421797786,19.149728775024414,18.941678421797786,19.149728775024414,4055958,0.0,0.0
2025-02-14 00:00:00-03:00,KLBN11.SA,19.194955935686778,19.53869418428038,19.014042810587977,19.430145263671875,4347040,0.0,0.0
2025-02-17 00:00:00-03:00,KLBN11.SA,19.52060229632444,19.52060229632444,19.086408365396025,19.21304702758789,3442181,0.0,0.0
2025-02-18 00:00:00-03:00,KLBN11.SA,19.28541187358131,19.28541187358131,19.004995593009596,19.222091674804688,3929001,0.0,0.0
2025-02-19 00:00:00-03:00,KLBN11.SA,19.13163700416016,19.321595867972178,19.050225315705582,19.16781997680664,2877490,0.0,0.0
2025-02-20 00:00:00-03:00,KLBN11.SA,19.24922997260287,19.28541294534319,18.733626096217293,18.932632446289062,3071006,0.0,0.0
2025-02-21 00:00:00-03:00,KLBN11.SA,18.89644947354874,19.050225365113103,18.67935163710681,18.932632446289062,3859210,0.0,0.0
2025-02-24 00:00:00-03:00,KLBN11.SA,18.95072092790805,19.059268086336203,18.805989059894873,18.941675186157227,2478439,0.0,0.0
2025-02-25 00:00:00-03:00,KLBN11.SA,18.94167770250708,19.12259081897563,18.842174530029297,18.842174530029297,3010103,0.0,0.0
2025-02-26 00:00:00-03:00,KLBN11.SA,18.82408588851257,18.98690928626124,18.317525949210033,18.552715301513672,7554901,0.0,0.0
2025-02-27 00:00:00-03:00,KLBN11.SA,18.552711732051247,18.778853553944572,18.435117078524137,18.59794044494629,4101105,0.0,0.0
2025-02-28 00:00:00-03:00,KLBN11.SA,18.58889775816211,18.643170479976064,17.883333206176758,17.883333206176758,8532985,0.0,0.0
2025-03-05 00:00:00-03:00,KLBN11.SA,18.18183970289081,18.534621953370817,17.783828735351562,17.783828735351562,5535103,0.0,0.0
2025-03-06 00:00:00-03:00,KLBN11.SA,17.905465026561117,18.104919455699633,17.742276785589716,18.068655014038086,7122520,0.043973,0.0
2025-03-07 00:00:00-03:00,KLBN11.SA,17.950796538035295,18.25904256212739,17.851069318136023,18.05052375793457,3441979,0.0,0.0
2025-03-10 00:00:00-03:00,KLBN11.SA,18.041454350019283,18.086784896234946,17.706010054528708,17.96892547607422,4112215,0.0,0.0
2025-03-11 00:00:00-03:00,KLBN11.SA,17.96892630951835,17.97799241918199,17.597217559814453,17.597217559814453,3475006,0.0,0.0
2025-03-12 00:00:00-03:00,KLBN11.SA,17.687877975191995,17.696944084506452,17.261772583917942,17.361499786376953,6972737,0.0,0.0
2025-03-13 00:00:00-03:00,KLBN11.SA,17.370567495734118,17.6153507232666,17.316170834836782,17.6153507232666,3429859,0.0,0.0
2025-03-14 00:00:00-03:00,KLBN11.SA,17.63348270030334,17.869199814434435,17.524689380009526,17.760406494140625,3134333,0.0,0.0
2025-03-17 00:00:00-03:00,KLBN11.SA,17.869201108024605,18.132116571262173,17.787606111897407,17.987060546875,3856584,0.0,0.0
2025-03-18 00:00:00-03:00,KLBN11.SA,18.077719234471527,18.13211414477142,17.842000388315295,18.03238868713379,4134334,0.0,0.0
2025-03-19 00:00:00-03:00,KLBN11.SA,18.13211557786966,18.31343778155167,17.968927341061374,18.04145622253418,3556311,0.0,0.0
2025-03-20 00:00:00-03:00,KLBN11.SA,18.068652660270427,18.132113678405624,17.905462694051888,18.005189895629883,3615295,0.0,0.0
2025-03-21 00:00:00-03:00,KLBN11.SA,18.041455109143648,18.059587328392855,17.633481922541854,17.74227523803711,8627622,0.0,0.0
2025-03-24 00:00:00-03:00,KLBN11.SA,17.706011867238768,17.760406781761073,17.479359112956136,17.542821884155273,3670946,0.0,0.0
2025-03-25 00:00:00-03:00,KLBN11.SA,17.633483278606043,17.65161549924967,17.279906722560852,17.325237274169922,5727306,0.0,0.0
2025-03-26 00:00:00-03:00,KLBN11.SA,17.27990718117438,17.479359867042263,17.234576628362223,17.352436065673828,4511569,0.0,0.0
2025-03-27 00:00:00-03:00,KLBN11.SA,17.524687989700492,17.542820208310953,17.352433659406465,17.397764205932617,4133728,0.0,0.0
2025-03-28 00:00:00-03:00,KLBN11.SA,17.452162092899005,17.633484309940325,17.234577178955078,17.234577178955078,4904964,0.0,0.0
2025-03-31 00:00:00-03:00,KLBN11.SA,17.19831437298621,17.352436509988284,16.917264938354492,16.917264938354492,7861840,0.0,0.0
2025-04-01 00:00:00-03:00,KLBN11.SA,16.953529816332804,17.298040288856395,16.93539759427863,16.980728149414062,4624891,0.0,0.0
2025-04-02 00:00:00-03:00,KLBN11.SA,17.062321170803976,17.22550940386916,16.989792290994792,17.089519500732422,5643274,0.0,0.0
2025-04-03 00:00:00-03:00,KLBN11.SA,16.92633128248463,17.062322946277895,16.690614145081966,16.808473587036133,6349466,0.0,0.0
2025-04-04 00:00:00-03:00,KLBN11.SA,16.772206759584172,16.926328876806046,16.482092997897034,16.817537307739258,6870626,0.0,0.0
2025-04-07 00:00:00-03:00,KLBN11.SA,16.72687658786173,16.962593697067497,16.391432270470446,16.418630599975586,7267657,0.0,0.0
2025-04-08 00:00:00-03:00,KLBN11.SA,16.58181929631999,16.763141498114663,16.31890385022322,16.445829391479492,5925771,0.0,0.0
2025-04-09 00:00:00-03:00,KLBN11.SA,16.445827897263623,17.062319834341995,16.355166804603467,16.89912986755371,7316339,0.0,0.0
2025-04-10 00:00:00-03:00,KLBN11.SA,16.89913168914551,16.93539613011859,16.309838016344024,16.50929069519043,5688724,0.0,0.0
2025-04-11 00:00:00-03:00,KLBN11.SA,16.590885915088244,16.627150356559053,16.210112772655897,16.40049934387207,6939508,0.0,0.0
2025-04-14 00:00:00-03:00,KLBN11.SA,16.509291110620218,16.70874554099111,16.436763973354562,16.609018325805664,5219175,0.0,0.0
2025-04-15 00:00:00-03:00,KLBN11.SA,16.609017220448443,16.609017220448443,16.26450853847386,16.309837341308594,5675998,0.0,0.0
2025-04-16 00:00:00-03:00,KLBN11.SA,16.30983904526269,16.355169599338755,16.11038635383366,16.137584686279297,7471778,0.0,0.0
2025-04-17 00:00:00-03:00,KLBN11.SA,16.137581782307922,16.33703443784528,16.08318512720537,16.228242874145508,6558233,0.0,0.0
2025-04-22 00:00:00-03:00,KLBN11.SA,16.25544463848175,16.291709082883948,16.010659638766935,16.092254638671875,6599744,0.0,0.0
2025-04-23 00:00:00-03:00,KLBN11.SA,16.246377214126703,16.463962116445984,16.11945166897888,16.40049934387207,7949811,0.0,0.0
2025-04-24 00:00:00-03:00,KLBN11.SA,16.500225117719655,16.935396676942254,16.3914335377932,16.92633056640625,11047178,0.0,0.0
2025-04-25 00:00:00-03:00,KLBN11.SA,16.853800722312776,16.971660152568862,16.72687692854248,16.944461822509766,7956982,0.0,0.0
2025-04-28 00:00:00-03:00,KLBN11.SA,16.98979231126799,17.15298229103339,16.844734551476527,17.053255081176758,4977987,0.0,0.0
2025-04-29 00:00:00-03:00,KLBN11.SA,17.134849645800738,17.24364121643882,16.953527450561523,16.953527450561523,4006973,0.0,0.0
2025-04-30 00:00:00-03:00,KLBN11.SA,16.980724580211145,17.053253453182887,16.663412507465093,16.79940414428711,5726498,0.0,0.0
2025-05-02 00:00:00-03:00,KLBN11.SA,16.799406244216012,17.04418947458827,16.636216259630814,17.007925033569336,4451373,0.0,0.0
2025-05-05 00:00:00-03:00,KLBN11.SA,16.9807264869174,17.080453698451564,16.79033992049406,16.835670471191406,4187864,0.0,0.0
2025-05-06 00:00:00-03:00,KLBN11.SA,16.935394287109375,17.026055379675803,16.790338285508437,16.935394287109375,4710842,0.0,0.0
2025-05-07 00:00:00-03:00,KLBN11.SA,17.13485113631832,17.48842595478048,16.971661146407545,17.388700485229492,6617924,0.0,0.0
2025-05-08 00:00:00-03:00,KLBN11.SA,17.67881221859804,18.168378638335554,17.479357809700584,17.923595428466797,9504706,0.0,0.0
2025-05-09 00:00:00-03:00,KLBN11.SA,17.923597280348982,17.950795611645155,17.42496295309139,17.49749183654785,5364110,0.0,0.0
2025-05-12 00:00:00-03:00,KLBN11.SA,17.479357656047213,18.00519025564911,17.479357656047213,17.60628318786621,3694075,0.0,0.0
2025-05-13 00:00:00-03:00,KLBN11.SA,17.651616289872315,17.887333422291785,17.51562462895399,17.842002868652344,4719730,0.0,0.0
2025-05-14 00:00:00-03:00,KLBN11.SA,17.859246812787497,18.207809644332222,17.629927997923048,17.978490829467773,8321289,0.226535,0.0
2025-05-15 00:00:00-03:00,KLBN11.SA,17.978489579940312,18.1894628749527,17.859245571547646,18.015180587768555,7170091,0.0,0.0
2025-05-16 00:00:00-03:00,KLBN11.SA,17.923456393170028,18.06104591743622,17.82255611287202,17.969318389892578,6226953,0.0,0.0
2025-05-19 00:00:00-03:00,KLBN11.SA,17.85007471363118,17.950974995865195,17.684965160884605,17.740001678466797,4626810,0.0,0.0
2025-05-20 00:00:00-03:00,KLBN11.SA,17.740001678466797,17.79503819604899,17.47399361053551,17.740001678466797,3991015,0.0,0.0
2025-05-21 00:00:00-03:00,KLBN11.SA,17.740002254914774,17.813384280742188,17.60241272353773,17.611583709716797,2366733,0.0,0.0
2025-05-22 00:00:00-03:00,KLBN11.SA,17.611582486901977,17.850074054282032,17.538202233218893,17.703310012817383,5010408,0.0,0.0
2025-05-23 00:00:00-03:00,KLBN11.SA,17.70331029761612,17.795037825007174,17.547375268100595,17.639101028442383,2607517,0.0,0.0
2025-05-26 00:00:00-03:00,KLBN11.SA,17.639102380496702,17.82255744934082,17.593240380335075,17.82255744934082,1563480,0.0,0.0
2025-05-27 00:00:00-03:00,KLBN11.SA,17.877593969994056,17.950975997531703,17.73082991491876,17.82255744934082,7339872,0.0,0.0
2025-05-28 00:00:00-03:00,KLBN11.SA,17.80421132603168,17.850075091654794,17.56572151184082,17.56572151184082,4560049,0.0,0.0
2025-05-29 00:00:00-03:00,KLBN11.SA,17.51985646797565,17.76751901722177,17.455647200787972,17.547374725341797,2964451,0.0,0.0
2025-05-30 00:00:00-03:00,KLBN11.SA,17.54737392492557,17.55654667696254,16.795211791992188,16.795211791992188,7043639,0.0,0.0
2025-06-02 00:00:00-03:00,KLBN11.SA,16.905285099235115,17.01535812552012,16.675968061523843,16.731002807617188,7001219,0.0,0.0
2025-06-03 00:00:00-03:00,KLBN11.SA,16.703484060260653,17.070392370047607,16.63010381194255,16.969493865966797,6910925,0.0,0.0
2025-06-04 00:00:00-03:00,KLBN11.SA,17.097911916778397,17.125430174618852,16.850249363263544,16.98784065246582,5838002,0.0,0.0
2025-06-05 00:00:00-03:00,KLBN11.SA,17.052048071869496,17.281366886106003,16.841076529821144,17.097911834716797,7079090,0.0,0.0
2025-06-06 00:00:00-03:00,KLBN11.SA,17.143774668423102,17.19881118085705,16.81355736086855,16.905284881591797,4307751,0.0,0.0
2025-06-09 00:00:00-03:00,KLBN11.SA,16.85942175635107,17.162120819091797,16.822730746679564,17.162120819091797,4155039,0.0,0.0
2025-06-10 00:00:00-03:00,KLBN11.SA,17.272192170745353,17.272192170745353,16.951147634346594,17.04287338256836,3970714,0.0,0.0
2025-06-11 00:00:00-03:00,KLBN11.SA,16.99701195234087,17.00618470417036,16.694311141967773,16.694311141967773,4637516,0.0,0.0
2025-06-12 00:00:00-03:00,KLBN11.SA,16.675969702422826,16.850250244140625,16.556723912213734,16.850250244140625,2982631,0.0,0.0
2025-06-13 00:00:00-03:00,KLBN11.SA,16.786038450508578,16.997011739950526,16.6576216935495,16.868593215942383,3752958,0.0,0.0
2025-06-16 00:00:00-03:00,KLBN11.SA,16.84107661065006,17.134602927232336,16.84107661065006,16.98784065246582,4133526,0.0,0.0
2025-06-17 00:00:00-03:00,KLBN11.SA,17.097913117506494,17.12543137727946,16.510860443115234,16.510860443115234,4706398,0.0,0.0
2025-06-18 00:00:00-03:00,KLBN11.SA,16.60258671678877,16.712657980485044,16.45582444284399,16.547550201416016,4085147,0.0,0.0
2025-06-20 00:00:00-03:00,KLBN11.SA,16.556723528587508,16.565896281467978,16.116433157374214,16.143951416015625,10431987,0.0,0.0
2025-06-23 00:00:00-03:00,KLBN11.SA,16.153122294386762,16.235677060730826,16.06139654327578,16.198986053466797,7401886,0.0,0.0
2025-06-24 00:00:00-03:00,KLBN11.SA,16.22650465466849,16.41913244690914,16.098087893557178,16.244850158691406,5274523,0.0,0.0
2025-06-25 00:00:00-03:00,KLBN11.SA,16.22650619193986,16.263197203461743,16.00636188985786,16.143951416015625,6821742,0.0,0.0
2025-06-26 00:00:00-03:00,KLBN11.SA,16.254023007962918,16.538376554970544,16.171468239365794,16.40995979309082,4017477,0.0,0.0
2025-06-27 00:00:00-03:00,KLBN11.SA,16.327405024493697,16.666795083899405,16.263195760029266,16.40995979309082,3906478,0.0,0.0
2025-06-30 00:00:00-03:00,KLBN11.SA,16.409961047216548,17.01535919576454,16.35492453061232,16.92363166809082,8629238,0.0,0.0
2025-07-01 00:00:00-03:00,KLBN11.SA,17.042873452042002,17.052046203606473,16.850247436237137,16.932802200317383,4761746,0.0,0.0
2025-07-02 00:00:00-03:00,KLBN11.SA,17.26302172683601,17.620755550113778,17.162121446550383,17.418956756591797,8553387,0.0,0.0
2025-07-03 00:00:00-03:00,KLBN11.SA,17.290537953171192,18.116080302799965,17.290537953171192,17.92345428466797,7099290,0.0,0.0
2025-07-04 00:00:00-03:00,KLBN11.SA,17.905109686114276,18.152772226813106,17.82255491686495,17.840900421142578,3652463,0.0,0.0
2025-07-07 00:00:00-03:00,KLBN11.SA,17.840901702503963,17.914283724884886,17.30888557434082,17.30888557434082,4702560,0.0,0.0
2025-07-08 00:00:00-03:00,KLBN11.SA,17.409785422078446,17.446474665307054,17.061220824438955,17.097911834716797,4666099,0.0,0.0
2025-07-09 00:00:00-03:00,KLBN11.SA,16.997013718455833,17.35474930992813,16.932804448977603,16.978668212890625,3943949,0.0,0.0
2025-07-10 00:00:00-03:00,KLBN11.SA,16.84107750786008,17.272195136612464,16.7585227299406,17.18046760559082,3345221,0.0,0.0
2025-07-11 00:00:00-03:00,KLBN11.SA,17.16212184556345,17.235503869295467,16.90528652955071,17.024532318115234,1841533,0.0,0.0
2025-07-14 00:00:00-03:00,KLBN11.SA,17.061218992486058,17.473991046741027,17.015357001612433,17.42812728881836,4856989,0.0,0.0
2025-07-15 00:00:00-03:00,KLBN11.SA,17.48316480335688,17.730827343327284,17.446473794909537,17.510683059692383,3702054,0.0,0.0
2025-07-16 00:00:00-03:00,KLBN11.SA,17.648273520785303,17.648273520785303,17.327230713752055,17.483165740966797,4776189,0.0,0.0
2025-07-17 00:00:00-03:00,KLBN11.SA,17.464819299133207,17.666618078544438,17.32722978450482,17.510683059692383,3533485,0.0,0.0
2025-07-18 00:00:00-03:00,KLBN11.SA,17.428130833545204,17.538203874947484,17.152949997088903,17.217159271240234,5152414,0.0,0.0
2025-07-21 00:00:00-03:00,KLBN11.SA,17.189639731973475,17.38226754009588,17.162121473670275,17.19881248474121,3583581,0.0,0.0
2025-07-22 00:00:00-03:00,KLBN11.SA,17.263020085843632,17.373093108419148,17.079565048217773,17.079565048217773,3467431,0.0,0.0
2025-07-23 00:00:00-03:00,KLBN11.SA,17.0795647704679,17.41895481750744,17.015357275392102,17.143774032592773,4946778,0.0,0.0
2025-07-24 00:00:00-03:00,KLBN11.SA,16.987841220690655,17.28136754709107,16.969495714850048,17.13460350036621,3166956,0.0,0.0
2025-07-25 00:00:00-03:00,KLBN11.SA,17.13460363460032,17.464820975268903,17.125430881608157,17.409786224365234,3184328,0.0,0.0
2025-07-28 00:00:00-03:00,KLBN11.SA,17.318056946839317,17.42812820458843,17.125429153442383,17.125429153442383,4857393,0.0,0.0
2025-07-29 00:00:00-03:00,KLBN11.SA,17.26302051103722,17.27219326314444,16.978666962762524,17.015357971191406,2738514,0.0,0.0
2025-07-30 00:00:00-03:00,KLBN11.SA,16.97866846777035,17.483166344288446,16.841077173965797,17.13460350036621,5021821,0.0,0.0
2025-07-31 00:00:00-03:00,KLBN11.SA,17.079565673501598,17.189638700106894,16.731002856300666,17.061220169067383,3751140,0.0,0.0
2025-08-01 00:00:00-03:00,KLBN11.SA,17.171293560158404,17.18963906498203,16.80438523073509,16.886940002441406,5133527,0.0,0.0
2025-08-04 00:00:00-03:00,KLBN11.SA,16.969496666511002,17.024533187119307,16.54755177556338,16.831905364990234,4195237,0.0,0.0
2025-08-05 00:00:00-03:00,KLBN11.SA,16.859423392159275,16.896114405390776,16.400789260864258,16.400789260864258,4552474,0.0,0.0
2025-08-06 00:00:00-03:00,KLBN11.SA,16.50168638724379,16.712657928466797,16.41913338149084,16.712657928466797,5278563,0.0,0.0
2025-08-07 00:00:00-03:00,KLBN11.SA,16.75851985227792,17.31805592838075,16.68513784006128,17.04287338256836,5915469,0.0,0.0
2025-08-08 00:00:00-03:00,KLBN11.SA,17.143775742540086,17.40061281665691,16.941976951354686,17.37309455871582,3857190,0.0,0.0
2025-08-11 00:00:00-03:00,KLBN11.SA,17.448340314352496,17.448340314352496,17.06720941226209,17.141576766967773,3226748,0.24846,0.0
2025-08-12 00:00:00-03:00,KLBN11.SA,17.14157477104573,17.336787263641874,16.92776865116194,17.10439109802246,5452788,0.0,0.0
2025-08-13 00:00:00-03:00,KLBN11.SA,17.0765037552569,17.0765037552569,16.75114839922953,16.825515747070312,5864868,0.0,0.0
2025-08-14 00:00:00-03:00,KLBN11.SA,16.76973876282781,17.048614501953125,16.658189541643218,17.048614501953125,2730030,0.0,0.0
2025-08-15 00:00:00-03:00,KLBN11.SA,16.955656637522242,17.169462760326347,16.751148223876953,16.751148223876953,3814265,0.0,0.0
2025-08-18 00:00:00-03:00,KLBN11.SA,16.825515069592814,16.964952050403816,16.69537400688761,16.741851806640625,3680743,0.0,0.0
2025-08-19 00:00:00-03:00,KLBN11.SA,16.834811400619767,16.834811400619767,16.648894824719644,16.713964462280273,3605700,0.0,0.0
2025-08-20 00:00:00-03:00,KLBN11.SA,16.741852217281693,16.86269915562119,16.713964462280273,16.713964462280273,1654178,0.0,0.0
2025-08-21 00:00:00-03:00,KLBN11.SA,16.713963990376655,16.76044358073338,16.5652310920111,16.6674861907959,3050806,0.0,0.0
2025-08-22 00:00:00-03:00,KLBN11.SA,16.732557049152128,17.206647114656104,16.69537516492587,17.085800170898438,4354009,0.0,0.0
2025-08-25 00:00:00-03:00,KLBN11.SA,17.08580058346325,17.141576097313582,16.93706587986237,17.057912826538086,2796488,0.0,0.0
2025-08-26 00:00:00-03:00,KLBN11.SA,17.085800912119737,17.12298458873521,16.88129248151082,16.992841720581055,4906277,0.0,0.0
2025-08-27 00:00:00-03:00,KLBN11.SA,16.918473139515207,17.178758856933637,16.890587174853568,17.07650375366211,4513387,0.0,0.0
2025-08-28 00:00:00-03:00,KLBN11.SA,17.14157577009032,17.346084192861433,17.04861658211431,17.122983932495117,5082320,0.0,0.0
2025-08-29 00:00:00-03:00,KLBN11.SA,17.122984600482592,17.290309354590832,17.057913166360873,17.206647872924805,5099591,0.0,0.0
2025-09-01 00:00:00-03:00,KLBN11.SA,17.290306570424946,17.336786158741816,16.964951242982764,17.048614501953125,2932030,0.0,0.0
2025-09-02 00:00:00-03:00,KLBN11.SA,17.020728479149998,17.1601672582748,16.87199557219295,16.9742488861084,4448141,0.0,0.0
2025-09-03 00:00:00-03:00,KLBN11.SA,17.076503902918926,17.31819599471535,16.909177368830278,16.93706512451172,4081208,0.0,0.0
2025-09-04 00:00:00-03:00,KLBN11.SA,16.974248823944222,17.29030826469354,16.909177393924292,17.15087127685547,4465917,0.0,0.0
2025-09-05 00:00:00-03:00,KLBN11.SA,17.197350546013908,17.373971204824482,17.113687280420255,17.2159423828125,5934053,0.0,0.0
2025-09-08 00:00:00-03:00,KLBN11.SA,17.15087109994061,17.383267271124225,17.132279262983836,17.327491760253906,5230083,0.0,0.0
2025-09-09 00:00:00-03:00,KLBN11.SA,17.24382924148847,17.597072331520224,17.234533323572478,17.48552131652832,5296440,0.0,0.0
2025-09-10 00:00:00-03:00,KLBN11.SA,17.53200121838471,17.55988897262942,17.169462203979492,17.169462203979492,4333001,0.0,0.0
2025-09-11 00:00:00-03:00,KLBN11.SA,17.281012255122647,17.448338788578525,17.1043915939175,17.364675521850586,4065856,0.0,0.0
2025-09-12 00:00:00-03:00,KLBN11.SA,17.178758299928123,17.411154463597583,17.15087054539467,17.24382972717285,7842549,0.0,0.0
2025-09-15 00:00:00-03:00,KLBN11.SA,17.448338282711674,17.45763420096749,17.04861558848756,17.10439109802246,4498439,0.0,0.0
2025-09-16 00:00:00-03:00,KLBN11.SA,17.150870510897665,17.271715656190242,16.99283990219262,17.0300235748291,4365119,0.0,0.0
2025-09-17 00:00:00-03:00,KLBN11.SA,17.011432498241327,17.225238625449677,17.011432498241327,17.15087127685547,5553081,0.0,0.0
2025-09-18 00:00:00-03:00,KLBN11.SA,17.16016826535068,17.16016826535068,16.82551696658761,16.992841720581055,5221296,0.0,0.0
2025-09-19 00:00:00-03:00,KLBN11.SA,17.01143173851086,17.076503165624704,16.955656229556137,17.0300235748291,11312101,0.0,0.0
2025-09-22 00:00:00-03:00,KLBN11.SA,17.02072738817636,17.039319224201325,16.75114755659035,16.918472290039062,4587723,0.0,0.0
2025-09-23 00:00:00-03:00,KLBN11.SA,16.927769059575336,16.974248651975827,16.78833207314992,16.825515747070312,4410064,0.0,0.0
2025-09-24 00:00:00-03:00,KLBN11.SA,16.85340317981891,16.94636057206398,16.760443996797818,16.890586853027344,4367745,0.0,0.0
2025-09-25 00:00:00-03:00,KLBN11.SA,16.95565596208899,16.992839634138917,16.797627146652758,16.918472290039062,4481168,0.0,0.0
2025-09-26 00:00:00-03:00,KLBN11.SA,16.983543716126434,16.983543716126434,16.797627146652758,16.918472290039062,4128072,0.0,0.0
2025-09-29 00:00:00-03:00,KLBN11.SA,17.011432506696696,17.03002434385449,16.621007507935186,16.648895263671875,6779726,0.0,0.0
2025-09-30 00:00:00-03:00,KLBN11.SA,16.723261463670394,16.76974105834961,16.57452855147304,16.76974105834961,7453699,0.0,0.0
2025-10-01 00:00:00-03:00,KLBN11.SA,16.7697394811802,16.98354380582047,16.751147645057046,16.955656051635742,4317851,0.0,0.0
2025-10-02 00:00:00-03:00,KLBN11.SA,16.93706547984107,16.93706547984107,16.74185297675161,16.83481216430664,6482887,0.0,0.0
2025-10-03 00:00:00-03:00,KLBN11.SA,16.844107321291823,17.08579940722834,16.77903589294614,16.96495246887207,4244525,0.0,0.0
2025-10-06 00:00:00-03:00,KLBN11.SA,16.9370663332943,16.964954090966064,16.52804946899414,16.52804946899414,7026368,0.0,0.0
2025-10-07 00:00:00-03:00,KLBN11.SA,16.546639957444597,16.713964699047402,16.360721588134766,16.360721588134766,6173423,0.0,0.0
2025-10-08 00:00:00-03:00,KLBN11.SA,16.45368020907081,16.518751636099843,16.27705955505371,16.27705955505371,6749426,0.0,0.0
2025-10-09 00:00:00-03:00,KLBN11.SA,16.323539646017537,16.425792957992115,16.12832535894817,16.28635597229004,4168876,0.0,0.0
2025-10-10 00:00:00-03:00,KLBN11.SA,16.286356120890034,16.407201270830978,16.14691734313965,16.14691734313965,5634285,0.0,0.0
2025-10-13 00:00:00-03:00,KLBN11.SA,16.26776413542629,16.33283377367337,16.211988624835044,16.28635597229004,3017981,0.0,0.0
2025-10-14 00:00:00-03:00,KLBN11.SA,16.221284866333008,16.360721854812137,16.20269302909898,16.221284866333008,4166149,0.0,0.0
2025-10-15 00:00:00-03:00,KLBN11.SA,16.2305813693591,16.425793876569262,16.15621401774527,16.267765045166016,12868814,0.0,0.0
2025-10-16 00:00:00-03:00,KLBN11.SA,16.267763379631596,16.425792194855457,16.165508281631713,16.41649627685547,4185440,0.0,0.0
2025-10-17 00:00:00-03:00,KLBN11.SA,16.453681194557724,16.500160788076627,16.081846237182617,16.081846237182617,5938497,0.0,0.0
2025-10-20 00:00:00-03:00,KLBN11.SA,16.100438418933027,16.397906033039888,16.02607106771228,16.230581283569336,6516924,0.0,0.0
2025-10-21 00:00:00-03:00,KLBN11.SA,16.23987593697978,16.32353920058366,16.072549409772012,16.10043716430664,5674079,0.0,0.0
2025-10-22 00:00:00-03:00,KLBN11.SA,16.09114035882996,16.490863027675434,16.09114035882996,16.37001609802246,4889107,0.0,0.0
2025-10-23 00:00:00-03:00,KLBN11.SA,16.472271147646424,16.593118076971475,16.397903806523313,16.54663848876953,7776192,0.0,0.0
2025-10-24 00:00:00-03:00,KLBN11.SA,16.611710274567987,16.797626840654868,16.565230685352283,16.69537353515625,8299069,0.0,0.0
2025-10-27 00:00:00-03:00,KLBN11.SA,16.82551464335334,16.862698314834564,16.51875114440918,16.51875114440918,4165139,0.0,0.0
2025-10-28 00:00:00-03:00,KLBN11.SA,16.50016087988463,16.946361398596576,16.481569042373625,16.83481216430664,4138677,0.0,0.0
2025-10-29 00:00:00-03:00,KLBN11.SA,16.75114966487732,16.964954015297693,16.667488183011372,16.70467185974121,3360977,0.0,0.0
2025-10-30 00:00:00-03:00,KLBN11.SA,16.704670334722486,16.769739972283116,16.583823396382993,16.713964462280273,3767906,0.0,0.0
2025-10-31 00:00:00-03:00,KLBN11.SA,16.723261463670394,16.76974105834961,16.5652326325372,16.76974105834961,3935465,0.0,0.0
2025-11-03 00:00:00-03:00,KLBN11.SA,16.871995073954995,16.871995073954995,16.62100706971822,16.713964462280273,3792449,0.0,0.0
2025-11-04 00:00:00-03:00,KLBN11.SA,16.713965948207964,17.336788950392062,16.686079981503408,17.206647872924805,7167667,0.0,0.0
2025-11-05 00:00:00-03:00,KLBN11.SA,17.20664760030825,17.373972351765456,17.16016800524343,17.346084594726562,4521063,0.0,0.0
2025-11-06 00:00:00-03:00,KLBN11.SA,17.38326778014121,17.42974737389416,17.07650425214785,17.085800170898438,3654685,0.0,0.0
2025-11-07 00:00:00-03:00,KLBN11.SA,17.085798492205942,17.206645424090308,16.964951560321577,16.983543395996094,4475310,0.0,0.0
2025-11-10 00:00:00-03:00,KLBN11.SA,17.163467824885828,17.248342610432246,16.88055550648063,16.889986038208008,6777807,0.258207,0.0
2025-11-11 00:00:00-03:00,KLBN11.SA,17.059734291660487,17.08802588767027,16.739098020257735,16.852264404296875,6763869,0.0,0.0
2025-11-12 00:00:00-03:00,KLBN11.SA,16.852264026000114,17.31435645037067,16.83340296241698,17.3049259185791,9350075,0.0,0.0
2025-11-13 00:00:00-03:00,KLBN11.SA,17.314355344681587,17.465243843710965,16.908846136956118,16.99371910095215,5612974,0.0,0.0
2025-11-14 00:00:00-03:00,KLBN11.SA,16.99371946706568,17.059733186813236,16.899415969848633,16.899415969848633,2952836,0.0,0.0
2025-11-17 00:00:00-03:00,KLBN11.SA,16.899415821247853,17.09745516204108,16.814541039461606,17.050302505493164,3865674,0.0,0.0
2025-11-18 00:00:00-03:00,KLBN11.SA,16.993720460304797,17.08802577974178,16.823972702026367,16.823972702026367,4246444,0.0,0.0
2025-11-19 00:00:00-03:00,KLBN11.SA,16.82397188655895,17.00315016809621,16.701374977233215,16.776819229125977,4163523,0.0,0.0
2025-11-21 00:00:00-03:00,KLBN11.SA,16.786249603756684,16.786249603756684,16.550488135502885,16.569347381591797,4621255,0.0,0.0
2025-11-24 00:00:00-03:00,KLBN11.SA,16.66365190643198,16.748526684998804,16.343015670776367,16.343015670776367,9569649,0.0,0.0
2025-11-25 00:00:00-03:00,KLBN11.SA,16.409030164525785,16.710805352568897,16.333585913338,16.569347381591797,4877997,0.0,0.0
2025-11-26 00:00:00-03:00,KLBN11.SA,16.62593110761349,16.852263868495747,16.62593110761349,16.710805892944336,4487531,0.0,0.0
2025-11-27 00:00:00-03:00,KLBN11.SA,16.710805999923444,16.767389190506243,16.673083872868247,16.739097595214844,2300679,0.0,0.0
2025-11-28 00:00:00-03:00,KLBN11.SA,16.72023522519867,16.82397106649474,16.625929914929518,16.729665756225586,3875471,0.0,0.0
2025-12-01 00:00:00-03:00,KLBN11.SA,16.710805999923444,16.83340291285284,16.62593121404925,16.739097595214844,4486319,0.0,0.0
2025-12-02 00:00:00-03:00,KLBN11.SA,16.823971502764692,17.00314978021447,16.757957783864455,16.842832565307617,6263414,0.0,0.0
2025-12-03 00:00:00-03:00,KLBN11.SA,16.918277585619116,17.08802533952455,16.85226386371386,17.069164276123047,4511569,0.0,0.0
2025-12-04 00:00:00-03:00,KLBN11.SA,17.07859507761513,17.33321762084961,17.031442418366503,17.33321762084961,5942840,0.0,0.0
2025-12-05 00:00:00-03:00,KLBN11.SA,17.446382973893567,17.77644975245539,17.323786067079055,17.587839126586914,9723573,0.0,0.0
2025-12-08 00:00:00-03:00,KLBN11.SA,17.682145258137414,17.795311638897676,17.399231122944858,17.634992599487305,4390773,0.0,0.0
2025-12-09 00:00:00-03:00,KLBN11.SA,17.870755116374205,18.332847517654283,17.72929714656927,17.767019271850586,9105251,0.0,0.0
2025-12-10 00:00:00-03:00,KLBN11.SA,17.870756325254806,18.181960246461244,17.729298345880842,18.134807586669922,6170696,0.0,0.0
2025-12-11 00:00:00-03:00,KLBN11.SA,18.06879546108743,18.144237899132754,17.69157600402832,17.69157600402832,7756497,0.0,0.0
2025-12-12 00:00:00-03:00,KLBN11.SA,17.78588000765642,17.88961585027378,17.550116728980605,17.682144165039062,6252203,0.0,0.0
2025-12-15 00:00:00-03:00,KLBN11.SA,17.833032893936192,18.153667323664482,17.55954748713664,18.09708595275879,8551367,0.0,0.0
2025-12-16 00:00:00-03:00,KLBN11.SA,18.21782112121582,18.346534729003906,17.910890579223633,18.049503326416016,7593180,0.902914,0.0
2025-12-17 00:00:00-03:00,KLBN11.SA,18.009899139404297,18.287128448486328,17.871286392211914,18.168315887451172,8314118,0.0,0.0
2025-12-18 00:00:00-03:00,KLBN11.SA,18.1200008392334,18.969999313354492,18.1200008392334,18.59000015258789,11509400,0.0,1.01
2025-12-19 00:00:00-03:00,KLBN11.SA,18.670000076293945,18.75,18.290000915527344,18.290000915527344,10024200,0.0,0.0
2025-12-22 00:00:00-03:00,KLBN11.SA,18.350000381469727,18.709999084472656,18.260000228881836,18.510000228881836,5635100,0.0,0.0
2025-12-23 00:00:00-03:00,KLBN11.SA,18.59000015258789,18.770000457763672,18.350000381469727,18.610000610351562,6917800,0.0,0.0
2025-12-26 00:00:00-03:00,KLBN11.SA,18.610000610351562,18.799999237060547,18.549999237060547,18.600000381469727,3206400,0.0,0.0
2025-12-29 00:00:00-03:00,KLBN11.SA,18.579999923706055,18.729999542236328,18.579999923706055,18.719999313354492,2929800,0.0,0.0
2025-12-30 00:00:00-03:00,KLBN11.SA,18.799999237060547,18.8700008392334,18.670000076293945,18.760000228881836,4410900,0.0,0.0
2026-01-02 00:00:00-03:00,KLBN11.SA,18.790000915527344,19.09000015258789,18.719999313354492,19.09000015258789,3933000,0.0,0.0
2026-01-05 00:00:00-03:00,KLBN11.SA,18.899999618530273,19.079999923706055,18.520000457763672,18.520000457763672,5641100,0.0,0.0
2026-01-06 00:00:00-03:00,KLBN11.SA,18.540000915527344,18.770000457763672,18.520000457763672,18.520000457763672,3488000,0.0,0.0
2026-01-07 00:00:00-03:00,KLBN11.SA,18.520000457763672,18.639999389648438,18.34000015258789,18.350000381469727,3372000,0.0,0.0
2026-01-08 00:00:00-03:00,KLBN11.SA,18.34000015258789,18.520000457763672,18.1299991607666,18.520000457763672,4932200,0.0,0.0
2026-01-09 00:00:00-03:00,KLBN11.SA,18.5,18.969999313354492,18.399999618530273,18.719999313354492,2812100,0.0,0.0
2026-01-12 00:00:00-03:00,KLBN11.SA,18.700000762939453,18.920000076293945,18.59000015258789,18.84000015258789,3655300,0.0,0.0
2026-01-13 00:00:00-03:00,KLBN11.SA,18.75,18.809999465942383,18.3799991607666,18.639999389648438,4450100,0.0,0.0
2026-01-14 00:00:00-03:00,KLBN11.SA,18.649999618530273,19.010000228881836,18.540000915527344,19.010000228881836,3770300,0.0,0.0
2026-01-15 00:00:00-03:00,KLBN11.SA,19.0,19.049999237060547,18.729999542236328,18.729999542236328,3202500,0.0,0.0
2026-01-16 00:00:00-03:00,KLBN11.SA,18.780000686645508,18.81999969482422,18.540000915527344,18.610000610351562,5292800,0.0,0.0
2026-01-19 00:00:00-03:00,KLBN11.SA,18.56999969482422,18.6200008392334,18.40999984741211,18.59000015258789,1551100,0.0,0.0
2026-01-20 00:00:00-03:00,KLBN11.SA,18.6200008392334,18.6299991607666,18.3799991607666,18.5,3012600,0.0,0.0
2026-01-21 00:00:00-03:00,KLBN11.SA,18.6299991607666,18.969999313354492,18.549999237060547,18.969999313354492,4719100,0.0,0.0
2026-01-22 00:00:00-03:00,KLBN11.SA,19.0,19.780000686645508,19.0,19.280000686645508,9165400,0.0,0.0
2026-01-23 00:00:00-03:00,KLBN11.SA,19.399999618530273,19.549999237060547,18.90999984741211,19.420000076293945,12183500,0.0,0.0
2026-01-26 00:00:00-03:00,KLBN11.SA,19.799999237060547,19.799999237060547,19.06999969482422,19.190000534057617,9019200,0.0,0.0
2026-01-27 00:00:00-03:00,KLBN11.SA,19.290000915527344,19.579999923706055,19.25,19.40999984741211,8485400,0.0,0.0
2026-01-28 00:00:00-03:00,KLBN11.SA,19.450000762939453,19.729999542236328,19.34000015258789,19.59000015258789,4877800,0.0,0.0
2026-01-29 00:00:00-03:00,KLBN11.SA,19.610000610351562,19.639999389648438,18.940000534057617,19.0,5249100,0.0,0.0
2026-01-30 00:00:00-03:00,KLBN11.SA,19.049999237060547,19.309999465942383,19.010000228881836,19.15999984741211,7425100,0.0,0.0
2026-02-02 00:00:00-03:00,KLBN11.SA,19.15999984741211,19.479999542236328,19.049999237060547,19.209999084472656,6987600,0.0,0.0
2026-02-03 00:00:00-03:00,KLBN11.SA,19.209999084472656,19.459999084472656,19.030000686645508,19.25,8887700,0.0,0.0
2026-02-04 00:00:00-03:00,KLBN11.SA,19.219999313354492,19.450000762939453,19.059999465942383,19.31999969482422,5030700,0.0,0.0
2026-02-05 00:00:00-03:00,KLBN11.SA,19.31999969482422,19.6299991607666,19.280000686645508,19.43000030517578,4657000,0.0,0.0
2026-02-06 00:00:00-03:00,KLBN11.SA,19.43000030517578,19.530000686645508,19.229999542236328,19.299999237060547,5768900,0.0,0.0
2026-02-09 00:00:00-03:00,KLBN11.SA,19.350000381469727,19.969999313354492,19.350000381469727,19.81999969482422,9576800,0.0,0.0
2026-02-10 00:00:00-03:00,KLBN11.SA,19.81999969482422,20.030000686645508,19.690000534057617,19.829999923706055,6041000,0.0,0.0
2026-02-11 00:00:00-03:00,KLBN11.SA,19.799999237060547,21.25,19.65999984741211,21.020000457763672,15839700,0.0,0.0
2026-02-12 00:00:00-03:00,KLBN11.SA,20.860000610351562,20.860000610351562,20.049999237060547,20.530000686645508,10279900,0.0,0.0
2026-02-13 00:00:00-03:00,KLBN11.SA,20.100000381469727,20.489999771118164,20.09000015258789,20.389999389648438,5571200,0.0,0.0
2026-02-18 00:00:00-03:00,KLBN11.SA,20.15999984741211,20.639999389648438,20.0,20.209999084472656,4840100,0.0,0.0
2026-02-19 00:00:00-03:00,KLBN11.SA,20.219999313354492,20.479999542236328,20.020000457763672,20.170000076293945,5165600,0.0,0.0
2026-02-20 00:00:00-03:00,KLBN11.SA,20.100000381469727,20.139999389648438,19.739999771118164,20.100000381469727,6319300,0.0,0.0
2026-02-23 00:00:00-03:00,KLBN11.SA,20.110000610351562,20.209999084472656,19.920000076293945,20.0,6465400,0.0,0.0
2026-02-24 00:00:00-03:00,KLBN11.SA,20.100000381469727,20.719999313354492,20.010000228881836,20.31999969482422,7874400,0.0,0.0
2026-02-25 00:00:00-03:00,KLBN11.SA,20.350000381469727,20.670000076293945,20.260000228881836,20.670000076293945,4186300,0.0,0.0
2026-02-26 00:00:00-03:00,KLBN11.SA,20.670000076293945,20.989999771118164,20.600000381469727,20.809999465942383,5370100,0.0,0.0
2026-02-27 00:00:00-03:00,KLBN11.SA,20.899999618530273,20.899999618530273,20.5,20.559999465942383,5773700,0.0,0.0
2026-03-02 00:00:00-03:00,KLBN11.SA,20.450000762939453,20.649999618530273,20.309999465942383,20.610000610351562,3704400,0.0,0.0
2026-03-03 00:00:00-03:00,KLBN11.SA,20.190000534057617,20.459999084472656,19.670000076293945,19.8799991607666,7290300,0.0,0.0
2026-03-04 00:00:00-03:00,KLBN11.SA,19.8799991607666,20.1200008392334,19.5,20.0,4954700,0.0,0.0
2026-03-05 00:00:00-03:00,KLBN11.SA,20.0,20.040000915527344,19.649999618530273,19.690000534057617,3721400,0.0,0.0
2026-03-06 00:00:00-03:00,KLBN11.SA,19.6299991607666,19.81999969482422,19.260000228881836,19.530000686645508,4931200,0.0,0.0
2026-03-09 00:00:00-03:00,KLBN11.SA,19.479999542236328,19.809999465942383,19.18000030517578,19.68000030517578,4217300,0.0,0.0
2026-03-10 00:00:00-03:00,KLBN11.SA,19.709999084472656,20.049999237060547,19.65999984741211,19.719999313354492,4757400,0.0,0.0
2026-03-11 00:00:00-03:00,KLBN11.SA,19.600000381469727,19.940000534057617,19.489999771118164,19.75,4358700,0.0,0.0
2026-03-12 00:00:00-03:00,KLBN11.SA,19.600000381469727,19.700000762939453,19.170000076293945,19.290000915527344,4330500,0.0,0.0
2026-03-13 00:00:00-03:00,KLBN11.SA,19.3799991607666,19.40999984741211,19.079999923706055,19.110000610351562,2913000,0.0,0.0
2026-03-16 00:00:00-03:00,KLBN11.SA,19.3700008392334,19.559999465942383,19.18000030517578,19.190000534057617,3157400,0.0,0.0
2026-03-17 00:00:00-03:00,KLBN11.SA,19.190000534057617,19.420000076293945,19.149999618530273,19.280000686645508,2740800,0.0,0.0
2026-03-18 00:00:00-03:00,KLBN11.SA,19.190000534057617,19.3700008392334,18.959999084472656,19.0,3383800,0.0,0.0
2026-03-19 00:00:00-03:00,KLBN11.SA,18.799999237060547,18.889999389648438,18.600000381469727,18.799999237060547,4426000,0.0,0.0
2026-03-20 00:00:00-03:00,KLBN11.SA,18.790000915527344,18.790000915527344,18.350000381469727,18.399999618530273,12367400,0.0,0.0
2026-03-23 00:00:00-03:00,KLBN11.SA,18.559999465942383,19.100000381469727,18.450000762939453,18.899999618530273,3845800,0.0,0.0
2026-03-24 00:00:00-03:00,KLBN11.SA,18.899999618530273,19.18000030517578,18.739999771118164,19.139999389648438,4532300,0.0,0.0
2026-03-25 00:00:00-03:00,KLBN11.SA,19.440000534057617,19.6200008392334,19.350000381469727,19.450000762939453,4144400,0.0,0.0
2026-03-26 00:00:00-03:00,KLBN11.SA,19.360000610351562,19.420000076293945,19.1200008392334,19.260000228881836,4213300,0.0,0.0
2026-03-27 00:00:00-03:00,KLBN11.SA,19.200000762939453,19.34000015258789,19.1299991607666,19.209999084472656,2713000,0.0,0.0
2026-03-30 00:00:00-03:00,KLBN11.SA,19.280000686645508,19.360000610351562,18.979999542236328,19.15999984741211,2942000,0.0,0.0
2026-03-31 00:00:00-03:00,KLBN11.SA,19.350000381469727,19.700000762939453,19.25,19.510000228881836,7290800,0.0,0.0
2026-04-01 00:00:00-03:00,KLBN11.SA,19.510000228881836,19.760000228881836,19.510000228881836,19.549999237060547,3991300,0.0,0.0
2026-04-02 00:00:00-03:00,KLBN11.SA,19.399999618530273,19.479999542236328,19.100000381469727,19.31999969482422,3249500,0.0,0.0
2026-04-06 00:00:00-03:00,KLBN11.SA,19.34000015258789,19.399999618530273,19.0,19.049999237060547,3501500,0.0,0.0
2026-04-07 00:00:00-03:00,KLBN11.SA,19.030000686645508,19.079999923706055,18.270000457763672,18.459999084472656,10903800,0.0,0.0
2026-04-08 00:00:00-03:00,KLBN11.SA,19.049999237060547,19.18000030517578,18.690000534057617,18.770000457763672,6194800,0.0,0.0
2026-04-09 00:00:00-03:00,KLBN11.SA,18.920000076293945,19.25,18.84000015258789,19.040000915527344,4252600,0.0,0.0
2026-04-10 00:00:00-03:00,KLBN11.SA,19.100000381469727,19.3799991607666,18.979999542236328,19.059999465942383,4240400,0.0,0.0
2026-04-13 00:00:00-03:00,KLBN11.SA,18.850000381469727,19.219999313354492,18.850000381469727,19.18000030517578,3988700,0.0,0.0
2026-04-14 00:00:00-03:00,KLBN11.SA,19.229999542236328,19.559999465942383,19.1299991607666,19.530000686645508,6070100,0.0,0.0
2026-04-15 00:00:00-03:00,KLBN11.SA,19.530000686645508,19.549999237060547,19.079999923706055,19.15999984741211,6397700,0.0,0.0
2026-04-16 00:00:00-03:00,KLBN11.SA,19.149999618530273,19.219999313354492,18.899999618530273,18.950000762939453,3235500,0.0,0.0
2026-04-17 00:00:00-03:00,KLBN11.SA,19.260000228881836,19.270000457763672,18.729999542236328,18.780000686645508,5578600,0.0,0.0
2026-04-20 00:00:00-03:00,KLBN11.SA,18.790000915527344,18.93000030517578,18.6200008392334,18.760000228881836,3701700,0.0,0.0
2026-04-22 00:00:00-03:00,KLBN11.SA,18.760000228881836,18.90999984741211,18.65999984741211,18.700000762939453,4188500,0.0,0.0
2026-04-23 00:00:00-03:00,KLBN11.SA,18.350000381469727,18.5,18.030000686645508,18.110000610351562,8145000,0.0,0.0
2026-04-24 00:00:00-03:00,KLBN11.SA,18.209999084472656,18.229999542236328,17.850000381469727,17.940000534057617,7344800,0.0,0.0
2026-04-27 00:00:00-03:00,KLBN11.SA,18.0,18.110000610351562,17.8700008392334,17.8700008392334,5692900,0.0,0.0
2026-04-28 00:00:00-03:00,KLBN11.SA,17.829999923706055,17.979999542236328,17.760000228881836,17.81999969482422,5932700,0.0,0.0
2026-04-29 00:00:00-03:00,KLBN11.SA,17.81999969482422,17.940000534057617,17.59000015258789,17.610000610351562,5951000,0.0,0.0
2026-04-30 00:00:00-03:00,KLBN11.SA,17.610000610351562,17.809999465942383,17.43000030517578,17.479999542236328,12557900,0.0,0.0
2026-05-04 00:00:00-03:00,KLBN11.SA,17.559999465942383,17.739999771118164,17.270000457763672,17.280000686645508,9111800,0.0,0.0
2026-05-05 00:00:00-03:00,KLBN11.SA,17.299999237060547,17.489999771118164,17.260000228881836,17.399999618530273,4171000,0.0,0.0
2026-05-06 00:00:00-03:00,KLBN11.SA,17.299999237060547,17.34000015258789,17.010000228881836,17.139999389648438,9260200,0.0,0.0
2026-05-07 00:00:00-03:00,KLBN11.SA,17.15999984741211,17.239999771118164,17.0,17.020000457763672,4637800,0.0,0.0
2026-05-08 00:00:00-03:00,KLBN11.SA,17.190000534057617,17.43000030517578,17.059999465942383,17.190000534057617,5112000,0.0,0.0
2026-05-11 00:00:00-03:00,KLBN11.SA,17.200000762939453,17.34000015258789,17.0,17.0,6075400,0.0,0.0
2026-05-12 00:00:00-03:00,KLBN11.SA,17.020000457763672,17.18000030517578,16.81999969482422,16.81999969482422,5691900,0.0,0.0
2026-05-13 00:00:00-03:00,KLBN11.SA,16.899999618530273,16.989999771118164,16.649999618530273,16.809999465942383,6604600,0.0,0.0
2026-05-14 00:00:00-03:00,KLBN11.SA,16.979999542236328,17.079999923706055,16.760000228881836,16.860000610351562,5987100,0.0,0.0
2026-05-15 00:00:00-03:00,KLBN11.SA,16.809999465942383,16.93000030517578,16.420000076293945,16.43000030517578,7566200,0.0,0.0
2026-05-18 00:00:00-03:00,KLBN11.SA,16.5,16.510000228881836,16.290000915527344,16.299999237060547,6612200,0.0,0.0
2026-05-19 00:00:00-03:00,KLBN11.SA,16.299999237060547,16.3700008392334,16.100000381469727,16.100000381469727,6422600,0.0,0.0
2026-05-20 00:00:00-03:00,KLBN11.SA,16.1299991607666,16.649999618530273,16.1299991607666,16.520000457763672,5337200,0.0,0.0
2026-05-21 00:00:00-03:00,KLBN11.SA,16.520000457763672,16.600000381469727,16.40999984741211,16.510000228881836,4855000,0.0,0.0
2026-05-22 00:00:00-03:00,KLBN11.SA,16.510000228881836,16.549999237060547,16.309999465942383,16.459999084472656,3328200,0.0,0.0
2026-05-25 00:00:00-03:00,KLBN11.SA,16.600000381469727,16.600000381469727,16.479999542236328,16.549999237060547,2207200,0.0,0.0
2026-05-26 00:00:00-03:00,KLBN11.SA,16.56999969482422,16.65999984741211,16.43000030517578,16.610000610351562,4610900,0.0,0.0
2026-05-27 00:00:00-03:00,KLBN11.SA,16.809999465942383,17.1299991607666,16.709999084472656,16.780000686645508,6370500,0.0,0.0
2026-05-28 00:00:00-03:00,KLBN11.SA,16.829999923706055,16.940000534057617,16.649999618530273,16.670000076293945,4957700,0.0,0.0
2026-05-29 00:00:00-03:00,KLBN11.SA,16.799999237060547,16.799999237060547,16.540000915527344,16.670000076293945,8036500,0.0,0.0
2026-06-01 00:00:00-03:00,KLBN11.SA,16.799999237060547,16.799999237060547,16.440000534057617,16.639999389648438,4199500,0.0,0.0
2026-06-02 00:00:00-03:00,KLBN11.SA,16.75,16.90999984741211,16.6200008392334,16.90999984741211,4788200,0.0,0.0
2026-06-03 00:00:00-03:00,KLBN11.SA,16.690000534057617,16.84000015258789,16.6299991607666,16.760000228881836,5072400,0.0,0.0
2026-06-05 00:00:00-03:00,KLBN11.SA,16.799999237060547,17.270000457763672,16.709999084472656,17.049999237060547,6855500,0.0,0.0
2026-06-08 00:00:00-03:00,KLBN11.SA,17.010000228881836,17.260000228881836,17.010000228881836,17.1200008392334,4846200,0.0,0.0
2026-06-09 00:00:00-03:00,KLBN11.SA,17.149999618530273,17.219999313354492,17.0,17.040000915527344,4021100,0.0,0.0
2026-06-10 00:00:00-03:00,KLBN11.SA,17.040000915527344,17.18000030517578,16.799999237060547,16.860000610351562,4418400,0.0,0.0
2026-06-11 00:00:00-03:00,KLBN11.SA,16.860000610351562,16.889999389648438,16.520000457763672,16.780000686645508,4156300,0.0,0.0
2026-06-12 00:00:00-03:00,KLBN11.SA,16.780000686645508,17.0,16.670000076293945,16.8799991607666,3078400,0.0,0.0
2026-06-15 00:00:00-03:00,KLBN11.SA,17.09000015258789,17.329999923706055,17.040000915527344,17.110000610351562,4634900,0.0,0.0
2026-06-16 00:00:00-03:00,KLBN11.SA,17.06999969482422,17.190000534057617,16.969999313354492,17.059999465942383,3049000,0.0,0.0
2026-06-17 00:00:00-03:00,KLBN11.SA,17.06999969482422,17.229999542236328,16.81999969482422,16.959999084472656,4862000,0.0,0.0
2026-06-18 00:00:00-03:00,KLBN11.SA,16.969999313354492,17.34000015258789,16.829999923706055,17.229999542236328,5173300,0.0,0.0
2026-06-19 00:00:00-03:00,KLBN11.SA,17.280000686645508,17.3799991607666,16.889999389648438,17.1299991607666,7295600,0.0,0.0
2026-06-22 00:00:00-03:00,KLBN11.SA,16.959999084472656,17.139999389648438,16.84000015258789,16.93000030517578,7298300,0.0,0.0
2026-06-23 00:00:00-03:00,KLBN11.SA,16.93000030517578,16.940000534057617,16.600000381469727,16.809999465942383,7517300,0.0,0.0
2026-06-24 00:00:00-03:00,KLBN11.SA,16.75,16.860000610351562,16.65999984741211,16.850000381469727,5097300,0.0,0.0
2026-06-25 00:00:00-03:00,KLBN11.SA,16.93000030517578,17.3799991607666,16.93000030517578,17.049999237060547,5298000,0.0,0.0
2026-06-26 00:00:00-03:00,KLBN11.SA,17.06999969482422,17.209999084472656,16.729999542236328,16.959999084472656,7868700,0.0,0.0
2026-06-29 00:00:00-03:00,KLBN11.SA,16.959999084472656,17.040000915527344,16.770000457763672,16.889999389648438,4796100,0.0,0.0
2026-06-30 00:00:00-03:00,KLBN11.SA,16.8700008392334,16.93000030517578,16.670000076293945,16.739999771118164,4730300,0.0,0.0
2026-07-01 00:00:00-03:00,KLBN11.SA,16.65999984741211,16.959999084472656,16.610000610351562,16.920000076293945,4978800,0.0,0.0
2026-07-02 00:00:00-03:00,KLBN11.SA,16.93000030517578,17.1299991607666,16.920000076293945,16.989999771118164,3437100,0.0,0.0
2026-07-03 00:00:00-03:00,KLBN11.SA,16.989999771118164,17.170000076293945,16.979999542236328,17.100000381469727,2253300,0.0,0.0
2026-07-06 00:00:00-03:00,KLBN11.SA,17.100000381469727,17.149999618530273,16.850000381469727,17.0,3784100,0.0,0.0
2026-07-07 00:00:00-03:00,KLBN11.SA,17.0,17.209999084472656,16.940000534057617,17.170000076293945,4002400,0.0,0.0
2026-07-08 00:00:00-03:00,KLBN11.SA,17.09000015258789,17.209999084472656,16.950000762939453,17.15999984741211,4640000,0.0,0.0
2026-07-09 00:00:00-03:00,KLBN11.SA,17.18000030517578,17.399999618530273,17.1299991607666,17.399999618530273,5455500,0.0,0.0
2026-07-10 00:00:00-03:00,KLBN11.SA,17.59000015258789,17.639999389648438,17.40999984741211,17.540000915527344,5591900,0.0,0.0
2026-07-13 00:00:00-03:00,KLBN11.SA,17.549999237060547,17.700000762939453,17.440000534057617,17.479999542236328,3487000,0.0,0.0
2026-07-14 00:00:00-03:00,KLBN11.SA,17.549999237060547,17.549999237060547,17.31999969482422,17.31999969482422,3036300,0.0,0.0
2026-07-15 00:00:00-03:00,KLBN11.SA,17.270000457763672,17.510000228881836,17.200000762939453,17.389999389648438,3914700,0.0,0.0
2026-07-16 00:00:00-03:00,KLBN11.SA,17.31999969482422,17.559999465942383,17.31999969482422,17.360000610351562,2518500,0.0,0.0
2026-07-17 00:00:00-03:00,KLBN11.SA,17.399999618530273,17.639999389648438,17.34000015258789,17.579999923706055,4000400,0.0,0.0
2026-07-20 00:00:00-03:00,KLBN11.SA,17.549999237060547,17.860000610351562,17.31999969482422,17.479999542236328,3181500,0.0,0.0
2026-07-21 00:00:00-03:00,KLBN11.SA,17.420000076293945,17.65999984741211,17.360000610351562,17.59000015258789,3098500,0.0,0.0
2026-07-22 00:00:00-03:00,KLBN11.SA,17.700000762939453,18.0,17.639999389648438,17.93000030517578,4310200,0.0,0.0
2026-07-23 00:00:00-03:00,KLBN11.SA,17.81999969482422,17.920000076293945,17.40999984741211,17.65999984741211,4884400,0.0,0.0
2026-07-24 00:00:00-03:00,KLBN11.SA,17.5,17.59000015258789,17.31999969482422,17.520000457763672,3680600,0.0,0.0
2026-07-27 00:00:00-03:00,KLBN11.SA,17.579999923706055,17.75,17.479999542236328,17.68000030517578,3742800,0.0,0.0
2026-07-28 00:00:00-03:00,KLBN11.SA,17.899999618530273,18.309999465942383,17.829999923706055,18.040000915527344,5010100,0.0,0.0
2026-07-29 00:00:00-03:00,KLBN11.SA,18.09000015258789,18.170000076293945,17.940000534057617,18.020000457763672,3864500,0.0,0.0
2026-07-30 00:00:00-03:00,KLBN11.SA,18.049999237060547,18.229999542236328,17.899999618530273,18.049999237060547,7071300,0.0,0.0
2026-07-31 00:00:00-03:00,KLBN11.SA,18.149999618530273,18.450000762939453,18.010000228881836,18.25,7405800,0.0,0.0
2026-08-03 00:00:00-03:00,KLBN11.SA,18.3799991607666,18.440000534057617,18.1200008392334,18.239999771118164,4178200,0.0,0.0
2026-08-04 00:00:00-03:00,KLBN11.SA,18.440000534057617,18.540000915527344,18.059999465942383,18.25,3888600,0.0,0.0
2026-08-05 00:00:00-03:00,KLBN11.SA,18.290000915527344,18.729999542236328,18.229999542236328,18.639999389648438,10070700,0.0,0.0
2026-08-06 00:00:00-03:00,KLBN11.SA,18.59000015258789,18.639999389648438,17.989999771118164,18.020000457763672,5938900,0.0,0.0
2026-08-07 00:00:00-03:00,KLBN11.SA,18.010000228881836,18.1299991607666,17.8799991607666,18.010000228881836,7569000,0.0,0.0
2026-08-10 00:00:00-03:00,KLBN11.SA,18.0,18.100000381469727,17.81999969482422,17.860000610351562,3964800,0.0,0.0
2026-08-11 00:00:00-03:00,KLBN11.SA,17.81999969482422,17.889999389648438,17.510000228881836,17.549999237060547,4675400,0.0,0.0
2026-08-12 00:00:00-03:00,KLBN11.SA,17.56999969482422,17.739999771118164,17.479999542236328,17.6200008392334,4156400,0.0,0.0
2026-08-13 00:00:00-03:00,KLBN11.SA,17.6200008392334,17.65999984741211,17.329999923706055,17.510000228881836,4609000,0.0,0.0
2026-08-14 00:00:00-03:00,KLBN11.SA,17.389999389648438,17.760000228881836,17.350000381469727,17.549999237060547,7128900,0.0,0.0
2026-08-17 00:00:00-03:00,KLBN11.SA,17.5,17.540000915527344,17.25,17.399999618530273,4666000,0.0,0.0
2026-08-18 00:00:00-03:00,KLBN11.SA,17.360000610351562,17.6200008392334,17.280000686645508,17.459999084472656,2759100,0.0,0.0
2026-08-19 00:00:00-03:00,KLBN11.SA,17.469999313354492,17.84000015258789,17.43000030517578,17.760000228881836,3721500,0.0,0.0
2026-08-20 00:00:00-03:00,KLBN11.SA,17.760000228881836,18.469999313354492,17.690000534057617,18.329999923706055,6985000,0.0,0.0
2026-08-21 00:00:00-03:00,KLBN11.SA,18.329999923706055,18.610000610351562,18.18000030517578,18.489999771118164,6362800,0.0,0.0
2026-08-24 00:00:00-03:00,KLBN11.SA,18.299999237060547,18.920000076293945,18.299999237060547,18.68000030517578,6145700,0.0,0.0
2026-08-25 00:00:00-03:00,KLBN11.SA,18.549999237060547,18.809999465942383,18.530000686645508,18.739999771118164,6441000,0.0,0.0
2026-08-26 00:00:00-03:00,KLBN11.SA,18.670000076293945,18.770000457763672,18.510000228881836,18.709999084472656,5091300,0.0,0.0
2026-08-27 00:00:00-03:00,KLBN11.SA,18.65999984741211,18.860000610351562,18.489999771118164,18.790000915527344,3853700,0.0,0.0
2026-08-28 00:00:00-03:00,KLBN11.SA,18.739999771118164,19.0,18.600000381469727,18.8700008392334,4968000,0.0,0.0
2026-08-31 00:00:00-03:00,KLBN11.SA,18.809999465942383,19.030000686645508,18.700000762939453,18.899999618530273,7621500,0.0,0.0
2026-09-01 00:00:00-03:00,KLBN11.SA,18.899999618530273,19.100000381469727,18.81999969482422,19.049999237060547,3261300,0.0,0.0
2026-09-02 00:00:00-03:00,KLBN11.SA,19.100000381469727,19.600000381469727,19.100000381469727,19.5,6794000,0.0,0.0
2026-09-03 00:00:00-03:00,KLBN11.SA,19.649999618530273,19.700000762939453,19.350000381469727,19.559999465942383,5568600,0.0,0.0
2026-09-04 00:00:00-03:00,KLBN11.SA,19.40999984741211,19.649999618530273,19.3700008392334,19.469999313354492,3389300,0.0,0.0
2023-09-04 00:00:00-03:00,POSI3.SA,7.244409464784473,7.602697376584241,7.209454566886703,7.349274158477783,1561500,0.0,0.0
2023-09-05 00:00:00-03:00,POSI3.SA,7.305580487050254,7.44540091508051,7.122067060737974,7.253148555755615,1158600,0.0,0.0
2023-09-06 00:00:00-03:00,POSI3.SA,7.2706257313051035,7.305580630652126,7.043419302244723,7.052157402038574,925600,0.0,0.0
2023-09-08 00:00:00-03:00,POSI3.SA,7.03468001882924,7.03468001882924,6.781256802832707,6.816211700439453,1239900,0.0,0.0
2023-09-11 00:00:00-03:00,POSI3.SA,6.92981553931503,7.052157692060973,6.816212320112868,6.9909868240356445,1212300,0.0,0.0
2023-09-12 00:00:00-03:00,POSI3.SA,6.9647706232504625,7.095851712987195,6.912338270694828,7.0346808433532715,740200,0.0,0.0
2023-09-13 00:00:00-03:00,POSI3.SA,7.034680552165026,7.279364853963041,7.017202685341317,7.07837438583374,957800,0.0,0.0
2023-09-14 00:00:00-03:00,POSI3.SA,7.157022203840772,7.157022203840772,6.921076838175311,6.947292804718018,1016500,0.0,0.0
2023-09-15 00:00:00-03:00,POSI3.SA,6.956031393120412,6.982247358363224,6.676391791460481,6.728824138641357,1416300,0.0,0.0
2023-09-18 00:00:00-03:00,POSI3.SA,6.807473329870231,6.84242823036365,6.554050092945302,6.589004993438721,1835300,0.0,0.0
2023-09-19 00:00:00-03:00,POSI3.SA,6.6239596428219345,6.641437092406084,6.466662596564582,6.527833461761475,1082400,0.0,0.0
2023-09-20 00:00:00-03:00,POSI3.SA,6.475400861227577,6.615220869159458,6.449184896218334,6.457923412322998,1073400,0.0,0.0
2023-09-21 00:00:00-03:00,POSI3.SA,6.309365209957988,6.396752875631434,6.239455410775449,6.2918877601623535,2382600,0.0,0.0
2023-09-22 00:00:00-03:00,POSI3.SA,6.326842827005,6.405491561512088,6.204500675201416,6.204500675201416,1254300,0.0,0.0
2023-09-25 00:00:00-03:00,POSI3.SA,6.152068261614119,6.213239545238976,6.055942077830851,6.178284645080566,1348400,0.0,0.0
2023-09-26 00:00:00-03:00,POSI3.SA,6.117112955847545,6.152067853688196,5.942338466644287,5.942338466644287,1314600,0.0,0.0
2023-09-27 00:00:00-03:00,POSI3.SA,5.98603221318007,6.117113295712974,5.7063930149181665,5.776302814483643,1606500,0.0,0.0
2023-09-28 00:00:00-03:00,POSI3.SA,5.7588255251676665,6.134590916657337,5.7326091412519755,6.08215856552124,1536800,0.0,0.0
2023-09-29 00:00:00-03:00,POSI3.SA,6.221977960979814,6.318104143203441,6.134590712001639,6.2918877601623535,2265900,0.0,0.0
2023-10-02 00:00:00-03:00,POSI3.SA,6.2918877772773065,6.2918877772773065,5.977293680100133,6.038464546203613,874600,0.0,0.0
2023-10-03 00:00:00-03:00,POSI3.SA,6.020986649119575,6.152067721554289,5.854950679594969,5.907383441925049,1546500,0.0,0.0
2023-10-04 00:00:00-03:00,POSI3.SA,6.029726051235756,6.230716933500124,5.854951135482455,6.169545650482178,2091500,0.0,0.0
2023-10-05 00:00:00-03:00,POSI3.SA,6.27440983001162,6.27440983001162,5.924860860859627,6.029725551605225,1443900,0.0,0.0
2023-10-06 00:00:00-03:00,POSI3.SA,5.924861082335465,5.9947708787791445,5.715131276309169,5.968554496765137,1661900,0.0,0.0
2023-10-09 00:00:00-03:00,POSI3.SA,5.854951053710148,6.064680866345895,5.776302738580104,6.020987033843994,1256400,0.0,0.0
2023-10-10 00:00:00-03:00,POSI3.SA,6.047203279684227,6.256932670873265,5.9772934826212145,6.230716705322266,2084900,0.0,0.0
2023-10-11 00:00:00-03:00,POSI3.SA,6.230717414579112,6.2656723170896145,6.05594248533129,6.1608076095581055,1964900,0.0,0.0
2023-10-13 00:00:00-03:00,POSI3.SA,6.073419161054432,6.117112991960826,5.828734874725342,5.828734874725342,1731100,0.0,0.0
2023-10-16 00:00:00-03:00,POSI3.SA,5.872428908468753,6.012248932102858,5.723870784443919,6.003509998321533,1337600,0.0,0.0
2023-10-17 00:00:00-03:00,POSI3.SA,5.968554763288701,5.968554763288701,5.776302814483643,5.776302814483643,1013000,0.0,0.0
2023-10-18 00:00:00-03:00,POSI3.SA,5.7675639226670325,5.785041372684089,5.619005389174419,5.662699222564697,1335600,0.0,0.0
2023-10-19 00:00:00-03:00,POSI3.SA,5.662699033789086,5.785041179829996,5.566572853552168,5.61026668548584,1083500,0.0,0.0
2023-10-20 00:00:00-03:00,POSI3.SA,5.575311786617008,5.645221584354671,5.540356887748177,5.61026668548584,728400,0.0,0.0
2023-10-23 00:00:00-03:00,POSI3.SA,5.584050778240415,5.7500867703461775,5.505402457439485,5.6190056800842285,867300,0.0,0.0
2023-10-24 00:00:00-03:00,POSI3.SA,5.680176692976858,5.811257776923071,5.645221792817238,5.793780326843262,930700,0.0,0.0
2023-10-25 00:00:00-03:00,POSI3.SA,5.846212422638774,5.863689871957916,5.610266648482736,5.723870277404785,1016700,0.0,0.0
2023-10-26 00:00:00-03:00,POSI3.SA,5.73260882196373,5.8724284172058105,5.69765392315321,5.8724284172058105,1039500,0.0,0.0
2023-10-27 00:00:00-03:00,POSI3.SA,5.8636895480694085,5.933599341484415,5.65395975112915,5.65395975112915,2608600,0.0,0.0
2023-10-30 00:00:00-03:00,POSI3.SA,5.715131788868966,5.715131788868966,5.418014710641219,5.4617085456848145,1453300,0.0,0.0
2023-10-31 00:00:00-03:00,POSI3.SA,5.461708131853156,5.540356862294325,5.356843435728438,5.479185581207275,1268000,0.0,0.0
2023-11-01 00:00:00-03:00,POSI3.SA,5.514140505248922,5.645221584354671,5.43549177444642,5.61026668548584,1812200,0.0,0.0
2023-11-03 00:00:00-03:00,POSI3.SA,5.723870388378273,6.038464482222117,5.715131455201644,6.012248516082764,1812600,0.0,0.0
2023-11-06 00:00:00-03:00,POSI3.SA,6.012248232293102,6.038464197195011,5.732608634269498,5.811257362365723,2358000,0.0,0.0
2023-11-07 00:00:00-03:00,POSI3.SA,5.793779911175224,6.064680576324463,5.706392667045671,6.064680576324463,1274000,0.0,0.0
2023-11-08 00:00:00-03:00,POSI3.SA,6.064680702663701,6.204500296183703,6.0122483550937,6.099635601043701,1293300,0.0,0.0
2023-11-09 00:00:00-03:00,POSI3.SA,6.117113278845544,6.21323946133065,6.0297260296296615,6.038464546203613,898800,0.0,0.0
2023-11-10 00:00:00-03:00,POSI3.SA,6.055941735995891,6.344320271067819,6.055941735995891,6.221977710723877,1287500,0.0,0.0
2023-11-13 00:00:00-03:00,POSI3.SA,6.221977550953428,6.554049491882324,6.221977550953428,6.554049491882324,1803100,0.0,0.0
2023-11-14 00:00:00-03:00,POSI3.SA,5.767564331271986,6.204501029348581,5.680177074995729,6.1608076095581055,6570700,0.0,0.0
2023-11-16 00:00:00-03:00,POSI3.SA,6.117113262206004,6.318104143203441,6.117113262206004,6.2918877601623535,2381200,0.0,0.0
2023-11-17 00:00:00-03:00,POSI3.SA,6.353059399175333,6.41423068523915,6.221978310007323,6.248194694519043,1728400,0.0,0.0
2023-11-20 00:00:00-03:00,POSI3.SA,6.248194344020902,6.300626693407807,6.230716894225267,6.2918877601623535,1228400,0.0,0.0
2023-11-21 00:00:00-03:00,POSI3.SA,6.248194467055532,6.248194467055532,5.837473763727609,5.924861431121826,5466400,0.0,0.0
2023-11-22 00:00:00-03:00,POSI3.SA,5.986032278823944,6.055942079156063,5.802518844604492,5.802518844604492,1792600,0.0,0.0
2023-11-23 00:00:00-03:00,POSI3.SA,5.846212260031767,5.924860988127991,5.767563531935543,5.811257362365723,1564700,0.0,0.0
2023-11-24 00:00:00-03:00,POSI3.SA,5.819996232034639,5.872428581719288,5.706393016065536,5.785041332244873,1995300,0.0,0.0
2023-11-27 00:00:00-03:00,POSI3.SA,5.81125775605731,5.81125775605731,5.6539602892085306,5.662699222564697,1387800,0.0,0.0
2023-11-28 00:00:00-03:00,POSI3.SA,5.6626990599498415,5.767563757040794,5.6626990599498415,5.750086307525635,1410700,0.0,0.0
2023-11-29 00:00:00-03:00,POSI3.SA,5.767563594795442,5.881167221795861,5.715131247724923,5.828734874725342,1732800,0.0,0.0
2023-11-30 00:00:00-03:00,POSI3.SA,5.846212450043511,5.881167348845649,5.776302652439236,5.86368989944458,1563300,0.0,0.0
2023-12-01 00:00:00-03:00,POSI3.SA,5.854950966396414,5.9248611806959515,5.776302652439236,5.86368989944458,1522900,0.0,0.0
2023-12-04 00:00:00-03:00,POSI3.SA,5.872428259815137,5.90738357438406,5.662698872573106,5.697653770446777,1967500,0.0,0.0
2023-12-05 00:00:00-03:00,POSI3.SA,5.732608634269498,5.819995878434609,5.723870118200612,5.811257362365723,1270700,0.0,0.0
2023-12-06 00:00:00-03:00,POSI3.SA,5.811257524000491,5.863689871957916,5.715131344397584,5.723870277404785,1280200,0.0,0.0
2023-12-07 00:00:00-03:00,POSI3.SA,5.723870665679799,5.9598164558410645,5.723870665679799,5.9598164558410645,2132000,0.0,0.0
2023-12-08 00:00:00-03:00,POSI3.SA,5.968555018390728,6.038464820944219,5.837473930255286,5.846212863922119,1274200,0.0,0.0
2023-12-11 00:00:00-03:00,POSI3.SA,5.837473930255286,5.959816501419188,5.785041578340168,5.846212863922119,1172900,0.0,0.0
2023-12-12 00:00:00-03:00,POSI3.SA,5.889906282170405,5.924861600142442,5.793780512007001,5.846212863922119,732900,0.0,0.0
2023-12-13 00:00:00-03:00,POSI3.SA,5.872428685240908,6.099635954574967,5.837473784834942,6.073419570922852,991600,0.0,0.0
2023-12-14 00:00:00-03:00,POSI3.SA,6.0996358908632855,6.326842741128851,6.020987157423721,6.047203540802002,1446300,0.0,0.0
2023-12-15 00:00:00-03:00,POSI3.SA,6.117113383730597,6.160807217435356,5.933599948883057,5.933599948883057,1095600,0.0,0.0
2023-12-18 00:00:00-03:00,POSI3.SA,5.968554684858875,6.064680866345895,5.959816168375656,6.020987033843994,1156400,0.0,0.0
2023-12-19 00:00:00-03:00,POSI3.SA,6.073419382829113,6.143329598171207,5.994771067699069,6.020987033843994,643300,0.0,0.0
2023-12-20 00:00:00-03:00,POSI3.SA,6.02972619605538,6.064681096706519,5.916122560591537,5.951077461242676,968800,0.0,0.0
2023-12-21 00:00:00-03:00,POSI3.SA,5.986032133248143,6.055941931880108,5.933599784274169,6.012248516082764,2211200,0.0,0.0
2023-12-22 00:00:00-03:00,POSI3.SA,6.003509707403293,6.1083744075258615,5.968554807362437,6.047203540802002,1351700,0.0,0.0
2023-12-26 00:00:00-03:00,POSI3.SA,6.047203622882523,6.204500675201416,6.012248722367214,6.204500675201416,1683200,0.0,0.0
2023-12-27 00:00:00-03:00,POSI3.SA,6.195761745432501,6.248194092710509,6.108374083273898,6.221977710723877,1276100,0.0,0.0
2023-12-28 00:00:00-03:00,POSI3.SA,6.204500718172133,6.204500718172133,6.012248764006444,6.08215856552124,1587400,0.0,0.0
2024-01-02 00:00:00-03:00,POSI3.SA,6.082158265008914,6.082158265008914,5.750086307525635,5.750086307525635,2891200,0.0,0.0
2024-01-03 00:00:00-03:00,POSI3.SA,5.723870403968898,5.828735102202476,5.680176571357273,5.767563819885254,1310300,0.0,0.0
2024-01-04 00:00:00-03:00,POSI3.SA,5.785041372684089,5.8199962727182,5.627744322530586,5.662699222564697,1121200,0.0,0.0
2024-01-05 00:00:00-03:00,POSI3.SA,5.662699407068401,5.7937804948148806,5.601528121667966,5.706393241882324,957500,0.0,0.0
2024-01-08 00:00:00-03:00,POSI3.SA,5.706392794846457,5.916122185454499,5.610266615803476,5.854950904846191,1279500,0.0,0.0
2024-01-09 00:00:00-03:00,POSI3.SA,5.811257551241374,5.94233863009702,5.785041168792139,5.86368989944458,902600,0.0,0.0
2024-01-10 00:00:00-03:00,POSI3.SA,5.889905866611071,5.977293530332634,5.81999606899003,5.8724284172058105,848700,0.0,0.0
2024-01-11 00:00:00-03:00,POSI3.SA,5.881167157697811,5.907383539294969,5.767563531935543,5.811257362365723,679100,0.0,0.0
2024-01-12 00:00:00-03:00,POSI3.SA,5.854950679594969,6.0734189947544115,5.802518333960132,5.907383441925049,1388800,0.0,0.0
2024-01-15 00:00:00-03:00,POSI3.SA,5.907383982016425,5.9598163324449684,5.854951214892602,5.933599948883057,980700,0.0,0.0
2024-01-16 00:00:00-03:00,POSI3.SA,5.916122121461496,5.933599570489784,5.793779978263478,5.837473392486572,761600,0.0,0.0
2024-01-17 00:00:00-03:00,POSI3.SA,5.802518780973059,5.854951130647166,5.758825364592274,5.776302814483643,584700,0.0,0.0
2024-01-18 00:00:00-03:00,POSI3.SA,5.828734910504155,5.872428324983499,5.6801763845448185,5.7151312828063965,850700,0.0,0.0
2024-01-19 00:00:00-03:00,POSI3.SA,5.750086083102521,5.837473327267632,5.645221390104388,5.811257362365723,1849000,0.0,0.0
2024-01-22 00:00:00-03:00,POSI3.SA,5.8112579626453735,5.91612266647561,5.741348160091882,5.846212863922119,842200,0.0,0.0
2024-01-23 00:00:00-03:00,POSI3.SA,5.846212718284074,6.108374471328817,5.811257817878109,6.073419570922852,1302500,0.0,0.0
2024-01-24 00:00:00-03:00,POSI3.SA,6.108374081737747,6.484139862178523,6.108374081737747,6.2132391929626465,2229400,0.0,0.0
2024-01-25 00:00:00-03:00,POSI3.SA,6.204500471114413,6.396752834320068,6.18702302143165,6.396752834320068,921600,0.0,0.0
2024-01-26 00:00:00-03:00,POSI3.SA,6.405491328310584,6.519094959197071,6.221977898938648,6.274410247802734,1304500,0.0,0.0
2024-01-29 00:00:00-03:00,POSI3.SA,6.248194467593418,6.3530591684411695,6.169545733609964,6.326842784881592,1144100,0.0,0.0
2024-01-30 00:00:00-03:00,POSI3.SA,6.353059145872618,6.353059145872618,6.090896977989262,6.178284645080566,686600,0.0,0.0
2024-01-31 00:00:00-03:00,POSI3.SA,6.152068100453199,6.379275362226174,6.143329583990153,6.274410247802734,864400,0.0,0.0
2024-02-01 00:00:00-03:00,POSI3.SA,6.2656715418031785,6.318103889081186,6.160806847247162,6.221977710723877,577500,0.0,0.0
2024-02-02 00:00:00-03:00,POSI3.SA,6.221977897649518,6.344320461668972,6.187022998414036,6.265671730041504,691400,0.0,0.0
2024-02-05 00:00:00-03:00,POSI3.SA,6.2569326453043805,6.2569326453043805,6.029725805778068,6.108374118804932,947700,0.0,0.0
2024-02-06 00:00:00-03:00,POSI3.SA,6.160806593819884,6.309364696648948,6.1171127645379455,6.1520676612854,777200,0.0,0.0
2024-02-07 00:00:00-03:00,POSI3.SA,6.1520680616215975,6.379275321960449,6.125852095702662,6.379275321960449,788200,0.0,0.0
2024-02-08 00:00:00-03:00,POSI3.SA,6.344320712982655,6.353059229790045,6.187023243496791,6.3355817794799805,801900,0.0,0.0
2024-02-09 00:00:00-03:00,POSI3.SA,6.379275425835799,6.422968841977251,6.248194344020902,6.2918877601623535,664200,0.0,0.0
2024-02-14 00:00:00-03:00,POSI3.SA,6.256932860571084,6.2918877601623535,6.1782845448383625,6.2918877601623535,432700,0.0,0.0
2024-02-15 00:00:00-03:00,POSI3.SA,6.29188734703675,6.361797558324254,6.24819393376421,6.3093647956848145,560200,0.0,0.0
2024-02-16 00:00:00-03:00,POSI3.SA,6.361797911286713,6.405491326983431,6.265671730041504,6.265671730041504,601800,0.0,0.0
2024-02-19 00:00:00-03:00,POSI3.SA,6.2656717533517154,6.396752834320068,6.248194303668953,6.396752834320068,593000,0.0,0.0
2024-02-20 00:00:00-03:00,POSI3.SA,6.379275240744079,6.8686442375183105,6.335581409175111,6.8686442375183105,1742800,0.0,0.0
2024-02-21 00:00:00-03:00,POSI3.SA,6.8686443643184605,6.982247578443504,6.7550407334981495,6.912337779998779,1202800,0.0,0.0
2024-02-22 00:00:00-03:00,POSI3.SA,6.9298150591969785,7.244409561157227,6.842427813290036,7.244409561157227,1550000,0.0,0.0
2024-02-23 00:00:00-03:00,POSI3.SA,7.253149024557352,7.253149024557352,6.746302127838135,6.746302127838135,1140500,0.0,0.0
2024-02-26 00:00:00-03:00,POSI3.SA,6.7637787486163425,6.903598751837425,6.658914058721958,6.772517681121826,617000,0.0,0.0
2024-02-27 00:00:00-03:00,POSI3.SA,6.7987344944419466,7.209454764337051,6.7987344944419466,7.157021999359131,1057600,0.0,0.0
2024-02-28 00:00:00-03:00,POSI3.SA,7.139544975230456,7.148283908302395,6.807473019011537,6.88612174987793,831900,0.0,0.0
2024-02-29 00:00:00-03:00,POSI3.SA,6.842427760233166,7.200715674021056,6.789995413095567,6.982247352600098,1160100,0.0,0.0
2024-03-01 00:00:00-03:00,POSI3.SA,7.0084643644540074,7.375490388889224,7.0084643644540074,7.1657609939575195,1737600,0.0,0.0
2024-03-04 00:00:00-03:00,POSI3.SA,7.174500358935837,7.340535931569685,7.139545457676575,7.279365062713623,796500,0.0,0.0
2024-03-05 00:00:00-03:00,POSI3.SA,7.279364456461645,7.4366619157233105,7.174499761417373,7.226932525634766,1030700,0.0,0.0
2024-03-06 00:00:00-03:00,POSI3.SA,7.226932371710576,7.427922824583636,7.200715573465006,7.3405351638793945,747500,0.0,0.0
2024-03-07 00:00:00-03:00,POSI3.SA,7.375490388889224,7.401707188298587,7.087112262510496,7.1657609939575195,645900,0.0,0.0
2024-03-08 00:00:00-03:00,POSI3.SA,7.130805993750587,7.331797286088096,6.98224746609824,7.253148555755615,730200,0.0,0.0
2024-03-11 00:00:00-03:00,POSI3.SA,7.218193659962612,7.323058355984062,7.113328963941162,7.270625591278076,431500,0.0,0.0
2024-03-12 00:00:00-03:00,POSI3.SA,7.331797190883965,7.454138917909852,7.148283766954625,7.375490188598633,1004000,0.0,0.0
2024-03-13 00:00:00-03:00,POSI3.SA,7.340535888050969,7.445401424597638,7.3143199206095915,7.410445690155029,558300,0.0,0.0
2024-03-14 00:00:00-03:00,POSI3.SA,7.401706984162854,7.42792294945866,7.296842289589123,7.358013153076172,469800,0.0,0.0
2024-03-15 00:00:00-03:00,POSI3.SA,7.358013261903966,7.384229227587515,6.999725341796875,6.999725341796875,859300,0.0,0.0
2024-03-18 00:00:00-03:00,POSI3.SA,7.0084643644540074,7.270625691423372,6.956031599025814,7.1657609939575195,982100,0.0,0.0
2024-03-19 00:00:00-03:00,POSI3.SA,7.34053602232983,7.56774330001957,7.200716415564019,7.550266265869141,1331200,0.0,0.0
2024-03-20 00:00:00-03:00,POSI3.SA,7.559003991534185,7.663869524800744,7.349274591782172,7.445401191711426,1023800,0.0,0.0
2024-03-21 00:00:00-03:00,POSI3.SA,7.559004137320092,7.80368927514042,7.2094551309918655,7.620175838470459,2748700,0.0,0.0
2024-03-22 00:00:00-03:00,POSI3.SA,7.550265344530615,7.856120488660499,7.515310447104614,7.690084934234619,1413500,0.0,0.0
2024-03-25 00:00:00-03:00,POSI3.SA,7.690085513934211,7.7337793473580945,7.559004013662557,7.585220813751221,661300,0.0,0.0
2024-03-26 00:00:00-03:00,POSI3.SA,7.5764812494584675,7.952247018865281,7.5590033841881565,7.934769153594971,1599600,0.0,0.0
2024-03-27 00:00:00-03:00,POSI3.SA,7.9347694317893955,8.144498822043353,7.70756217565235,8.127021789550781,1447800,0.0,0.0
2024-03-28 00:00:00-03:00,POSI3.SA,8.0833284079198,8.826121081463247,8.048373507599552,8.756211280822754,2645100,0.0,0.0
2024-04-01 00:00:00-03:00,POSI3.SA,8.738733927408854,9.210625526153308,8.686301157152531,9.175670623779297,2258200,0.0,0.0
2024-04-02 00:00:00-03:00,POSI3.SA,9.158191304383035,9.577650899780151,8.922245959101922,9.560173034667969,2875000,0.0,0.0
2024-04-03 00:00:00-03:00,POSI3.SA,9.525219864928312,9.900985699068578,9.37666131810033,9.621346473693848,2377900,0.0,0.0
2024-04-04 00:00:00-03:00,POSI3.SA,9.603868386208584,9.612607320149738,9.018373146400942,9.175670623779297,3421800,0.0,0.0
2024-04-05 00:00:00-03:00,POSI3.SA,9.158191422463457,9.271795046985947,8.983416936040584,9.070804595947266,1789100,0.0,0.0
2024-04-08 00:00:00-03:00,POSI3.SA,9.0795444849454,9.175670254255085,8.896031046524676,9.088282585144043,2383000,0.0,0.0
2024-04-09 00:00:00-03:00,POSI3.SA,9.131975617052717,9.149453482694955,8.974678993225098,8.974678993225098,2072600,0.0,0.0
2024-04-10 00:00:00-03:00,POSI3.SA,8.861076279512892,8.913508215059677,8.397922792969604,8.729994773864746,2269300,0.0,0.0
2024-04-11 00:00:00-03:00,POSI3.SA,8.729995068072844,8.861076578138546,8.6076533254136,8.686301231384277,1894500,0.0,0.0
2024-04-12 00:00:00-03:00,POSI3.SA,8.695039542010605,8.72125550878795,8.37170650712151,8.511526107788086,1325400,0.0,0.0
2024-04-15 00:00:00-03:00,POSI3.SA,8.46783189491692,8.660084253916827,8.23188653770885,8.38918399810791,1430000,0.0,0.0
2024-04-16 00:00:00-03:00,POSI3.SA,8.328012503591182,8.336751436802121,7.960985642637145,8.196931838989258,1883200,0.0,0.0
2024-04-17 00:00:00-03:00,POSI3.SA,8.26684167844753,8.354229344204509,7.943508648571584,8.083328247070312,1399800,0.0,0.0
2024-04-18 00:00:00-03:00,POSI3.SA,8.048373512455761,8.39792251586914,8.048373512455761,8.39792251586914,1317000,0.0,0.0
2024-04-19 00:00:00-03:00,POSI3.SA,8.362967326947881,8.607652454284487,8.258102629542421,8.44161605834961,1324800,0.0,0.0
2024-04-22 00:00:00-03:00,POSI3.SA,8.54648075575507,8.563958622017912,8.249363696410999,8.44161605834961,1409100,0.0,0.0
2024-04-23 00:00:00-03:00,POSI3.SA,8.389184754310723,8.459094557814096,8.223148345947266,8.223148345947266,765200,0.0,0.0
2024-04-24 00:00:00-03:00,POSI3.SA,8.258101761676965,8.284317724925593,7.7075615331131075,7.847381114959717,1843700,0.0,0.0
2024-04-25 00:00:00-03:00,POSI3.SA,7.864860595257879,7.873599529266357,7.602698408737826,7.873599529266357,1131000,0.0,0.0
2024-04-26 00:00:00-03:00,POSI3.SA,7.926030865933646,8.258102832577235,7.926030865933646,8.249363899230957,1197800,0.0,0.0
2024-04-29 00:00:00-03:00,POSI3.SA,8.28431782677764,8.328011654989512,7.91729183661309,7.9784626960754395,923500,0.0,0.0
2024-04-30 00:00:00-03:00,POSI3.SA,7.9522478690669285,8.039634704589844,7.829905299266157,8.039634704589844,1235600,0.0,0.0
2024-05-02 00:00:00-03:00,POSI3.SA,8.422517885334901,8.514067343914332,8.047166676703855,8.495757102966309,1621400,0.418228,0.0
2024-05-03 00:00:00-03:00,POSI3.SA,8.68801051353256,9.164066314697266,8.62392641456053,9.164066314697266,2228600,0.0,0.0
2024-05-06 00:00:00-03:00,POSI3.SA,9.182376114558538,9.383784414752322,8.935193954708339,9.32885456085205,1658500,0.0,0.0
2024-05-07 00:00:00-03:00,POSI3.SA,9.338009251416407,9.42955871266848,8.697165641892997,8.706320762634277,1636400,0.0,0.0
2024-05-08 00:00:00-03:00,POSI3.SA,8.66970134777907,9.10913667628147,8.559842515653468,8.980968475341797,1151700,0.0,0.0
2024-05-09 00:00:00-03:00,POSI3.SA,8.916883945375035,8.916883945375035,8.642236414858097,8.816180229187012,1005400,0.0,0.0
2024-05-10 00:00:00-03:00,POSI3.SA,8.834488872163098,8.86195423411172,8.367589069081209,8.37674331665039,1122900,0.0,0.0
2024-05-13 00:00:00-03:00,POSI3.SA,8.330969449670885,8.550687106516797,8.26688447828056,8.504912376403809,827100,0.0,0.0
2024-05-14 00:00:00-03:00,POSI3.SA,8.504912541459229,8.587306882645567,8.312659369717895,8.38589859008789,1014900,0.0,0.0
2024-05-15 00:00:00-03:00,POSI3.SA,8.724629977858058,9.521107133678015,8.678855248035688,8.697165489196777,4927600,0.0,0.0
2024-05-16 00:00:00-03:00,POSI3.SA,8.697165534393358,8.825334603945977,8.514067487232728,8.633081436157227,1496700,0.0,0.0
2024-05-17 00:00:00-03:00,POSI3.SA,8.660546638286528,9.356320147884617,8.660546638286528,9.145756721496582,2603100,0.0,0.0
2024-05-20 00:00:00-03:00,POSI3.SA,9.109137311986371,9.154912046836644,8.935194367251873,9.090827941894531,1036200,0.0,0.0
2024-05-21 00:00:00-03:00,POSI3.SA,9.10913699152244,9.10913699152244,8.587307302596722,8.678855895996094,1294700,0.0,0.0
2024-05-22 00:00:00-03:00,POSI3.SA,8.66970143106387,8.66970143106387,8.276039957355167,8.33096981048584,1189600,0.0,0.0
2024-05-23 00:00:00-03:00,POSI3.SA,8.404208999517792,8.495757590267944,8.166181092022686,8.266884803771973,1301000,0.0,0.0
2024-05-24 00:00:00-03:00,POSI3.SA,8.285195700083902,8.633082467801378,8.221110721109326,8.440829277038574,1496900,0.0,0.0
2024-05-27 00:00:00-03:00,POSI3.SA,8.440828126282925,8.495757102966309,8.30350393841378,8.495757102966309,640100,0.0,0.0
2024-05-28 00:00:00-03:00,POSI3.SA,8.578151869429128,8.633081721935824,8.422518305920606,8.459137916564941,981300,0.0,0.0
2024-05-29 00:00:00-03:00,POSI3.SA,8.37674331665039,8.468292776985075,8.321814338913867,8.37674331665039,658400,0.0,0.0
2024-05-31 00:00:00-03:00,POSI3.SA,8.404209308773973,8.468293411965272,8.14787114984793,8.285195350646973,1014400,0.0,0.0
2024-06-03 00:00:00-03:00,POSI3.SA,8.285194939956249,8.321814550404701,8.166180987728676,8.193645477294922,1260600,0.0,0.0
2024-06-04 00:00:00-03:00,POSI3.SA,8.20280016891811,8.358433723449707,8.056321734789625,8.358433723449707,1102400,0.0,0.0
2024-06-05 00:00:00-03:00,POSI3.SA,8.385898862738639,8.395053983852643,8.23026529612219,8.340124130249023,662100,0.0,0.0
2024-06-06 00:00:00-03:00,POSI3.SA,8.340124684255867,8.532377875018671,8.239420964553624,8.440829277038574,1302500,0.0,0.0
2024-06-07 00:00:00-03:00,POSI3.SA,8.404208228436316,8.413362475515159,8.16618034278014,8.211955070495605,817900,0.0,0.0
2024-06-10 00:00:00-03:00,POSI3.SA,8.239420377923196,8.276039989124083,8.05632232191876,8.074631690979004,780100,0.0,0.0
2024-06-11 00:00:00-03:00,POSI3.SA,8.147871373064769,8.211956351092146,7.973928428317197,8.102097511291504,1232300,0.0,0.0
2024-06-12 00:00:00-03:00,POSI3.SA,8.19364610791848,8.22111059959853,7.882378958609771,8.102097511291504,1149300,0.0,0.0
2024-06-13 00:00:00-03:00,POSI3.SA,8.120406423250213,8.120406423250213,7.891533634974569,8.074631690979004,621600,0.0,0.0
2024-06-14 00:00:00-03:00,POSI3.SA,8.06547749161213,8.166181204751567,7.946463536221667,8.010547637939453,652200,0.0,0.0
2024-06-17 00:00:00-03:00,POSI3.SA,7.992236929201643,8.028857411566252,7.873223853838078,7.882378101348877,502400,0.0,0.0
2024-06-18 00:00:00-03:00,POSI3.SA,7.882379007845037,7.955618234836268,7.653506205227325,7.745055675506592,823200,0.0,0.0
2024-06-19 00:00:00-03:00,POSI3.SA,7.70843547784604,7.790829820237235,7.507027182343161,7.571112155914307,631400,0.0,0.0
2024-06-20 00:00:00-03:00,POSI3.SA,7.616886086745289,7.864069116263227,7.5344917435726435,7.58026647567749,1098100,0.0,0.0
2024-06-21 00:00:00-03:00,POSI3.SA,7.543646687812451,7.827449321746826,7.47040746739333,7.827449321746826,1018500,0.0,0.0
2024-06-24 00:00:00-03:00,POSI3.SA,7.763364401419708,8.010547426811327,7.763364401419708,7.864068984985352,750600,0.0,0.0
2024-06-25 00:00:00-03:00,POSI3.SA,7.864069104770606,7.88237847373755,7.763364519671033,7.809139251708984,463200,0.0,0.0
2024-06-26 00:00:00-03:00,POSI3.SA,7.845758605534898,7.845758605534898,7.4978718757629395,7.4978718757629395,1083100,0.0,0.0
2024-06-27 00:00:00-03:00,POSI3.SA,7.507027249415065,7.5894215925424175,7.333084315208743,7.479562759399414,2179500,0.0,0.0
2024-06-28 00:00:00-03:00,POSI3.SA,7.479562779187818,7.516182390332369,7.131676036774384,7.186605453491211,1525700,0.0,0.0
2024-07-01 00:00:00-03:00,POSI3.SA,7.20491509341182,7.333084166011151,7.085901141658237,7.140830993652344,1795000,0.0,0.0
2024-07-02 00:00:00-03:00,POSI3.SA,7.140830993652344,7.214070214257568,7.003507236747455,7.140830993652344,1978700,0.0,0.0
2024-07-03 00:00:00-03:00,POSI3.SA,7.186605580734963,7.488718032836914,7.186605580734963,7.488718032836914,1253900,0.0,0.0
2024-07-04 00:00:00-03:00,POSI3.SA,7.516182254575024,7.964772701263428,7.461252402310142,7.964772701263428,1503200,0.0,0.0
2024-07-05 00:00:00-03:00,POSI3.SA,7.873224278201338,7.9830831119754455,7.708435590999976,7.84575891494751,928800,0.0,0.0
2024-07-08 00:00:00-03:00,POSI3.SA,7.781674503030007,7.992237041092243,7.717590404155477,7.726744651794434,757900,0.0,0.0
2024-07-09 00:00:00-03:00,POSI3.SA,7.671815352205243,7.873223634189912,7.65350511153376,7.735899448394775,573200,0.0,0.0
2024-07-10 00:00:00-03:00,POSI3.SA,7.781674176993154,7.946462850715185,7.680970472540985,7.735899448394775,815900,0.0,0.0
2024-07-11 00:00:00-03:00,POSI3.SA,7.781674596908878,7.8457586965565245,7.507027083578372,7.598576545715332,1230900,0.0,0.0
2024-07-12 00:00:00-03:00,POSI3.SA,7.571112175360165,7.635196276015518,7.507027201624422,7.543646812438965,1396100,0.0,0.0
2024-07-15 00:00:00-03:00,POSI3.SA,7.552802100777626,7.571112343130835,7.268999892405958,7.323929309844971,1745900,0.0,0.0
2024-07-16 00:00:00-03:00,POSI3.SA,7.296464230975595,7.442943110970798,7.204915203816215,7.314774036407471,2072300,0.0,0.0
2024-07-17 00:00:00-03:00,POSI3.SA,7.3056193547531985,7.323929160192071,7.085901252946535,7.1499857902526855,1921700,0.0,0.0
2024-07-18 00:00:00-03:00,POSI3.SA,7.140830951839487,7.168295441135534,6.811254024505615,6.811254024505615,2578900,0.0,0.0
2024-07-19 00:00:00-03:00,POSI3.SA,6.838718460148553,6.893648311390069,6.765479240546776,6.77463436126709,1344100,0.0,0.0
2024-07-22 00:00:00-03:00,POSI3.SA,6.792944062461174,6.930267815388106,6.792944062461174,6.866183280944824,1329800,0.0,0.0
2024-07-23 00:00:00-03:00,POSI3.SA,6.90280342932459,6.90280342932459,6.728860053570124,6.738015174865723,772500,0.0,0.0
2024-07-24 00:00:00-03:00,POSI3.SA,6.728860020819767,6.738015142070806,6.554916645911911,6.573226451873779,1188500,0.0,0.0
2024-07-25 00:00:00-03:00,POSI3.SA,6.545761916192287,6.619001139536167,6.371818542480469,6.371818542480469,2438500,0.0,0.0
2024-07-26 00:00:00-03:00,POSI3.SA,6.3901283997356915,6.527452162880569,6.3901283997356915,6.408438205718994,1694700,0.0,0.0
2024-07-29 00:00:00-03:00,POSI3.SA,6.362663059627138,6.43590271534815,6.115480476621743,6.152100086212158,1953500,0.0,0.0
2024-07-30 00:00:00-03:00,POSI3.SA,6.179565224848655,6.197875030275487,6.088016197714491,6.133790493011475,1207900,0.0,0.0
2024-07-31 00:00:00-03:00,POSI3.SA,6.188720226287842,6.371818277019358,6.078860959308746,6.188720226287842,1511500,0.0,0.0
2024-08-01 00:00:00-03:00,POSI3.SA,6.234494889823125,6.509142418721499,6.188720592700205,6.3809733390808105,1928600,0.0,0.0
2024-08-02 00:00:00-03:00,POSI3.SA,6.380973170253612,6.5640716635215295,6.298579262996241,6.4999871253967285,1425700,0.0,0.0
2024-08-05 00:00:00-03:00,POSI3.SA,6.2253403149908415,6.344353838845086,6.142945967557717,6.289424419403076,1401000,0.0,0.0
2024-08-06 00:00:00-03:00,POSI3.SA,6.2711141981034935,6.380973029720619,6.097170829772949,6.097170829772949,1627000,0.0,0.0
2024-08-07 00:00:00-03:00,POSI3.SA,6.170409933298317,6.371818223966202,6.170409933298317,6.316888809204102,1409300,0.0,0.0
2024-08-08 00:00:00-03:00,POSI3.SA,6.371818593752389,6.573226459568722,6.353508787769085,6.408438205718994,1592600,0.0,0.0
2024-08-09 00:00:00-03:00,POSI3.SA,6.417592956388055,6.5549162750628,6.371818225803017,6.481677055358887,1444200,0.0,0.0
2024-08-12 00:00:00-03:00,POSI3.SA,6.49083206794603,6.866183280944824,6.49083206794603,6.866183280944824,2633200,0.0,0.0
2024-08-13 00:00:00-03:00,POSI3.SA,6.866183493465698,6.9485778350801475,6.673930320725444,6.6830854415893555,1571300,0.0,0.0
2024-08-14 00:00:00-03:00,POSI3.SA,6.701395530147069,6.774634753994543,6.435903125429868,6.573226451873779,2293200,0.0,0.0
2024-08-15 00:00:00-03:00,POSI3.SA,6.472522204428626,6.646465565014591,6.179564896619604,6.4359025955200195,3193300,0.0,0.0
2024-08-16 00:00:00-03:00,POSI3.SA,6.454212727563126,6.664775707744992,6.124635794117554,6.261959552764893,3403600,0.0,0.0
2024-08-19 00:00:00-03:00,POSI3.SA,6.289424098994132,6.463367469969221,6.289424098994132,6.399282932281494,2094400,0.0,0.0
2024-08-20 00:00:00-03:00,POSI3.SA,6.4084377334945355,6.4359026587157615,6.289423785102852,6.344353199005127,1200900,0.0,0.0
2024-08-21 00:00:00-03:00,POSI3.SA,6.371818794602843,6.472522948955479,6.362663673052502,6.4542131423950195,1066900,0.0,0.0
2024-08-22 00:00:00-03:00,POSI3.SA,6.45421274279134,6.45421274279134,6.133790493011475,6.133790493011475,3594900,0.0,0.0
2024-08-23 00:00:00-03:00,POSI3.SA,6.179565059578813,6.326043499075971,6.13379032896586,6.252804279327393,1717700,0.0,0.0
2024-08-26 00:00:00-03:00,POSI3.SA,6.298579325599471,6.307734010256747,6.1612555634186865,6.207030296325684,1073600,0.0,0.0
2024-08-27 00:00:00-03:00,POSI3.SA,6.22534011118466,6.234494795855177,6.11548083935701,6.142945766448975,1643400,0.0,0.0
2024-08-28 00:00:00-03:00,POSI3.SA,6.161255312911213,6.179565118021521,6.051396482249364,6.060551166534424,1383100,0.0,0.0
2024-08-29 00:00:00-03:00,POSI3.SA,6.088015989938327,6.10632579474027,5.886607700576779,5.923227310180664,2528400,0.0,0.0
2024-08-30 00:00:00-03:00,POSI3.SA,5.868298248342012,5.9781575202941895,5.804214145955132,5.9781575202941895,4001900,0.0,0.0
2024-09-02 00:00:00-03:00,POSI3.SA,5.978157807814488,5.978157807814488,5.849988723796006,5.868298530578613,1123200,0.0,0.0
2024-09-03 00:00:00-03:00,POSI3.SA,5.877453335861873,6.042241588034934,5.8042141126738445,5.813368797302246,1771000,0.0,0.0
2024-09-04 00:00:00-03:00,POSI3.SA,5.859143457639045,6.097170930057839,5.849988336583607,6.069706439971924,2012000,0.0,0.0
2024-09-05 00:00:00-03:00,POSI3.SA,6.069706447946882,6.133790549258349,5.90491776105408,6.005621910095215,1486400,0.0,0.0
2024-09-06 00:00:00-03:00,POSI3.SA,5.987312000794461,6.060551221904821,5.767594337463379,5.767594337463379,2266300,0.0,0.0
2024-09-09 00:00:00-03:00,POSI3.SA,5.813368918538151,5.840833846076535,5.657735347747803,5.657735347747803,1708600,0.0,0.0
2024-09-10 00:00:00-03:00,POSI3.SA,5.6852002321225825,5.703510038162421,5.456327438354492,5.456327438354492,2671900,0.0,0.0
2024-09-11 00:00:00-03:00,POSI3.SA,5.492946889291006,5.584495916804483,5.447172157264168,5.511256694793701,1646500,0.0,0.0
2024-09-12 00:00:00-03:00,POSI3.SA,5.529566560682239,5.538721681803665,5.456327337871646,5.483791828155518,1651500,0.0,0.0
2024-09-13 00:00:00-03:00,POSI3.SA,5.502102163694125,5.71266471457486,5.502102163694125,5.621115684509277,1600500,0.0,0.0
2024-09-16 00:00:00-03:00,POSI3.SA,5.676044781089831,5.703509706824154,5.5478761462567565,5.56618595123291,1327100,0.0,0.0
2024-09-17 00:00:00-03:00,POSI3.SA,5.566186416898849,5.648580764454725,5.502102312391141,5.630270957946777,1297000,0.0,0.0
2024-09-18 00:00:00-03:00,POSI3.SA,5.648580879555314,5.7309752287901325,5.529566916558405,5.538722038269043,1671900,0.0,0.0
2024-09-19 00:00:00-03:00,POSI3.SA,5.621115692713042,5.639425498752881,5.456327438354492,5.456327438354492,1877100,0.0,0.0
2024-09-20 00:00:00-03:00,POSI3.SA,5.511256539576682,5.511256539576682,5.172524929046631,5.172524929046631,2076700,0.0,0.0
2024-09-23 00:00:00-03:00,POSI3.SA,5.2091446469332086,5.2091446469332086,5.062666204002566,5.0809760093688965,1149100,0.0,0.0
2024-09-24 00:00:00-03:00,POSI3.SA,5.172524929046631,5.27322907474536,5.117595514085557,5.172524929046631,1226800,0.0,0.0
2024-09-25 00:00:00-03:00,POSI3.SA,5.218299498980362,5.273229353384129,5.126750469207764,5.126750469207764,1767200,0.0,0.0
2024-09-26 00:00:00-03:00,POSI3.SA,5.18167950521914,5.337313062633596,5.16336970061392,5.328158378601074,1325700,0.0,0.0
2024-09-27 00:00:00-03:00,POSI3.SA,5.3281586948019815,5.42886240783689,5.3281586948019815,5.383088111877441,1002400,0.0,0.0
2024-09-30 00:00:00-03:00,POSI3.SA,5.383087801757752,5.383087801757752,5.163369709573672,5.199989318847656,1224900,0.0,0.0
2024-10-01 00:00:00-03:00,POSI3.SA,5.254918723640019,5.57534095904163,5.245764039607497,5.328158378601074,3273800,0.0,0.0
2024-10-02 00:00:00-03:00,POSI3.SA,5.401397705078125,5.538721460634554,5.364778095135102,5.401397705078125,1958400,0.0,0.0
2024-10-03 00:00:00-03:00,POSI3.SA,5.401397812071392,5.419707617405592,5.245764248460593,5.309848785400391,1540200,0.0,0.0
2024-10-04 00:00:00-03:00,POSI3.SA,5.33731307169758,5.438017215467396,5.254918732564079,5.42886209487915,1885100,0.0,0.0
2024-10-07 00:00:00-03:00,POSI3.SA,5.42886262212574,5.502102284324148,5.346468711530387,5.465482234954834,998300,0.0,0.0
2024-10-08 00:00:00-03:00,POSI3.SA,5.456327121375988,5.575341071991079,5.456327121375988,5.56618595123291,1478200,0.0,0.0
2024-10-09 00:00:00-03:00,POSI3.SA,5.55703148421983,5.55703148421983,5.37393299076143,5.383088111877441,1090700,0.0,0.0
2024-10-10 00:00:00-03:00,POSI3.SA,5.401397817272648,5.511256649383638,5.355623085622972,5.410552501678467,1125900,0.0,0.0
2024-10-11 00:00:00-03:00,POSI3.SA,5.410552501678467,5.44717211238213,5.3464684012171535,5.410552501678467,723400,0.0,0.0
2024-10-14 00:00:00-03:00,POSI3.SA,5.410552597199011,5.593651090490032,5.373932985848848,5.547876358032227,1529800,0.0,0.0
2024-10-15 00:00:00-03:00,POSI3.SA,5.520411554600898,5.676044675739479,5.383087801558454,5.42886209487915,1657100,0.0,0.0
2024-10-16 00:00:00-03:00,POSI3.SA,5.465481962766864,5.584495916804483,5.3647782507721375,5.511256694793701,1613400,0.0,0.0
2024-10-17 00:00:00-03:00,POSI3.SA,5.456327121375988,5.56618595123291,5.401397706447527,5.56618595123291,1040200,0.0,0.0
2024-10-18 00:00:00-03:00,POSI3.SA,5.602805507193222,5.703509651861713,5.483791557725021,5.529566287994385,1310300,0.0,0.0
2024-10-21 00:00:00-03:00,POSI3.SA,5.538721613715284,5.657735131049345,5.51125668722884,5.57534122467041,1042100,0.0,0.0
2024-10-22 00:00:00-03:00,POSI3.SA,5.547876251099122,5.6943546936764635,5.474637029810451,5.639425277709961,1007000,0.0,0.0
2024-10-23 00:00:00-03:00,POSI3.SA,5.593650967789364,5.94153726798479,5.584495846882547,5.932382583618164,2082100,0.0,0.0
2024-10-24 00:00:00-03:00,POSI3.SA,5.95069202372636,5.987311632026078,5.822523394677346,5.941536903381348,1700500,0.0,0.0
2024-10-25 00:00:00-03:00,POSI3.SA,5.941537481042399,6.042241631927584,5.877453378557451,5.9140729904174805,1199300,0.0,0.0
2024-10-28 00:00:00-03:00,POSI3.SA,5.923227512332802,6.179565224848655,5.923227512332802,6.133790493011475,1893100,0.0,0.0
2024-10-29 00:00:00-03:00,POSI3.SA,6.133790617019969,6.170410228613982,5.813368797302246,5.813368797302246,1434800,0.0,0.0
2024-10-30 00:00:00-03:00,POSI3.SA,5.795058614871246,6.023931390728975,5.721819396443202,6.014776706695557,1085700,0.0,0.0
2024-10-31 00:00:00-03:00,POSI3.SA,5.996467614597095,6.060551720066108,5.868298530578613,5.868298530578613,982500,0.0,0.0
2024-11-01 00:00:00-03:00,POSI3.SA,5.8774532967239015,5.941537398316587,5.547876358032227,5.547876358032227,1402100,0.0,0.0
2024-11-04 00:00:00-03:00,POSI3.SA,5.666890038031585,5.987311840057373,5.611960623673466,5.987311840057373,1542300,0.0,0.0
2024-11-05 00:00:00-03:00,POSI3.SA,5.9873119459286634,6.042241361258078,5.859143310160029,5.895762920379639,643000,0.0,0.0
2024-11-06 00:00:00-03:00,POSI3.SA,5.76759418469227,5.868297892781496,5.630270430477658,5.758439064025879,1098200,0.0,0.0
2024-11-07 00:00:00-03:00,POSI3.SA,5.78590432210824,5.804214127953448,5.575341336618251,5.584496021270752,1051800,0.0,0.0
2024-11-08 00:00:00-03:00,POSI3.SA,5.557031265606065,5.621115364736264,5.364778095135102,5.401397705078125,1450900,0.0,0.0
2024-11-11 00:00:00-03:00,POSI3.SA,5.419708075272134,5.538722038269043,5.401398268391089,5.538722038269043,686300,0.0,0.0
2024-11-12 00:00:00-03:00,POSI3.SA,5.520411876101017,5.566186172087536,5.4288624110475725,5.483791828155518,971100,0.0,0.0
2024-11-13 00:00:00-03:00,POSI3.SA,5.492946416163931,5.5295660240151445,5.38308759261029,5.447171688079834,891500,0.0,0.0
2024-11-14 00:00:00-03:00,POSI3.SA,5.264074170282188,5.309848902900723,5.016891574530545,5.154215335845947,3195400,0.0,0.0
2024-11-18 00:00:00-03:00,POSI3.SA,5.154215124059606,5.3373131739298545,5.135905319072582,5.172524929046631,1286300,0.0,0.0
2024-11-19 00:00:00-03:00,POSI3.SA,5.190834883497822,5.40139786518162,5.135905466955117,5.346468448638916,1411000,0.0,0.0
2024-11-21 00:00:00-03:00,POSI3.SA,5.264074388124868,5.273229509643522,5.12675062112661,5.135905742645264,1274200,0.0,0.0
2024-11-22 00:00:00-03:00,POSI3.SA,5.190835041683491,5.392242908477783,5.172525235611284,5.392242908477783,1397500,0.0,0.0
2024-11-25 00:00:00-03:00,POSI3.SA,5.401398268391089,5.538722038269043,5.319003919156271,5.538722038269043,661100,0.0,0.0
2024-11-26 00:00:00-03:00,POSI3.SA,5.5844958030064085,5.648580339230058,5.502101898193359,5.502101898193359,799300,0.0,0.0
2024-11-27 00:00:00-03:00,POSI3.SA,5.50210203000324,5.575341252276128,5.218299388885498,5.218299388885498,1165800,0.0,0.0
2024-11-28 00:00:00-03:00,POSI3.SA,5.227454599927571,5.264074211694403,4.63238525390625,4.63238525390625,4997400,0.0,0.0
2024-11-29 00:00:00-03:00,POSI3.SA,4.6781597216441755,4.842947965251809,4.5683004560322376,4.778863430023193,2065400,0.0,0.0
2024-12-02 00:00:00-03:00,POSI3.SA,4.76055383682251,4.842948180559503,4.669004808525962,4.76055383682251,1450100,0.0,0.0
2024-12-03 00:00:00-03:00,POSI3.SA,4.760553724565849,4.815483576788701,4.669004698428081,4.751399040222168,1385000,0.0,0.0
2024-12-04 00:00:00-03:00,POSI3.SA,4.769708745870638,4.842947965251809,4.714779331334761,4.778863430023193,962900,0.0,0.0
2024-12-05 00:00:00-03:00,POSI3.SA,4.833793640136719,4.943652477368409,4.806328712558689,4.833793640136719,807100,0.0,0.0
2024-12-06 00:00:00-03:00,POSI3.SA,4.842948177003072,4.93449720523239,4.632385193805538,4.659850120544434,1018800,0.0,0.0
2024-12-09 00:00:00-03:00,POSI3.SA,4.714779650628045,4.797173559741633,4.650695111059511,4.669004917144775,735100,0.0,0.0
2024-12-10 00:00:00-03:00,POSI3.SA,4.723934415664113,4.870413303375244,4.7056246092677485,4.870413303375244,1171500,0.0,0.0
2024-12-11 00:00:00-03:00,POSI3.SA,4.897877931174889,5.080976436780632,4.797173774918741,5.044356822967529,1588600,0.0,0.0
2024-12-12 00:00:00-03:00,POSI3.SA,5.035201354554741,5.035201354554741,4.659850120544434,4.659850120544434,1229300,0.0,0.0
2024-12-13 00:00:00-03:00,POSI3.SA,4.696469844542779,4.751399262798575,4.6415404262869835,4.669004917144775,695000,0.0,0.0
2024-12-16 00:00:00-03:00,POSI3.SA,4.723934347885266,5.172525252970146,4.6690049294842995,5.062666416168213,3045000,0.0,0.0
2024-12-17 00:00:00-03:00,POSI3.SA,5.035201239519345,5.0626661656307705,4.751399040222168,4.751399040222168,1109400,0.0,0.0
2024-12-18 00:00:00-03:00,POSI3.SA,4.7330892501466915,4.769708860719029,4.458441734313965,4.458441734313965,1696200,0.0,0.0
2024-12-19 00:00:00-03:00,POSI3.SA,4.495061373198025,4.852103233337402,4.394357661759919,4.852103233337402,2067600,0.0,0.0
2024-12-20 00:00:00-03:00,POSI3.SA,4.8887225867539765,5.126750044441456,4.797173128026313,4.934496879577637,1425300,0.0,0.0
2024-12-23 00:00:00-03:00,POSI3.SA,4.961961854209221,4.961961854209221,4.568300400049338,4.577455520629883,2101200,0.0,0.0
2024-12-26 00:00:00-03:00,POSI3.SA,4.577455673181728,4.733089235916337,4.504216452257251,4.586610794067383,1283000,0.0,0.0
2024-12-27 00:00:00-03:00,POSI3.SA,4.604920914375929,4.659850333827661,4.531681251900063,4.64154052734375,535600,0.0,0.0
2024-12-30 00:00:00-03:00,POSI3.SA,4.650694743591948,4.742243766784668,4.52252611112214,4.742243766784668,926000,0.0,0.0
2025-01-02 00:00:00-03:00,POSI3.SA,4.751399103134181,4.788018714074159,4.559145927429199,4.559145927429199,1023900,0.0,0.0
2025-01-03 00:00:00-03:00,POSI3.SA,4.559145821876519,4.659849967900068,4.559145821876519,4.650694847106934,641000,0.0,0.0
2025-01-06 00:00:00-03:00,POSI3.SA,4.641540368542583,4.806328621259876,4.641540368542583,4.797173500061035,916500,0.0,0.0
2025-01-07 00:00:00-03:00,POSI3.SA,4.797173121773213,4.897877264318273,4.7605535129459495,4.769708633422852,1155000,0.0,0.0
2025-01-08 00:00:00-03:00,POSI3.SA,4.714779383038318,4.760553677383431,4.595765431968685,4.650694847106934,831400,0.0,0.0
2025-01-09 00:00:00-03:00,POSI3.SA,4.595765590667725,4.733089351525447,4.595765590667725,4.595765590667725,792500,0.0,0.0
2025-01-10 00:00:00-03:00,POSI3.SA,4.595765590667725,4.669004813381123,4.531681052523401,4.595765590667725,747900,0.0,0.0
2025-01-13 00:00:00-03:00,POSI3.SA,4.623230191656123,4.659849800432236,4.568300341951782,4.604920387268066,537900,0.0,0.0
2025-01-14 00:00:00-03:00,POSI3.SA,4.641540270314247,4.669004760249133,4.549990806424106,4.559145927429199,816700,0.0,0.0
2025-01-15 00:00:00-03:00,POSI3.SA,4.604920592004436,4.861257864834075,4.604920592004436,4.815483570098877,1242400,0.0,0.0
2025-01-16 00:00:00-03:00,POSI3.SA,4.815483884186152,4.9619623353570645,4.806328762717861,4.870413303375244,911000,0.0,0.0
2025-01-17 00:00:00-03:00,POSI3.SA,4.852103230959521,5.080976016636099,4.824638304600647,5.0168914794921875,2888800,0.0,0.0
2025-01-20 00:00:00-03:00,POSI3.SA,5.05351109769219,5.099285829510748,4.9528069496154785,4.9528069496154785,384600,0.0,0.0
2025-01-21 00:00:00-03:00,POSI3.SA,4.916187124386852,5.071820681934696,4.833793221862834,5.035201072692871,703500,0.0,0.0
2025-01-22 00:00:00-03:00,POSI3.SA,5.044356458209529,5.053511142730713,4.961962114817878,5.053511142730713,528300,0.0,0.0
2025-01-23 00:00:00-03:00,POSI3.SA,5.053511083049304,5.172525036200548,4.97111674063072,5.0809760093688965,813000,0.0,0.0
2025-01-24 00:00:00-03:00,POSI3.SA,5.062666271840911,5.2182994012700625,4.989426612854004,4.989426612854004,684400,0.0,0.0
2025-01-27 00:00:00-03:00,POSI3.SA,4.989426499960545,5.199989478000615,4.961962010434556,5.145060062408447,607000,0.0,0.0
2025-01-28 00:00:00-03:00,POSI3.SA,5.0901304865556085,5.172524825619803,5.035201072692871,5.035201072692871,460300,0.0,0.0
2025-01-29 00:00:00-03:00,POSI3.SA,5.0809759099280365,5.126750204177907,5.035201179137981,5.108440399169922,444300,0.0,0.0
2025-01-30 00:00:00-03:00,POSI3.SA,5.154215221789592,5.3556230804657945,5.135905416455392,5.309848785400391,1140200,0.0,0.0
2025-01-31 00:00:00-03:00,POSI3.SA,5.328158814153903,5.41970784466372,5.1908350501190705,5.227454662322998,860900,0.0,0.0
2025-02-03 00:00:00-03:00,POSI3.SA,5.227454450164828,5.2640740608825345,5.026046154677249,5.245764255523682,1046000,0.0,0.0
2025-02-04 00:00:00-03:00,POSI3.SA,5.2549189420789375,5.2549189420789375,5.0809760093688965,5.0809760093688965,560100,0.0,0.0
2025-02-05 00:00:00-03:00,POSI3.SA,5.099285661425256,5.117595466241102,4.888722687772934,5.0718207359313965,664400,0.0,0.0
2025-02-06 00:00:00-03:00,POSI3.SA,5.071821000199357,5.1450602232788825,4.998581777119832,5.090130805969238,406900,0.0,0.0
2025-02-07 00:00:00-03:00,POSI3.SA,4.998581947514485,5.154215520133908,4.934497406865247,4.97111701965332,481700,0.0,0.0
2025-02-10 00:00:00-03:00,POSI3.SA,4.952806786358305,5.117595466241102,4.952806786358305,5.0718207359313965,509900,0.0,0.0
2025-02-11 00:00:00-03:00,POSI3.SA,4.961962056217652,5.190834841566878,4.961962056217652,5.0809760093688965,624400,0.0,0.0
2025-02-12 00:00:00-03:00,POSI3.SA,5.035201394562532,5.062666321519654,4.861258021274638,4.925342559814453,656100,0.0,0.0
2025-02-13 00:00:00-03:00,POSI3.SA,4.925342620471631,4.980272038522144,4.888723008437955,4.8978776931762695,382900,0.0,0.0
2025-02-14 00:00:00-03:00,POSI3.SA,4.90703282822676,5.309848998267933,4.90703282822676,5.291539192199707,1461600,0.0,0.0
2025-02-17 00:00:00-03:00,POSI3.SA,5.227454860897148,5.438017857338443,5.227454860897148,5.3739333152771,726700,0.0,0.0
2025-02-18 00:00:00-03:00,POSI3.SA,5.364778630148467,5.438017857338443,5.300694088087124,5.3739333152771,486300,0.0,0.0
2025-02-19 00:00:00-03:00,POSI3.SA,5.309848853266808,5.355623148917264,5.218299388885498,5.218299388885498,505300,0.0,0.0
2025-02-20 00:00:00-03:00,POSI3.SA,5.218299770309651,5.254919384122753,5.044356822967529,5.044356822967529,714000,0.0,0.0
2025-02-21 00:00:00-03:00,POSI3.SA,5.0535112625894945,5.099285995901693,4.8978776931762695,4.8978776931762695,638400,0.0,0.0
2025-02-24 00:00:00-03:00,POSI3.SA,4.9711164819728,4.9711164819728,4.723933904118686,4.769708633422852,742500,0.0,0.0
2025-02-25 00:00:00-03:00,POSI3.SA,4.760553625177901,4.788018550715931,4.6415401119535895,4.778863430023193,1065400,0.0,0.0
2025-02-26 00:00:00-03:00,POSI3.SA,4.852103301659259,5.035201358252355,4.76055383682251,4.76055383682251,553600,0.0,0.0
2025-02-27 00:00:00-03:00,POSI3.SA,4.714779598651724,4.833793555164029,4.63238525390625,4.63238525390625,749300,0.0,0.0
2025-02-28 00:00:00-03:00,POSI3.SA,4.63238493449262,4.742243762218095,4.549990595428426,4.577455520629883,763500,0.0,0.0
2025-03-05 00:00:00-03:00,POSI3.SA,4.595765792863863,4.659850333827661,4.55914617989604,4.64154052734375,475000,0.0,0.0
2025-03-06 00:00:00-03:00,POSI3.SA,4.669004382691661,4.760553402638525,4.632384774712915,4.696469306945801,548100,0.0,0.0
2025-03-07 00:00:00-03:00,POSI3.SA,4.696469875326999,4.861258131174534,4.641540456711154,4.833793640136719,581500,0.0,0.0
2025-03-10 00:00:00-03:00,POSI3.SA,4.788018644025606,4.815483570098877,4.705624302345984,4.815483570098877,576200,0.0,0.0
2025-03-11 00:00:00-03:00,POSI3.SA,4.852103031156109,4.852103031156109,4.659849864181308,4.742243766784668,777200,0.0,0.0
2025-03-12 00:00:00-03:00,POSI3.SA,4.742244192951247,4.815483854627357,4.6873147740993275,4.705624580383301,430100,0.0,0.0
2025-03-13 00:00:00-03:00,POSI3.SA,4.669005018799506,4.733089559763305,4.595765792863863,4.64154052734375,702500,0.0,0.0
2025-03-14 00:00:00-03:00,POSI3.SA,4.604920740195787,4.934497244440024,4.604920740195787,4.925342559814453,1086400,0.0,0.0
2025-03-17 00:00:00-03:00,POSI3.SA,4.879567366742915,5.1084401358137095,4.879567366742915,5.026045799255371,667800,0.0,0.0
2025-03-18 00:00:00-03:00,POSI3.SA,4.980272141753429,5.035201560942521,4.870413303375244,4.870413303375244,732100,0.0,0.0
2025-03-19 00:00:00-03:00,POSI3.SA,4.943652212483389,5.035201238604524,4.824638260255818,4.916187286376953,1185900,0.0,0.0
2025-03-20 00:00:00-03:00,POSI3.SA,4.806328347831536,5.22745429513618,4.76055361752183,5.0718207359313965,2693000,0.0,0.0
2025-03-21 00:00:00-03:00,POSI3.SA,5.026046224077358,5.053511150764972,4.824638362348914,4.989426612854004,1100300,0.0,0.0
2025-03-24 00:00:00-03:00,POSI3.SA,4.861257878525569,4.94365222043725,4.687314510345459,4.687314510345459,1362500,0.0,0.0
2025-03-25 00:00:00-03:00,POSI3.SA,4.74224360864863,4.95280657324049,4.74224360864863,4.861257553100586,865900,0.0,0.0
2025-03-26 00:00:00-03:00,POSI3.SA,4.833793375300994,4.916187280440425,4.806328449227723,4.815483570098877,358700,0.0,0.0
2025-03-27 00:00:00-03:00,POSI3.SA,4.897877481152726,4.9619620177076165,4.815483575913801,4.916187286376953,620800,0.0,0.0
2025-03-28 00:00:00-03:00,POSI3.SA,4.916187184632979,4.916187184632979,4.751398941025346,4.778863430023193,794800,0.0,0.0
2025-03-31 00:00:00-03:00,POSI3.SA,4.769708962882145,4.769708962882145,4.586610906098651,4.595765590667725,1169800,0.0,0.0
2025-04-01 00:00:00-03:00,POSI3.SA,4.623230670375529,4.842948345783208,4.623230670375529,4.705624580383301,1335600,0.0,0.0
2025-04-02 00:00:00-03:00,POSI3.SA,4.751399210418556,4.7788637009735755,4.623230569234645,4.63238525390625,977800,0.0,0.0
2025-04-03 00:00:00-03:00,POSI3.SA,4.632385394072809,4.861258192810835,4.586611096249336,4.806328773498535,2187500,0.0,0.0
2025-04-04 00:00:00-03:00,POSI3.SA,4.760554010139468,4.760554010139468,4.412667689947127,4.540836334228516,3333200,0.0,0.0
2025-04-07 00:00:00-03:00,POSI3.SA,4.394357575736836,4.586610746959085,4.2936534297299005,4.485906600952148,1864900,0.0,0.0
2025-04-08 00:00:00-03:00,POSI3.SA,4.549990700332773,4.632385041296647,4.430977185822961,4.485906600952148,1475400,0.0,0.0
2025-04-09 00:00:00-03:00,POSI3.SA,4.495060976383575,4.64153984320486,4.3577376662650975,4.531680583953857,2131700,0.0,0.0
2025-04-10 00:00:00-03:00,POSI3.SA,4.5866109644448105,4.5866109644448105,4.449287201840197,4.467597007751465,822000,0.0,0.0
2025-04-11 00:00:00-03:00,POSI3.SA,4.504216832160373,4.586611180919964,4.449287411834055,4.549991130828857,902000,0.0,0.0
2025-04-14 00:00:00-03:00,POSI3.SA,4.577455574198038,4.659849914226461,4.531680843839985,4.614075183868408,583700,0.0,0.0
2025-04-15 00:00:00-03:00,POSI3.SA,4.59576548407703,4.733089241749769,4.54999075267272,4.687314510345459,993800,0.0,0.0
2025-04-16 00:00:00-03:00,POSI3.SA,4.659849914226461,4.705624208044332,4.614075183868408,4.614075183868408,678500,0.0,0.0
2025-04-17 00:00:00-03:00,POSI3.SA,4.614075472855563,5.026046325719728,4.595765666873604,4.9619622230529785,1801500,0.0,0.0
2025-04-22 00:00:00-03:00,POSI3.SA,4.961961644790894,5.154214803466568,4.916186916900435,5.117595195770264,1156500,0.0,0.0
2025-04-23 00:00:00-03:00,POSI3.SA,5.172524829970754,5.557031163873526,5.053510881564624,5.42886209487915,2825600,0.0,0.0
2025-04-24 00:00:00-03:00,POSI3.SA,5.392242689309066,5.676044890163207,5.392242689309066,5.474637031555176,1646200,0.0,0.0
2025-04-25 00:00:00-03:00,POSI3.SA,5.456327173467608,5.492946783769523,5.346468342561863,5.43801736831665,585700,0.0,0.0
2025-04-28 00:00:00-03:00,POSI3.SA,5.438017315021148,5.4654818042083235,5.300693559464719,5.401397705078125,609600,0.0,0.0
2025-04-29 00:00:00-03:00,POSI3.SA,5.401397926012823,5.520411881465797,5.319003582000732,5.319003582000732,1042700,0.0,0.0
2025-04-30 00:00:00-03:00,POSI3.SA,5.355623423787336,5.630270957946777,5.31900381077144,5.630270957946777,1746200,0.0,0.0
2025-05-02 00:00:00-03:00,POSI3.SA,5.710507938203373,5.796740586274372,5.346415042877197,5.346415042877197,2684800,0.273743,0.0
2025-05-05 00:00:00-03:00,POSI3.SA,5.346415408630582,5.585950152435725,5.1068806648254395,5.1068806648254395,1641200,0.0,0.0
2025-05-06 00:00:00-03:00,POSI3.SA,5.164368586930542,5.202694106705905,5.011066507829093,5.1739501953125,1025600,0.0,0.0
2025-05-07 00:00:00-03:00,POSI3.SA,5.173950621672832,5.241020058368468,5.0110669207669645,5.097299575805664,821600,0.0,0.0
2025-05-08 00:00:00-03:00,POSI3.SA,5.1739505205414345,5.509299068093619,5.135624998356971,5.375159740447998,952800,0.0,0.0
2025-05-09 00:00:00-03:00,POSI3.SA,5.413484994428778,5.451810514714456,5.250601304776526,5.336833953857422,618000,0.0,0.0
2025-05-12 00:00:00-03:00,POSI3.SA,5.442229005328211,5.451810614012267,5.260182552217375,5.403903484344482,488600,0.0,0.0
2025-05-13 00:00:00-03:00,POSI3.SA,5.442229027871395,5.6530198510313046,5.375159594310175,5.576368808746338,582200,0.0,0.0
2025-05-14 00:00:00-03:00,POSI3.SA,5.576368703413772,5.672182504460144,5.5380431829952235,5.595531463623047,596400,0.0,0.0
2025-05-15 00:00:00-03:00,POSI3.SA,5.106880327755949,5.183531367614192,4.714043520044333,4.905671119689941,6624500,0.0,0.0
2025-05-16 00:00:00-03:00,POSI3.SA,4.915252898944103,5.10688050524989,4.809857487037793,5.049392223358154,2019300,0.0,0.0
2025-05-19 00:00:00-03:00,POSI3.SA,5.0493921123443615,5.135624761724218,4.896090030670166,4.896090030670166,1157600,0.0,0.0
2025-05-20 00:00:00-03:00,POSI3.SA,4.924834196634782,5.039811220698724,4.88650867423889,5.020648002624512,869200,0.0,0.0
2025-05-21 00:00:00-03:00,POSI3.SA,5.0206476207500605,5.049391988798792,4.809857263605537,4.829020023345947,1144300,0.0,0.0
2025-05-22 00:00:00-03:00,POSI3.SA,4.8481832109979095,4.857764820151925,4.752369403839111,4.752369403839111,1199700,0.0,0.0
2025-05-23 00:00:00-03:00,POSI3.SA,4.7619502264788105,4.78111298658406,4.6852991860578115,4.7236247062683105,1052800,0.0,0.0
2025-05-26 00:00:00-03:00,POSI3.SA,4.781113050069361,4.781113050069361,4.704462008630562,4.714043617248535,532000,0.0,0.0
2025-05-27 00:00:00-03:00,POSI3.SA,4.800276160327614,4.82902007178846,4.7236246637208055,4.733206272125244,911800,0.0,0.0
2025-05-28 00:00:00-03:00,POSI3.SA,4.733206420630545,4.809857462766059,4.6852992908577225,4.704462051391602,1009800,0.0,0.0
2025-05-29 00:00:00-03:00,POSI3.SA,4.704461889548235,4.742787409297514,4.646973609924316,4.646973609924316,955300,0.0,0.0
2025-05-30 00:00:00-03:00,POSI3.SA,4.70446209309367,4.70446209309367,4.4649273558587375,4.522415637969971,2089500,0.0,0.0
2025-06-02 00:00:00-03:00,POSI3.SA,4.560741779878781,4.6086484549187565,4.407439231872559,4.407439231872559,1786700,0.0,0.0
2025-06-03 00:00:00-03:00,POSI3.SA,4.407438859932808,4.512834267128563,4.378694948709749,4.388276100158691,1886700,0.0,0.0
2025-06-04 00:00:00-03:00,POSI3.SA,4.407439177322902,4.618230006893957,4.407439177322902,4.503252983093262,1965200,0.0,0.0
2025-06-05 00:00:00-03:00,POSI3.SA,4.56074146002666,4.656555260263304,4.359532251091587,4.378695011138916,1723300,0.0,0.0
2025-06-06 00:00:00-03:00,POSI3.SA,4.407439237030906,4.44576475985825,4.196648861480519,4.234974384307861,1615800,0.0,0.0
2025-06-09 00:00:00-03:00,POSI3.SA,4.2158113089906335,4.292462348937988,4.100834749069602,4.292462348937988,1175500,0.0,0.0
2025-06-10 00:00:00-03:00,POSI3.SA,4.359532452758467,4.369113604787225,4.234974278250794,4.25413703918457,1067500,0.0,0.0
2025-06-11 00:00:00-03:00,POSI3.SA,4.2349742262153445,4.3595323991925605,4.187067096031414,4.349950790405273,910400,0.0,0.0
2025-06-12 00:00:00-03:00,POSI3.SA,4.3212068236448635,4.3691134963522,4.263718085394063,4.273299694061279,833400,0.0,0.0
2025-06-13 00:00:00-03:00,POSI3.SA,4.263718085394063,4.273299694061279,4.148741522644959,4.273299694061279,929400,0.0,0.0
2025-06-16 00:00:00-03:00,POSI3.SA,4.273299950914038,4.349950997353994,4.225392818450928,4.225392818450928,1112500,0.0,0.0
2025-06-17 00:00:00-03:00,POSI3.SA,4.225392712199513,4.340369735844519,4.225392712199513,4.244555473327637,1102400,0.0,0.0
2025-06-18 00:00:00-03:00,POSI3.SA,4.263718341670906,4.302043864890884,4.225392818450928,4.225392818450928,584100,0.0,0.0
2025-06-20 00:00:00-03:00,POSI3.SA,4.225392560932137,4.225392560932137,4.072090477395301,4.100834846496582,1368500,0.0,0.0
2025-06-23 00:00:00-03:00,POSI3.SA,4.081672128756483,4.129578801924815,4.0050206293098976,4.091253280639648,1148800,0.0,0.0
2025-06-24 00:00:00-03:00,POSI3.SA,4.119997556880187,4.311625158972932,4.110415948337429,4.196648597717285,863300,0.0,0.0
2025-06-25 00:00:00-03:00,POSI3.SA,4.215811252593994,4.282880683212596,4.177485733133013,4.215811252593994,423100,0.0,0.0
2025-06-26 00:00:00-03:00,POSI3.SA,4.215811252593994,4.302043442943087,4.158322973402522,4.215811252593994,609100,0.0,0.0
2025-06-27 00:00:00-03:00,POSI3.SA,4.23497442769406,4.273299950914038,4.177486142864092,4.225392818450928,1325900,0.0,0.0
2025-06-30 00:00:00-03:00,POSI3.SA,4.244555543846545,4.397858092294761,4.177486107221955,4.321207046508789,762700,0.0,0.0
2025-07-01 00:00:00-03:00,POSI3.SA,4.340369752915523,4.474509081339969,4.340369752915523,4.417020797729492,918900,0.0,0.0
2025-07-02 00:00:00-03:00,POSI3.SA,4.42660183319856,4.4457645938968815,4.282880899523021,4.349950790405273,800800,0.0,0.0
2025-07-03 00:00:00-03:00,POSI3.SA,4.407439188689613,4.474509081339969,4.369113666282629,4.417020797729492,456800,0.0,0.0
2025-07-04 00:00:00-03:00,POSI3.SA,4.455346002522209,4.512834282034441,4.388276114653154,4.474508762359619,395800,0.0,0.0
2025-07-07 00:00:00-03:00,POSI3.SA,4.474508700032265,4.503252610949879,4.378694902179843,4.4840898513793945,503600,0.0,0.0
2025-07-08 00:00:00-03:00,POSI3.SA,4.522415556775295,4.790694658687333,4.436183363594769,4.714043617248535,1423500,0.0,0.0
2025-07-09 00:00:00-03:00,POSI3.SA,4.714043873580565,4.781113310048376,4.589485696031389,4.666136741638184,631300,0.0,0.0
2025-07-10 00:00:00-03:00,POSI3.SA,4.503252687989377,4.618229704255482,4.42660164839613,4.560741424560547,553900,0.0,0.0
2025-07-11 00:00:00-03:00,POSI3.SA,4.579904431066668,4.608648344023752,4.426601886749268,4.426601886749268,683500,0.0,0.0
2025-07-14 00:00:00-03:00,POSI3.SA,4.455346002522209,4.484089913840208,4.388276114653154,4.474508762359619,282000,0.0,0.0
2025-07-15 00:00:00-03:00,POSI3.SA,4.474508700032265,4.531996978743718,4.426601572667941,4.4840898513793945,434300,0.0,0.0
2025-07-16 00:00:00-03:00,POSI3.SA,4.522415647516964,4.522415647516964,4.330788040074986,4.436183452606201,530700,0.0,0.0
2025-07-17 00:00:00-03:00,POSI3.SA,4.455346150300609,4.493671671246641,4.407439020679944,4.445764541625977,403500,0.0,0.0
2025-07-18 00:00:00-03:00,POSI3.SA,4.464927174147398,4.464927174147398,4.167904166889325,4.2062296867370605,973800,0.0,0.0
2025-07-21 00:00:00-03:00,POSI3.SA,4.215811673287593,4.225392825670822,4.0529279708862305,4.0529279708862305,1017100,0.0,0.0
2025-07-22 00:00:00-03:00,POSI3.SA,4.081672191619873,4.177485996308453,4.081672191619873,4.081672191619873,364500,0.0,0.0
2025-07-23 00:00:00-03:00,POSI3.SA,4.1104158929596215,4.187066932764035,4.062508764643746,4.119997501373291,859100,0.0,0.0
2025-07-24 00:00:00-03:00,POSI3.SA,4.100834952557589,4.158323235370737,4.072090582712885,4.081672191619873,564000,0.0,0.0
2025-07-25 00:00:00-03:00,POSI3.SA,4.100834770540345,4.139160290714683,4.02418327331543,4.02418327331543,644100,0.0,0.0
2025-07-28 00:00:00-03:00,POSI3.SA,4.052927648667095,4.062508800288594,3.8804628075939434,3.93795108795166,1142900,0.0,0.0
2025-07-29 00:00:00-03:00,POSI3.SA,3.94753231821837,3.9666950787193818,3.880462884902954,3.880462884902954,844600,0.0,0.0
2025-07-30 00:00:00-03:00,POSI3.SA,3.8804628075939434,3.9954393683093774,3.765486018440389,3.93795108795166,1974700,0.0,0.0
2025-07-31 00:00:00-03:00,POSI3.SA,3.937951099817359,3.937951099817359,3.794230170051891,3.803811550140381,1178300,0.0,0.0
2025-08-01 00:00:00-03:00,POSI3.SA,3.8325556904058504,3.88046281928642,3.7367418895209523,3.803811550140381,1405300,0.0,0.0
2025-08-04 00:00:00-03:00,POSI3.SA,3.8421373018816283,3.966695014689484,3.8133929331559746,3.8900439739227295,894900,0.0,0.0
2025-08-05 00:00:00-03:00,POSI3.SA,3.8708814080297658,3.9379513005053672,3.8038117439922967,3.899625778198242,996000,0.0,0.0
2025-08-06 00:00:00-03:00,POSI3.SA,3.899625698954472,3.9954395027752656,3.890044090134265,3.9571139812469482,668600,0.0,0.0
2025-08-07 00:00:00-03:00,POSI3.SA,3.976276785287222,3.9954395462599397,3.870881371499142,3.9475324153900146,556200,0.0,0.0
2025-08-08 00:00:00-03:00,POSI3.SA,3.947532388906331,3.947532388906331,3.870881345529704,3.9092068672180176,519000,0.0,0.0
2025-08-11 00:00:00-03:00,POSI3.SA,3.8996257152507523,3.9187884760949907,3.8133930630135495,3.822974443435669,800200,0.0,0.0
2025-08-12 00:00:00-03:00,POSI3.SA,3.861300219450913,4.0625089812263235,3.851718610526424,3.9475324153900146,1270400,0.0,0.0
2025-08-13 00:00:00-03:00,POSI3.SA,3.9666950275586066,3.9954393963775154,3.909206746797032,3.9762766361236572,716100,0.0,0.0
2025-08-14 00:00:00-03:00,POSI3.SA,3.9858578307269013,4.196648652665101,3.9379511580145814,3.9666950702667236,1348700,0.0,0.0
2025-08-15 00:00:00-03:00,POSI3.SA,3.928369691490454,4.024183497258267,3.842137494737554,3.899625778198242,666900,0.0,0.0
2025-08-18 00:00:00-03:00,POSI3.SA,3.8804630555775805,4.129578953047609,3.8804630555775805,4.062509059906006,1029500,0.0,0.0
2025-08-19 00:00:00-03:00,POSI3.SA,4.033765060837453,4.1295788655260335,3.9954395389620205,4.081672191619873,739700,0.0,0.0
2025-08-20 00:00:00-03:00,POSI3.SA,4.110415815190149,4.139160183011075,3.9954392576588975,4.043345928192139,456300,0.0,0.0
2025-08-21 00:00:00-03:00,POSI3.SA,3.98585781527867,4.0816720740844525,3.9379511427520253,4.014602184295654,467800,0.0,0.0
2025-08-22 00:00:00-03:00,POSI3.SA,4.024183183819462,4.148741350054065,4.014602032427077,4.129578590393066,980300,0.0,0.0
2025-08-25 00:00:00-03:00,POSI3.SA,4.148741412861828,4.196648541177703,4.091253133008519,4.119997501373291,329800,0.0,0.0
2025-08-26 00:00:00-03:00,POSI3.SA,4.1295788655260335,4.158323235370737,4.0625089738058975,4.081672191619873,434600,0.0,0.0
2025-08-27 00:00:00-03:00,POSI3.SA,4.100834735593903,4.2062296867370605,4.0720903672699835,4.2062296867370605,496800,0.0,0.0
2025-08-28 00:00:00-03:00,POSI3.SA,4.225392564477695,4.359532344561232,4.225392564477695,4.273299694061279,947400,0.0,0.0
2025-08-29 00:00:00-03:00,POSI3.SA,4.263717980519612,4.30204350049329,4.2158113089906335,4.292462348937988,422300,0.0,0.0
2025-09-01 00:00:00-03:00,POSI3.SA,4.292462275949666,4.302043427342051,4.100834679339684,4.129578590393066,606300,0.0,0.0
2025-09-02 00:00:00-03:00,POSI3.SA,4.119997713495305,4.158323235370737,4.033765060837453,4.081672191619873,452900,0.0,0.0
2025-09-03 00:00:00-03:00,POSI3.SA,4.062508937011693,4.100834915416266,3.9283696116625824,3.9571139812469482,768500,0.0,0.0
2025-09-04 00:00:00-03:00,POSI3.SA,4.005020424158464,4.129578590393066,3.947532145175469,4.129578590393066,1147800,0.0,0.0
2025-09-05 00:00:00-03:00,POSI3.SA,4.148741455815363,4.27329962522525,4.052927655067849,4.110415935516357,876600,0.0,0.0
2025-09-08 00:00:00-03:00,POSI3.SA,4.148741523076533,4.148741523076533,3.8900440284260136,3.9666950702667236,1638800,0.0,0.0
2025-09-09 00:00:00-03:00,POSI3.SA,3.976276768526999,4.005020681426789,3.9092068769670587,3.9954395294189453,1106800,0.0,0.0
2025-09-10 00:00:00-03:00,POSI3.SA,3.9954394665815625,4.091253269534403,3.9858578578481527,4.005020618438721,727200,0.0,0.0
2025-09-11 00:00:00-03:00,POSI3.SA,3.9858579721934375,4.1199977570518325,3.9858579721934375,4.0720906257629395,1184100,0.0,0.0
2025-09-12 00:00:00-03:00,POSI3.SA,4.09125333342437,4.215811507646317,4.024183441871878,4.167904376983643,910300,0.0,0.0
2025-09-15 00:00:00-03:00,POSI3.SA,4.148741564300808,4.407439061521894,4.148741564300808,4.263718128204346,1262900,0.0,0.0
2025-09-16 00:00:00-03:00,POSI3.SA,4.388276090168409,4.4074388498989,4.206229644290634,4.215811252593994,864900,0.0,0.0
2025-09-17 00:00:00-03:00,POSI3.SA,4.273299541513994,4.44576437948104,4.177485742643413,4.388276100158691,1326700,0.0,0.0
2025-09-18 00:00:00-03:00,POSI3.SA,4.407439029098125,4.522415592155826,4.349950747569274,4.359532356262207,726600,0.0,0.0
2025-09-19 00:00:00-03:00,POSI3.SA,4.397857931117805,4.436183452606201,4.311625279330788,4.436183452606201,438500,0.0,0.0
2025-09-22 00:00:00-03:00,POSI3.SA,4.359532237330042,4.3882761488721815,4.2445552205327735,4.292462348937988,605400,0.0,0.0
2025-09-23 00:00:00-03:00,POSI3.SA,4.254136767125168,4.407438844791442,4.244555158832911,4.302043437957764,685400,0.0,0.0
2025-09-24 00:00:00-03:00,POSI3.SA,4.340369735844519,4.369113649098573,4.215811560073583,4.244555473327637,533800,0.0,0.0
2025-09-25 00:00:00-03:00,POSI3.SA,4.225392552669617,4.263718073478882,4.11999759888226,4.187067031860352,684800,0.0,0.0
2025-09-26 00:00:00-03:00,POSI3.SA,4.167904533620961,4.23497442769406,4.139160619644114,4.225392818450928,540900,0.0,0.0
2025-09-29 00:00:00-03:00,POSI3.SA,4.23497405506098,4.263717966508665,4.187066926813192,4.2062296867370605,375900,0.0,0.0
2025-09-30 00:00:00-03:00,POSI3.SA,4.21581162289419,4.263718297990233,4.187067252335547,4.234974384307861,605800,0.0,0.0
2025-10-01 00:00:00-03:00,POSI3.SA,4.244555473327637,4.244555473327637,4.167904428815142,4.244555473327637,688100,0.0,0.0
2025-10-02 00:00:00-03:00,POSI3.SA,4.254137138132239,4.254137138132239,4.081672285716869,4.148741722106934,897600,0.0,0.0
2025-10-03 00:00:00-03:00,POSI3.SA,4.148741350054065,4.167904109715063,4.072090311410072,4.129578590393066,745800,0.0,0.0
2025-10-06 00:00:00-03:00,POSI3.SA,4.110416191703761,4.148741714391458,4.024183537218309,4.062509059906006,628600,0.0,0.0
2025-10-07 00:00:00-03:00,POSI3.SA,4.062508828827898,4.062508828827898,3.918788355362082,3.9762766361236572,843200,0.0,0.0
2025-10-08 00:00:00-03:00,POSI3.SA,3.92836950705089,3.9954393963775154,3.899625595108224,3.9762766361236572,831400,0.0,0.0
2025-10-09 00:00:00-03:00,POSI3.SA,3.9571139977665375,3.9858579105946443,3.870881345529704,3.9092068672180176,1068800,0.0,0.0
2025-10-10 00:00:00-03:00,POSI3.SA,3.909206867234743,3.9187884760949907,3.7846489217471917,3.822974443435669,1461100,0.0,0.0
2025-10-13 00:00:00-03:00,POSI3.SA,3.832555662092326,3.861300030583563,3.7559046219506773,3.765486001968384,1153200,0.0,0.0
2025-10-14 00:00:00-03:00,POSI3.SA,3.736741967977423,3.842137379601809,3.7079975986703175,3.8325557708740234,835200,0.0,0.0
2025-10-15 00:00:00-03:00,POSI3.SA,3.813393062997234,3.9092068672180176,3.813393062997234,3.9092068672180176,1192400,0.0,0.0
2025-10-16 00:00:00-03:00,POSI3.SA,3.8708812488410853,3.928369529937587,3.803811587561833,3.842137336730957,1209200,0.0,0.0
2025-10-17 00:00:00-03:00,POSI3.SA,3.8038117354420704,3.832555877107803,3.7271606910001163,3.8133931159973145,1225000,0.0,0.0
2025-10-20 00:00:00-03:00,POSI3.SA,3.8133930990251117,3.8996257520766475,3.7942303379999105,3.861300230026245,1437100,0.0,0.0
2025-10-21 00:00:00-03:00,POSI3.SA,3.8229744172633966,3.8708813190460205,3.7654861351242483,3.8708813190460205,1329300,0.0,0.0
2025-10-22 00:00:00-03:00,POSI3.SA,3.842137329060256,3.9283695220947266,3.8229743402948912,3.9283695220947266,1312300,0.0,0.0
2025-10-23 00:00:00-03:00,POSI3.SA,3.890044090134265,3.9954395027752656,3.870881329370106,3.9571139812469482,1043200,0.0,0.0
2025-10-24 00:00:00-03:00,POSI3.SA,3.947532294506856,4.0816720740844525,3.947532294506856,4.014602184295654,1528000,0.0,0.0
2025-10-27 00:00:00-03:00,POSI3.SA,4.005020618438721,4.081672117677244,3.9762767059909945,4.005020618438721,1249300,0.0,0.0
2025-10-28 00:00:00-03:00,POSI3.SA,3.995439557202653,4.005020709277123,3.842137469001044,3.861300230026245,1858300,0.0,0.0
2025-10-29 00:00:00-03:00,POSI3.SA,3.8996255824566943,3.9283694943061067,3.861300062073317,3.8900439739227295,737600,0.0,0.0
2025-10-30 00:00:00-03:00,POSI3.SA,3.8517185424182734,3.9762767149765668,3.8325557817844014,3.918788433074951,821600,0.0,0.0
2025-10-31 00:00:00-03:00,POSI3.SA,3.9187883278324214,3.976276608190138,3.9187883278324214,3.93795108795166,446000,0.0,0.0
2025-11-03 00:00:00-03:00,POSI3.SA,3.9283696011851688,3.9475323618982183,3.8708813190460205,3.8708813190460205,536700,0.0,0.0
2025-11-04 00:00:00-03:00,POSI3.SA,3.8708812137310407,3.8900439739227295,3.8421373018816283,3.8900439739227295,417900,0.0,0.0
2025-11-05 00:00:00-03:00,POSI3.SA,3.8900440284260136,3.976276678934936,3.8613001161738714,3.9666950702667236,961800,0.0,0.0
2025-11-06 00:00:00-03:00,POSI3.SA,3.9283694943061067,4.014602143606826,3.880462822265006,3.8900439739227295,658900,0.0,0.0
2025-11-07 00:00:00-03:00,POSI3.SA,3.8804628574619584,3.9187883781929593,3.842137336730957,3.842137336730957,582400,0.0,0.0
2025-11-10 00:00:00-03:00,POSI3.SA,3.8517184535393523,3.909206734114418,3.822974313251819,3.8900439739227295,601800,0.0,0.0
2025-11-11 00:00:00-03:00,POSI3.SA,3.8900440247571857,4.11041599827951,3.8900440247571857,4.100834846496582,1657000,0.0,0.0
2025-11-12 00:00:00-03:00,POSI3.SA,4.196648477644675,4.2732995162886676,4.072090311410072,4.129578590393066,1667000,0.0,0.0
2025-11-13 00:00:00-03:00,POSI3.SA,4.033764839172363,4.129578638595745,3.8996255199796286,4.033764839172363,1727200,0.0,0.0
2025-11-14 00:00:00-03:00,POSI3.SA,4.0050207833226565,4.234974376752754,3.9954396310710485,4.148741722106934,1385100,0.0,0.0
2025-11-17 00:00:00-03:00,POSI3.SA,4.158323276689212,4.292462604586078,4.158323276689212,4.244555473327637,1156400,0.0,0.0
2025-11-18 00:00:00-03:00,POSI3.SA,4.215811301128807,4.263717972568447,4.119997501373291,4.119997501373291,1284300,0.0,0.0
2025-11-19 00:00:00-03:00,POSI3.SA,4.072090311410072,4.13916019866168,4.04334594348046,4.129578590393066,710000,0.0,0.0
2025-11-21 00:00:00-03:00,POSI3.SA,4.062508964102627,4.091253333878675,3.957114007635053,3.9954395294189453,1086100,0.0,0.0
2025-11-24 00:00:00-03:00,POSI3.SA,3.9954393963775154,4.043346068574039,3.9475322673047484,3.9762766361236572,502600,0.0,0.0
2025-11-25 00:00:00-03:00,POSI3.SA,3.976276608190138,4.024183280050116,3.899625567713182,3.93795108795166,851200,0.0,0.0
2025-11-26 00:00:00-03:00,POSI3.SA,3.9379512633417852,4.033765068205376,3.9283696544172964,3.9475324153900146,642200,0.0,0.0
2025-11-27 00:00:00-03:00,POSI3.SA,3.9571140589211127,4.0720906257629395,3.9187885366405038,4.0720906257629395,1043700,0.0,0.0
2025-11-28 00:00:00-03:00,POSI3.SA,4.081672341788467,4.158323388359396,3.9858580766985297,4.0529279708862305,1462700,0.0,0.0
2025-12-01 00:00:00-03:00,POSI3.SA,4.03376510348233,4.110416148043548,3.9954395812017216,4.0720906257629395,767800,0.0,0.0
2025-12-02 00:00:00-03:00,POSI3.SA,4.043346152284438,4.302043649505525,4.043346152284438,4.263718128204346,1354300,0.0,0.0
2025-12-03 00:00:00-03:00,POSI3.SA,4.234974379351362,4.43618360239756,4.215811617960118,4.407439231872559,1405600,0.0,0.0
2025-12-04 00:00:00-03:00,POSI3.SA,4.407438916443245,4.551159845029964,4.340369484812016,4.4649271965026855,1087300,0.0,0.0
2025-12-05 00:00:00-03:00,POSI3.SA,4.541578340475857,4.599067078726656,4.244555324935879,4.273299694061279,2202300,0.0,0.0
2025-12-08 00:00:00-03:00,POSI3.SA,4.282880726432533,4.359532223004241,4.129578647041588,4.2062296867370605,959400,0.0,0.0
2025-12-09 00:00:00-03:00,POSI3.SA,4.196648746756499,4.215811507646317,4.005020680982059,4.167904376983643,1084400,0.0,0.0
2025-12-10 00:00:00-03:00,POSI3.SA,4.177485985866681,4.196648746756499,4.0720905725345515,4.167904376983643,631300,0.0,0.0
2025-12-11 00:00:00-03:00,POSI3.SA,4.07209053059397,4.215811464225478,4.07209053059397,4.177485942840576,588900,0.0,0.0
2025-12-12 00:00:00-03:00,POSI3.SA,4.119997754432965,4.321206974716395,4.100834993304841,4.244555473327637,1055100,0.0,0.0
2025-12-15 00:00:00-03:00,POSI3.SA,4.254137048555427,4.378695223337472,4.244555439629304,4.340369701385498,756400,0.0,0.0
2025-12-16 00:00:00-03:00,POSI3.SA,4.302043649505525,4.302043649505525,4.177485933714818,4.263718128204346,933500,0.0,0.0
2025-12-17 00:00:00-03:00,POSI3.SA,4.263718137518478,4.263718137518478,4.119997660763223,4.177485942840576,474900,0.0,0.0
2025-12-18 00:00:00-03:00,POSI3.SA,4.187066932764035,4.225392452666241,4.119997501373291,4.119997501373291,493300,0.0,0.0
2025-12-19 00:00:00-03:00,POSI3.SA,4.119997439000682,4.13916019866168,4.04334594348046,4.129578590393066,404000,0.0,0.0
2025-12-22 00:00:00-03:00,POSI3.SA,4.119997648168733,4.129578800047542,3.918788433074951,3.918788433074951,888400,0.0,0.0
2025-12-23 00:00:00-03:00,POSI3.SA,3.9379512204827893,3.9954395027752656,3.890044090134265,3.9571139812469482,1058200,0.0,0.0
2025-12-26 00:00:00-03:00,POSI3.SA,3.9762767314059193,3.9762767314059193,3.8325557976199214,3.8708813190460205,2024900,0.0,0.0
2025-12-29 00:00:00-03:00,POSI3.SA,3.87088139932878,3.928369682660245,3.8038117354420704,3.8133931159973145,1168100,0.0,0.0
2025-12-30 00:00:00-03:00,POSI3.SA,3.8708812920326636,3.880462900760449,3.8133930102947033,3.8325557708740234,660500,0.0,0.0
2026-01-02 00:00:00-03:00,POSI3.SA,3.976276608190138,4.062508800288594,3.93795108795166,3.93795108795166,2041800,0.0,0.0
2026-01-05 00:00:00-03:00,POSI3.SA,3.9379511427520253,4.0625088568223,3.9379511427520253,4.014602184295654,1450100,0.0,0.0
2026-01-06 00:00:00-03:00,POSI3.SA,4.052927655067849,4.1199975440292285,4.014602134768844,4.110415935516357,1850600,0.0,0.0
2026-01-07 00:00:00-03:00,POSI3.SA,4.099999904632568,4.099999904632568,4.019999980926514,4.090000152587891,1409500,0.179584,0.0
2026-01-08 00:00:00-03:00,POSI3.SA,4.090000152587891,4.139999866485596,4.050000190734863,4.079999923706055,840100,0.0,0.0
2026-01-09 00:00:00-03:00,POSI3.SA,4.059999942779541,4.099999904632568,4.03000020980835,4.070000171661377,722600,0.0,0.0
2026-01-12 00:00:00-03:00,POSI3.SA,4.090000152587891,4.110000133514404,4.0,4.099999904632568,895400,0.0,0.0
2026-01-13 00:00:00-03:00,POSI3.SA,4.099999904632568,4.099999904632568,4.0,4.050000190734863,851700,0.0,0.0
2026-01-14 00:00:00-03:00,POSI3.SA,4.059999942779541,4.079999923706055,4.0,4.03000020980835,666800,0.0,0.0
2026-01-15 00:00:00-03:00,POSI3.SA,4.03000020980835,4.099999904632568,3.940000057220459,3.9600000381469727,1248200,0.0,0.0
2026-01-16 00:00:00-03:00,POSI3.SA,3.9700000286102295,3.9800000190734863,3.869999885559082,3.9800000190734863,1905700,0.0,0.0
2026-01-19 00:00:00-03:00,POSI3.SA,3.9600000381469727,3.9600000381469727,3.9200000762939453,3.9200000762939453,389300,0.0,0.0
2026-01-20 00:00:00-03:00,POSI3.SA,3.930000066757202,4.03000020980835,3.880000114440918,3.9600000381469727,1573400,0.0,0.0
2026-01-21 00:00:00-03:00,POSI3.SA,4.0,4.21999979019165,3.9600000381469727,4.199999809265137,2975400,0.0,0.0
2026-01-22 00:00:00-03:00,POSI3.SA,4.21999979019165,4.420000076293945,4.210000038146973,4.360000133514404,2423500,0.0,0.0
2026-01-23 00:00:00-03:00,POSI3.SA,4.380000114440918,4.519999980926514,4.329999923706055,4.489999771118164,1618500,0.0,0.0
2026-01-26 00:00:00-03:00,POSI3.SA,4.53000020980835,4.619999885559082,4.389999866485596,4.579999923706055,1351900,0.0,0.0
2026-01-27 00:00:00-03:00,POSI3.SA,4.579999923706055,4.690000057220459,4.579999923706055,4.619999885559082,1085600,0.0,0.0
2026-01-28 00:00:00-03:00,POSI3.SA,4.630000114440918,4.71999979019165,4.559999942779541,4.610000133514404,1083400,0.0,0.0
2026-01-29 00:00:00-03:00,POSI3.SA,4.639999866485596,4.650000095367432,4.25,4.400000095367432,2411500,0.0,0.0
2026-01-30 00:00:00-03:00,POSI3.SA,4.429999828338623,4.570000171661377,4.340000152587891,4.5,1658300,0.0,0.0
2026-02-02 00:00:00-03:00,POSI3.SA,4.539999961853027,4.590000152587891,4.489999771118164,4.570000171661377,904300,0.0,0.0
2026-02-03 00:00:00-03:00,POSI3.SA,4.570000171661377,4.71999979019165,4.539999961853027,4.71999979019165,1762300,0.0,0.0
2026-02-04 00:00:00-03:00,POSI3.SA,4.650000095367432,4.699999809265137,4.300000190734863,4.349999904632568,2922100,0.0,0.0
2026-02-05 00:00:00-03:00,POSI3.SA,4.420000076293945,4.420000076293945,4.289999961853027,4.340000152587891,1720900,0.0,0.0
2026-02-06 00:00:00-03:00,POSI3.SA,4.28000020980835,4.349999904632568,4.21999979019165,4.320000171661377,1362600,0.0,0.0
2026-02-09 00:00:00-03:00,POSI3.SA,4.300000190734863,4.349999904632568,4.230000019073486,4.300000190734863,805800,0.0,0.0
2026-02-10 00:00:00-03:00,POSI3.SA,4.25,4.300000190734863,4.199999809265137,4.210000038146973,977600,0.0,0.0
2026-02-11 00:00:00-03:00,POSI3.SA,4.21999979019165,4.269999980926514,4.170000076293945,4.179999828338623,1309000,0.0,0.0
2026-02-12 00:00:00-03:00,POSI3.SA,4.179999828338623,4.199999809265137,4.079999923706055,4.090000152587891,1423300,0.0,0.0
2026-02-13 00:00:00-03:00,POSI3.SA,4.099999904632568,4.130000114440918,4.019999980926514,4.079999923706055,975500,0.0,0.0
2026-02-18 00:00:00-03:00,POSI3.SA,4.079999923706055,4.179999828338623,4.03000020980835,4.059999942779541,1612600,0.0,0.0
2026-02-19 00:00:00-03:00,POSI3.SA,4.090000152587891,4.090000152587891,4.010000228881836,4.039999961853027,1156800,0.0,0.0
2026-02-20 00:00:00-03:00,POSI3.SA,4.050000190734863,4.130000114440918,4.0,4.130000114440918,1190800,0.0,0.0
2026-02-23 00:00:00-03:00,POSI3.SA,4.139999866485596,4.139999866485596,4.03000020980835,4.090000152587891,1545800,0.0,0.0
2026-02-24 00:00:00-03:00,POSI3.SA,4.119999885559082,4.25,4.099999904632568,4.210000038146973,1888900,0.0,0.0
2026-02-25 00:00:00-03:00,POSI3.SA,4.25,4.269999980926514,4.139999866485596,4.199999809265137,1198900,0.0,0.0
2026-02-26 00:00:00-03:00,POSI3.SA,4.199999809265137,4.239999771118164,4.110000133514404,4.110000133514404,1112600,0.0,0.0
2026-02-27 00:00:00-03:00,POSI3.SA,4.110000133514404,4.150000095367432,4.03000020980835,4.059999942779541,1752000,0.0,0.0
2026-03-02 00:00:00-03:00,POSI3.SA,4.03000020980835,4.170000076293945,3.9800000190734863,4.139999866485596,1608700,0.0,0.0
2026-03-03 00:00:00-03:00,POSI3.SA,4.070000171661377,4.070000171661377,3.9200000762939453,3.9700000286102295,1786500,0.0,0.0
2026-03-04 00:00:00-03:00,POSI3.SA,3.9800000190734863,4.059999942779541,3.9800000190734863,4.03000020980835,595600,0.0,0.0
2026-03-05 00:00:00-03:00,POSI3.SA,4.03000020980835,4.159999847412109,4.019999980926514,4.079999923706055,1461300,0.0,0.0
2026-03-06 00:00:00-03:00,POSI3.SA,4.050000190734863,4.110000133514404,4.010000228881836,4.059999942779541,1313500,0.0,0.0
2026-03-09 00:00:00-03:00,POSI3.SA,4.03000020980835,4.199999809265137,4.03000020980835,4.190000057220459,1172400,0.0,0.0
2026-03-10 00:00:00-03:00,POSI3.SA,4.199999809265137,4.5,4.199999809265137,4.400000095367432,4633800,0.0,0.0
2026-03-11 00:00:00-03:00,POSI3.SA,4.349999904632568,4.579999923706055,4.349999904632568,4.510000228881836,1695900,0.0,0.0
2026-03-12 00:00:00-03:00,POSI3.SA,4.480000019073486,4.579999923706055,4.400000095367432,4.460000038146973,2099700,0.0,0.0
2026-03-13 00:00:00-03:00,POSI3.SA,4.440000057220459,4.639999866485596,4.440000057220459,4.510000228881836,1664700,0.0,0.0
2026-03-16 00:00:00-03:00,POSI3.SA,4.53000020980835,4.619999885559082,4.510000228881836,4.559999942779541,1300700,0.0,0.0
2026-03-17 00:00:00-03:00,POSI3.SA,4.539999961853027,4.590000152587891,4.389999866485596,4.409999847412109,772000,0.0,0.0
2026-03-18 00:00:00-03:00,POSI3.SA,4.380000114440918,4.480000019073486,4.329999923706055,4.369999885559082,905000,0.0,0.0
2026-03-19 00:00:00-03:00,POSI3.SA,4.5,4.5,4.239999771118164,4.460000038146973,2003700,0.0,0.0
2026-03-20 00:00:00-03:00,POSI3.SA,4.400000095367432,4.46999979019165,4.130000114440918,4.199999809265137,1683700,0.0,0.0
2026-03-23 00:00:00-03:00,POSI3.SA,4.210000038146973,4.300000190734863,4.139999866485596,4.199999809265137,1690000,0.0,0.0
2026-03-24 00:00:00-03:00,POSI3.SA,4.170000076293945,4.199999809265137,4.090000152587891,4.139999866485596,952300,0.0,0.0
2026-03-25 00:00:00-03:00,POSI3.SA,4.139999866485596,4.269999980926514,4.139999866485596,4.170000076293945,952400,0.0,0.0
2026-03-26 00:00:00-03:00,POSI3.SA,4.139999866485596,4.199999809265137,4.03000020980835,4.070000171661377,1353100,0.0,0.0
2026-03-27 00:00:00-03:00,POSI3.SA,4.050000190734863,4.070000171661377,3.9800000190734863,4.019999980926514,1654600,0.0,0.0
2026-03-30 00:00:00-03:00,POSI3.SA,4.070000171661377,4.079999923706055,3.9700000286102295,3.9800000190734863,1249000,0.0,0.0
2026-03-31 00:00:00-03:00,POSI3.SA,4.03000020980835,4.170000076293945,4.019999980926514,4.099999904632568,1393500,0.0,0.0
2026-04-01 00:00:00-03:00,POSI3.SA,4.199999809265137,4.300000190734863,4.170000076293945,4.210000038146973,1593400,0.0,0.0
2026-04-02 00:00:00-03:00,POSI3.SA,4.190000057220459,4.349999904632568,4.070000171661377,4.300000190734863,1863300,0.0,0.0
2026-04-06 00:00:00-03:00,POSI3.SA,4.349999904632568,4.349999904632568,4.170000076293945,4.269999980926514,925300,0.0,0.0
2026-04-07 00:00:00-03:00,POSI3.SA,4.260000228881836,4.300000190734863,4.130000114440918,4.210000038146973,1809700,0.0,0.0
2026-04-08 00:00:00-03:00,POSI3.SA,4.309999942779541,4.389999866485596,4.28000020980835,4.360000133514404,1514600,0.0,0.0
2026-04-09 00:00:00-03:00,POSI3.SA,4.380000114440918,4.570000171661377,4.360000133514404,4.570000171661377,1235500,0.0,0.0
2026-04-10 00:00:00-03:00,POSI3.SA,4.53000020980835,4.670000076293945,4.480000019073486,4.630000114440918,1264900,0.0,0.0
2026-04-13 00:00:00-03:00,POSI3.SA,4.599999904632568,4.679999828338623,4.510000228881836,4.639999866485596,1104600,0.0,0.0
2026-04-14 00:00:00-03:00,POSI3.SA,4.639999866485596,4.690000057220459,4.489999771118164,4.599999904632568,1033300,0.0,0.0
2026-04-15 00:00:00-03:00,POSI3.SA,4.579999923706055,4.639999866485596,4.510000228881836,4.510000228881836,386000,0.0,0.0
2026-04-16 00:00:00-03:00,POSI3.SA,4.550000190734863,4.579999923706055,4.489999771118164,4.559999942779541,576300,0.0,0.0
2026-04-17 00:00:00-03:00,POSI3.SA,4.599999904632568,4.699999809265137,4.599999904632568,4.650000095367432,644700,0.0,0.0
2026-04-20 00:00:00-03:00,POSI3.SA,4.599999904632568,4.769999980926514,4.550000190734863,4.679999828338623,1471800,0.0,0.0
2026-04-22 00:00:00-03:00,POSI3.SA,4.71999979019165,4.800000190734863,4.699999809265137,4.71999979019165,1129700,0.0,0.0
2026-04-23 00:00:00-03:00,POSI3.SA,4.78000020980835,4.78000020980835,4.639999866485596,4.710000038146973,827700,0.0,0.0
2026-04-24 00:00:00-03:00,POSI3.SA,4.760000228881836,4.760000228881836,4.300000190734863,4.300000190734863,1405100,0.0,0.0
2026-04-27 00:00:00-03:00,POSI3.SA,4.329999923706055,4.360000133514404,4.179999828338623,4.21999979019165,1027700,0.0,0.0
2026-04-28 00:00:00-03:00,POSI3.SA,4.21999979019165,4.239999771118164,4.130000114440918,4.190000057220459,788500,0.0,0.0
2026-04-29 00:00:00-03:00,POSI3.SA,4.159999847412109,4.230000019073486,4.110000133514404,4.119999885559082,1109300,0.0,0.0
2026-04-30 00:00:00-03:00,POSI3.SA,4.119999885559082,4.230000019073486,4.119999885559082,4.199999809265137,591700,0.0,0.0
2026-05-04 00:00:00-03:00,POSI3.SA,4.21999979019165,4.409999847412109,4.170000076293945,4.269999980926514,678200,0.0,0.0
2026-05-05 00:00:00-03:00,POSI3.SA,4.260000228881836,4.329999923706055,4.25,4.269999980926514,334000,0.0,0.0
2026-05-06 00:00:00-03:00,POSI3.SA,4.320000171661377,4.630000114440918,4.320000171661377,4.550000190734863,1770100,0.0,0.0
2026-05-07 00:00:00-03:00,POSI3.SA,4.599999904632568,4.639999866485596,4.510000228881836,4.53000020980835,818400,0.0,0.0
2026-05-08 00:00:00-03:00,POSI3.SA,4.5,4.650000095367432,4.460000038146973,4.460000038146973,693600,0.0,0.0
2026-05-11 00:00:00-03:00,POSI3.SA,4.420000076293945,4.460000038146973,4.349999904632568,4.440000057220459,912100,0.0,0.0
2026-05-12 00:00:00-03:00,POSI3.SA,4.340000152587891,4.46999979019165,4.340000152587891,4.409999847412109,679900,0.0,0.0
2026-05-13 00:00:00-03:00,POSI3.SA,4.420000076293945,4.429999828338623,4.210000038146973,4.230000019073486,977700,0.0,0.0
2026-05-14 00:00:00-03:00,POSI3.SA,4.230000019073486,4.300000190734863,3.7699999809265137,3.9700000286102295,5275800,0.0,0.0
2026-05-15 00:00:00-03:00,POSI3.SA,3.890000104904175,3.9600000381469727,3.8299999237060547,3.880000114440918,1385500,0.0,0.0
2026-05-18 00:00:00-03:00,POSI3.SA,3.890000104904175,3.9600000381469727,3.869999885559082,3.950000047683716,698500,0.0,0.0
2026-05-19 00:00:00-03:00,POSI3.SA,3.950000047683716,4.019999980926514,3.859999895095825,3.990000009536743,1004100,0.0,0.0
2026-05-20 00:00:00-03:00,POSI3.SA,3.940000057220459,4.260000228881836,3.940000057220459,4.170000076293945,1778400,0.0,0.0
2026-05-21 00:00:00-03:00,POSI3.SA,4.179999828338623,4.199999809265137,4.039999961853027,4.090000152587891,589900,0.0,0.0
2026-05-22 00:00:00-03:00,POSI3.SA,4.090000152587891,4.099999904632568,4.03000020980835,4.059999942779541,360700,0.0,0.0
2026-05-25 00:00:00-03:00,POSI3.SA,4.070000171661377,4.179999828338623,4.070000171661377,4.099999904632568,566000,0.0,0.0
2026-05-26 00:00:00-03:00,POSI3.SA,4.099999904632568,4.170000076293945,4.050000190734863,4.170000076293945,491400,0.0,0.0
2026-05-27 00:00:00-03:00,POSI3.SA,4.159999847412109,4.239999771118164,4.110000133514404,4.130000114440918,420100,0.0,0.0
2026-05-28 00:00:00-03:00,POSI3.SA,4.110000133514404,4.199999809265137,4.110000133514404,4.139999866485596,584500,0.0,0.0
2026-05-29 00:00:00-03:00,POSI3.SA,4.139999866485596,4.139999866485596,3.9700000286102295,4.070000171661377,863100,0.0,0.0
2026-06-01 00:00:00-03:00,POSI3.SA,4.010000228881836,4.119999885559082,4.010000228881836,4.099999904632568,735400,0.0,0.0
2026-06-02 00:00:00-03:00,POSI3.SA,4.070000171661377,4.130000114440918,4.019999980926514,4.059999942779541,426800,0.0,0.0
2026-06-03 00:00:00-03:00,POSI3.SA,4.050000190734863,4.050000190734863,3.680000066757202,3.75,2702300,0.0,0.0
2026-06-05 00:00:00-03:00,POSI3.SA,3.7899999618530273,3.7899999618530273,3.640000104904175,3.6600000858306885,1185700,0.0,0.0
2026-06-08 00:00:00-03:00,POSI3.SA,3.6600000858306885,3.6700000762939453,3.369999885559082,3.4000000953674316,2569900,0.0,0.0
2026-06-09 00:00:00-03:00,POSI3.SA,3.4600000381469727,3.5199999809265137,3.380000114440918,3.450000047683716,1440900,0.0,0.0
2026-06-10 00:00:00-03:00,POSI3.SA,3.4700000286102295,3.4700000286102295,3.319999933242798,3.369999885559082,1121500,0.0,0.0
2026-06-11 00:00:00-03:00,POSI3.SA,3.3499999046325684,3.5999999046325684,3.299999952316284,3.5299999713897705,1331300,0.0,0.0
2026-06-12 00:00:00-03:00,POSI3.SA,3.5399999618530273,3.700000047683716,3.509999990463257,3.640000104904175,1362400,0.0,0.0
2026-06-15 00:00:00-03:00,POSI3.SA,3.680000066757202,3.8499999046325684,3.6600000858306885,3.75,1383300,0.0,0.0
2026-06-16 00:00:00-03:00,POSI3.SA,3.7300000190734863,3.8499999046325684,3.7300000190734863,3.7899999618530273,1104100,0.0,0.0
2026-06-17 00:00:00-03:00,POSI3.SA,3.7899999618530273,3.8299999237060547,3.6700000762939453,3.7300000190734863,1359000,0.0,0.0
2026-06-18 00:00:00-03:00,POSI3.SA,3.740000009536743,3.8399999141693115,3.7300000190734863,3.7899999618530273,717900,0.0,0.0
2026-06-19 00:00:00-03:00,POSI3.SA,3.799999952316284,4.21999979019165,3.799999952316284,4.0,2626800,0.0,0.0
2026-06-22 00:00:00-03:00,POSI3.SA,4.039999961853027,4.070000171661377,3.7899999618530273,3.9000000953674316,2030000,0.0,0.0
2026-06-23 00:00:00-03:00,POSI3.SA,3.9000000953674316,3.950000047683716,3.8299999237060547,3.859999895095825,1517100,0.0,0.0
2026-06-24 00:00:00-03:00,POSI3.SA,3.869999885559082,3.9600000381469727,3.8499999046325684,3.940000057220459,602000,0.0,0.0
2026-06-25 00:00:00-03:00,POSI3.SA,3.950000047683716,3.9800000190734863,3.9000000953674316,3.930000066757202,407400,0.0,0.0
2026-06-26 00:00:00-03:00,POSI3.SA,3.9000000953674316,4.0,3.9000000953674316,3.990000009536743,374600,0.0,0.0
2026-06-29 00:00:00-03:00,POSI3.SA,3.9600000381469727,4.110000133514404,3.9600000381469727,4.059999942779541,414100,0.0,0.0
2026-06-30 00:00:00-03:00,POSI3.SA,4.099999904632568,4.170000076293945,4.070000171661377,4.099999904632568,620500,0.0,0.0
2026-07-01 00:00:00-03:00,POSI3.SA,4.059999942779541,4.119999885559082,4.039999961853027,4.079999923706055,358000,0.0,0.0
2026-07-02 00:00:00-03:00,POSI3.SA,4.039999961853027,4.119999885559082,3.9200000762939453,3.930000066757202,732400,0.0,0.0
2026-07-03 00:00:00-03:00,POSI3.SA,3.950000047683716,3.950000047683716,3.859999895095825,3.9200000762939453,353000,0.0,0.0
2026-07-06 00:00:00-03:00,POSI3.SA,3.9200000762939453,3.9200000762939453,3.680000066757202,3.740000009536743,937600,0.0,0.0
2026-07-07 00:00:00-03:00,POSI3.SA,3.75,3.809999942779541,3.700000047683716,3.759999990463257,539400,0.0,0.0
2026-07-08 00:00:00-03:00,POSI3.SA,3.7799999713897705,3.819999933242798,3.7200000286102295,3.7799999713897705,376400,0.0,0.0
2026-07-09 00:00:00-03:00,POSI3.SA,3.799999952316284,3.9100000858306885,3.7799999713897705,3.8499999046325684,340100,0.0,0.0
2026-07-10 00:00:00-03:00,POSI3.SA,3.880000114440918,4.019999980926514,3.880000114440918,3.9700000286102295,879400,0.0,0.0
2026-07-13 00:00:00-03:00,POSI3.SA,3.890000104904175,3.990000009536743,3.869999885559082,3.990000009536743,413300,0.0,0.0
2026-07-14 00:00:00-03:00,POSI3.SA,4.0,4.039999961853027,3.930000066757202,3.990000009536743,348700,0.0,0.0
2026-07-15 00:00:00-03:00,POSI3.SA,4.019999980926514,4.019999980926514,3.880000114440918,3.950000047683716,556600,0.0,0.0
2026-07-16 00:00:00-03:00,POSI3.SA,3.9700000286102295,3.9700000286102295,3.8499999046325684,3.880000114440918,503700,0.0,0.0
2026-07-17 00:00:00-03:00,POSI3.SA,3.8399999141693115,3.880000114440918,3.740000009536743,3.799999952316284,454700,0.0,0.0
2026-07-20 00:00:00-03:00,POSI3.SA,3.809999942779541,3.809999942779541,3.640000104904175,3.700000047683716,505500,0.0,0.0
2026-07-21 00:00:00-03:00,POSI3.SA,3.680000066757202,3.7699999809265137,3.6600000858306885,3.680000066757202,335100,0.0,0.0
2026-07-22 00:00:00-03:00,POSI3.SA,3.690000057220459,3.7699999809265137,3.680000066757202,3.700000047683716,285000,0.0,0.0
2026-07-23 00:00:00-03:00,POSI3.SA,3.700000047683716,3.740000009536743,3.5899999141693115,3.6700000762939453,732600,0.0,0.0
2026-07-24 00:00:00-03:00,POSI3.SA,3.6500000953674316,3.6500000953674316,3.5199999809265137,3.549999952316284,329600,0.0,0.0
2026-07-27 00:00:00-03:00,POSI3.SA,3.5299999713897705,3.6500000953674316,3.5199999809265137,3.5199999809265137,354200,0.0,0.0
2026-07-28 00:00:00-03:00,POSI3.SA,3.569999933242798,3.680000066757202,3.5399999618530273,3.5999999046325684,396800,0.0,0.0
2026-07-29 00:00:00-03:00,POSI3.SA,3.5899999141693115,3.5999999046325684,3.4800000190734863,3.549999952316284,542100,0.0,0.0
2026-07-30 00:00:00-03:00,POSI3.SA,3.5299999713897705,3.619999885559082,3.5,3.5199999809265137,666400,0.0,0.0
2026-07-31 00:00:00-03:00,POSI3.SA,3.559999942779541,3.5899999141693115,3.4000000953674316,3.549999952316284,759100,0.0,0.0
2026-08-03 00:00:00-03:00,POSI3.SA,3.549999952316284,3.609999895095825,3.4700000286102295,3.509999990463257,864700,0.0,0.0
2026-08-04 00:00:00-03:00,POSI3.SA,3.549999952316284,3.5799999237060547,3.450000047683716,3.5,491800,0.0,0.0
2026-08-05 00:00:00-03:00,POSI3.SA,3.4800000190734863,3.5199999809265137,3.430000066757202,3.4600000381469727,715800,0.0,0.0
2026-08-06 00:00:00-03:00,POSI3.SA,3.4800000190734863,3.5,3.440000057220459,3.4800000190734863,300900,0.0,0.0
2026-08-07 00:00:00-03:00,POSI3.SA,3.490000009536743,3.559999942779541,3.4800000190734863,3.5299999713897705,543800,0.0,0.0
2026-08-10 00:00:00-03:00,POSI3.SA,3.5399999618530273,3.549999952316284,3.4000000953674316,3.5,759400,0.0,0.0
2026-08-11 00:00:00-03:00,POSI3.SA,3.5,3.5,3.25,3.2799999713897705,1381100,0.0,0.0
2026-08-12 00:00:00-03:00,POSI3.SA,3.299999952316284,3.390000104904175,3.299999952316284,3.3299999237060547,528800,0.0,0.0
2026-08-13 00:00:00-03:00,POSI3.SA,3.3499999046325684,3.5,3.3299999237060547,3.430000066757202,746900,0.0,0.0
2026-08-14 00:00:00-03:00,POSI3.SA,3.5,3.5,3.25,3.319999933242798,1069100,0.0,0.0
2026-08-17 00:00:00-03:00,POSI3.SA,3.319999933242798,3.390000104904175,3.25,3.369999885559082,736300,0.0,0.0
2026-08-18 00:00:00-03:00,POSI3.SA,3.369999885559082,3.369999885559082,3.2699999809265137,3.359999895095825,767100,0.0,0.0
2026-08-19 00:00:00-03:00,POSI3.SA,3.4200000762939453,3.440000057220459,3.180000066757202,3.319999933242798,1132400,0.0,0.0
2026-08-20 00:00:00-03:00,POSI3.SA,3.299999952316284,3.4100000858306885,3.25,3.299999952316284,885500,0.0,0.0
2026-08-21 00:00:00-03:00,POSI3.SA,3.319999933242798,3.4100000858306885,3.2899999618530273,3.4000000953674316,1000700,0.0,0.0
2026-08-24 00:00:00-03:00,POSI3.SA,3.380000114440918,3.4800000190734863,3.3499999046325684,3.4200000762939453,500500,0.0,0.0
2026-08-25 00:00:00-03:00,POSI3.SA,3.4200000762939453,3.4800000190734863,3.380000114440918,3.430000066757202,596700,0.0,0.0
2026-08-26 00:00:00-03:00,POSI3.SA,3.440000057220459,3.4700000286102295,3.3499999046325684,3.390000104904175,907600,0.0,0.0
2026-08-27 00:00:00-03:00,POSI3.SA,3.4100000858306885,3.4100000858306885,3.319999933242798,3.3399999141693115,644200,0.0,0.0
2026-08-28 00:00:00-03:00,POSI3.SA,3.3399999141693115,3.359999895095825,3.2899999618530273,3.359999895095825,778000,0.0,0.0
2026-08-31 00:00:00-03:00,POSI3.SA,3.359999895095825,3.390000104904175,3.2899999618530273,3.299999952316284,1803600,0.0,0.0
2026-09-01 00:00:00-03:00,POSI3.SA,3.299999952316284,3.4600000381469727,3.2799999713897705,3.390000104904175,1321700,0.0,0.0
2026-09-02 00:00:00-03:00,POSI3.SA,3.4100000858306885,3.4800000190734863,3.380000114440918,3.4600000381469727,807500,0.0,0.0
2026-09-03 00:00:00-03:00,POSI3.SA,3.4700000286102295,3.5199999809265137,3.4100000858306885,3.440000057220459,772900,0.0,0.0
2026-09-04 00:00:00-03:00,POSI3.SA,3.440000057220459,3.4800000190734863,3.3399999141693115,3.4200000762939453,911600,0.0,0.0
2023-09-04 00:00:00-03:00,MGLU3.SA,24.244996303199432,24.50200998344041,23.816638946533203,23.816638946533203,4311965,0.0,0.0
2023-09-05 00:00:00-03:00,MGLU3.SA,23.64529821051007,23.730970052729983,22.445899757019227,23.04559898376465,12021408,0.0,0.0
2023-09-06 00:00:00-03:00,MGLU3.SA,23.045599508000944,23.645298748388193,22.188884735107422,22.188884735107422,9772109,0.0,0.0
2023-09-08 00:00:00-03:00,MGLU3.SA,21.84619887344977,21.93187071636605,21.417843327662357,21.50351333618164,7660351,0.0,0.0
2023-09-11 00:00:00-03:00,MGLU3.SA,21.674855290547743,22.103210802116553,21.160827942906433,21.8461971282959,7458091,0.0,0.0
2023-09-12 00:00:00-03:00,MGLU3.SA,21.846198896723063,22.702913658004555,21.589185202097415,22.445899963378906,10843435,0.0,0.0
2023-09-13 00:00:00-03:00,MGLU3.SA,22.274556277363807,23.3026128902634,22.18888443435626,22.445899963378906,7886826,0.0,0.0
2023-09-14 00:00:00-03:00,MGLU3.SA,22.44589972495754,22.617241574755635,21.075155754587854,22.103212356567383,13575466,0.0,0.0
2023-09-15 00:00:00-03:00,MGLU3.SA,22.274556645132314,22.61724218842349,21.24650001525879,21.24650001525879,13353886,0.0,0.0
2023-09-18 00:00:00-03:00,MGLU3.SA,21.246499438782934,22.44589972495754,20.989485746887297,22.103212356567383,12309300,0.0,0.0
2023-09-19 00:00:00-03:00,MGLU3.SA,22.103213116178296,22.360228651303647,21.417843859035155,21.58918571472168,7287803,0.0,0.0
2023-09-20 00:00:00-03:00,MGLU3.SA,21.58918571472168,22.017543105533555,21.503513869679896,21.58918571472168,6427853,0.0,0.0
2023-09-21 00:00:00-03:00,MGLU3.SA,21.16082902807913,21.246499034148126,20.13277244567871,20.13277244567871,15229582,0.0,0.0
2023-09-22 00:00:00-03:00,MGLU3.SA,20.47545811954939,20.646801817057096,18.590688453347347,19.190387725830078,15040478,0.0,0.0
2023-09-25 00:00:00-03:00,MGLU3.SA,18.847701338957883,18.847701338957883,17.819644702171413,18.419343948364258,10398703,0.0,0.0
2023-09-26 00:00:00-03:00,MGLU3.SA,18.162329627457236,18.676358845493024,17.733974085890555,17.99098777770996,7129471,0.0,0.0
2023-09-27 00:00:00-03:00,MGLU3.SA,18.24800216787855,18.41934402418306,17.13427368150955,17.476959228515625,20061740,0.0,0.0
2023-09-28 00:00:00-03:00,MGLU3.SA,17.305616018161356,17.905315219900235,17.219944179513828,17.56262969970703,9412190,0.0,0.0
2023-09-29 00:00:00-03:00,MGLU3.SA,18.076658716697576,18.5906860746563,17.90531504111341,18.162328720092773,12066773,0.0,0.0
2023-10-02 00:00:00-03:00,MGLU3.SA,18.16233072409631,18.248002571341292,17.048604047499897,17.219945907592773,10292976,0.0,0.0
2023-10-03 00:00:00-03:00,MGLU3.SA,16.96293108342336,17.134272932235167,15.677860796945417,15.763532638549805,15204222,0.0,0.0
2023-10-04 00:00:00-03:00,MGLU3.SA,16.19188690185547,16.705916076579275,16.020545066545417,16.19188690185547,14727586,0.0,0.0
2023-10-05 00:00:00-03:00,MGLU3.SA,16.106216644183554,16.27756033066905,15.420847401432574,15.50651741027832,9105752,0.0,0.0
2023-10-06 00:00:00-03:00,MGLU3.SA,14.735476686072497,15.420847780047826,14.39279022188631,15.249504089355469,13855859,0.0,0.0
2023-10-09 00:00:00-03:00,MGLU3.SA,14.821147010837192,16.02054637646533,14.6498033271204,15.934874534606934,9069425,0.0,0.0
2023-10-10 00:00:00-03:00,MGLU3.SA,16.020548246122136,17.305618686382623,16.020548246122136,17.04860496520996,14244595,0.0,0.0
2023-10-11 00:00:00-03:00,MGLU3.SA,17.305618341799487,17.819645773909677,16.191889793031198,16.363231658935547,14221908,0.0,0.0
2023-10-13 00:00:00-03:00,MGLU3.SA,16.020546205466893,16.19188805295786,15.420846987653077,15.592188835144043,7591569,0.0,0.0
2023-10-16 00:00:00-03:00,MGLU3.SA,15.849202865711398,15.934874708504733,15.249503634952037,15.335174560546875,7800195,0.0,0.0
2023-10-17 00:00:00-03:00,MGLU3.SA,14.99249050734565,15.163833282206701,14.392790336732705,14.478461265563965,9363301,0.0,0.0
2023-10-18 00:00:00-03:00,MGLU3.SA,14.564133294581133,15.5921899566642,14.221447740553446,14.821147918701172,17097756,0.0,0.0
2023-10-19 00:00:00-03:00,MGLU3.SA,14.735476522678196,14.821147449875888,13.7930908203125,13.7930908203125,15061460,0.0,0.0
2023-10-20 00:00:00-03:00,MGLU3.SA,13.536077311447022,13.878761942244546,13.107719917852693,13.193390846252441,17781030,0.0,0.0
2023-10-23 00:00:00-03:00,MGLU3.SA,13.107719338074498,13.364733029104093,12.850704729846417,12.936376571655273,17911398,0.0,0.0
2023-10-24 00:00:00-03:00,MGLU3.SA,13.107719920899486,13.27906269493734,12.079663276672363,12.079663276672363,18859047,0.0,0.0
2023-10-25 00:00:00-03:00,MGLU3.SA,11.993991060117695,12.508020283532474,11.137277216423897,12.336676597595215,28229274,0.0,0.0
2023-10-26 00:00:00-03:00,MGLU3.SA,12.422348108040158,13.107719164649058,12.251005343887932,12.593690872192383,22909860,0.0,0.0
2023-10-27 00:00:00-03:00,MGLU3.SA,12.508020401000977,12.7650340979236,11.908320246184012,12.508020401000977,17687775,0.0,0.0
2023-10-30 00:00:00-03:00,MGLU3.SA,12.508020509033926,12.59369143634858,11.565634805381652,11.736977577209473,8978089,0.0,0.0
2023-10-31 00:00:00-03:00,MGLU3.SA,11.736977416716291,11.82264926005797,11.394291877746582,11.394291877746582,16288435,0.0,0.0
2023-11-01 00:00:00-03:00,MGLU3.SA,11.394291877746582,11.651306490573116,11.22295002546023,11.394291877746582,15596404,0.0,0.0
2023-11-03 00:00:00-03:00,MGLU3.SA,11.736977130118188,13.193390176576937,11.651306206066957,12.765033721923828,27824664,0.0,0.0
2023-11-06 00:00:00-03:00,MGLU3.SA,12.936376219763096,13.450403587839835,11.993990571492661,12.251005172729492,17989768,0.0,0.0
2023-11-07 00:00:00-03:00,MGLU3.SA,12.165333767969543,15.249503589831098,12.07966284262819,15.163832664489746,33551619,0.0,0.0
2023-11-08 00:00:00-03:00,MGLU3.SA,14.992490387713984,17.305617371281453,14.735476686072497,15.249504089355469,39937397,0.0,0.0
2023-11-09 00:00:00-03:00,MGLU3.SA,15.677860666315413,15.677860666315413,14.39278947334637,14.649803161621094,19730201,0.0,0.0
2023-11-10 00:00:00-03:00,MGLU3.SA,14.821146805963306,15.506516945364114,14.821146805963306,15.420846939086914,11884686,0.0,0.0
2023-11-13 00:00:00-03:00,MGLU3.SA,15.24950440263651,16.10621737050719,13.878762186525757,14.821147918701172,24811308,0.0,0.0
2023-11-14 00:00:00-03:00,MGLU3.SA,13.536076754318534,15.335174431451344,13.27906214530064,14.9924898147583,58456777,0.0,0.0
2023-11-16 00:00:00-03:00,MGLU3.SA,15.078161378262006,19.276058887634456,15.078161378262006,18.76202964782715,43191934,0.0,0.0
2023-11-17 00:00:00-03:00,MGLU3.SA,19.01904296875,19.961427658456184,18.162328280364854,19.01904296875,33493647,0.0,0.0
2023-11-20 00:00:00-03:00,MGLU3.SA,19.70441519993876,20.132772570527873,19.10471598175218,19.533071517944336,15793298,0.0,0.0
2023-11-21 00:00:00-03:00,MGLU3.SA,19.53307136600734,19.70441504666898,17.905315571706474,18.248001098632812,20984545,0.0,0.0
2023-11-22 00:00:00-03:00,MGLU3.SA,18.505016027854385,19.019045269959822,17.733974916291828,17.819644927978516,17676774,0.0,0.0
2023-11-23 00:00:00-03:00,MGLU3.SA,17.905315737882233,18.762028645950593,17.64830204890142,18.590686798095703,8343525,0.0,0.0
2023-11-24 00:00:00-03:00,MGLU3.SA,18.50501727478649,18.590689126643106,16.962933113353344,17.04860496520996,20112010,0.0,0.0
2023-11-27 00:00:00-03:00,MGLU3.SA,17.219945214168277,17.733974442541804,16.4489022888065,16.791587829589844,19708804,0.0,0.0
2023-11-28 00:00:00-03:00,MGLU3.SA,16.705919059538545,16.79158907529214,15.934876076976103,16.363231658935547,23293118,0.0,0.0
2023-11-29 00:00:00-03:00,MGLU3.SA,16.791587498726106,17.391286724681148,16.106216430664062,16.106216430664062,24703123,0.0,0.0
2023-11-30 00:00:00-03:00,MGLU3.SA,16.53457348368288,17.391286384820035,16.363229802817287,17.30561637878418,31751811,0.0,0.0
2023-12-01 00:00:00-03:00,MGLU3.SA,17.391286525523654,18.762028645950593,16.534573617455294,18.590686798095703,27342438,0.0,0.0
2023-12-04 00:00:00-03:00,MGLU3.SA,18.333673850100528,18.59068754946897,17.134273529052734,17.134273529052734,22364217,0.0,0.0
2023-12-05 00:00:00-03:00,MGLU3.SA,17.305616866213878,18.676359014159175,17.13427318052222,18.33367347717285,21485968,0.0,0.0
2023-12-06 00:00:00-03:00,MGLU3.SA,18.67635863922163,18.933372328202438,18.33367310911489,18.590686798095703,14836007,0.0,0.0
2023-12-07 00:00:00-03:00,MGLU3.SA,18.676359484334725,19.533072431169703,18.676359484334725,19.361730575561523,14926141,0.0,0.0
2023-12-08 00:00:00-03:00,MGLU3.SA,19.53307136600734,19.70441504666898,18.076659252368113,18.248001098632812,21552584,0.0,0.0
2023-12-11 00:00:00-03:00,MGLU3.SA,18.16232879641099,19.10471534729004,18.076658792655806,19.10471534729004,8662951,0.0,0.0
2023-12-12 00:00:00-03:00,MGLU3.SA,19.10471598175218,19.790085206539022,18.84770045876054,19.533071517944336,13246856,0.0,0.0
2023-12-13 00:00:00-03:00,MGLU3.SA,19.79008488644439,21.674856185913086,19.190385677957636,21.674856185913086,24540502,0.0,0.0
2023-12-14 00:00:00-03:00,MGLU3.SA,21.76052669145966,22.70291328006043,20.47545640532748,20.81814193725586,24145052,0.0,0.0
2023-12-15 00:00:00-03:00,MGLU3.SA,20.989485696590627,21.160829380375116,18.933372497558594,18.933372497558594,27996008,0.0,0.0
2023-12-18 00:00:00-03:00,MGLU3.SA,19.190386569388554,19.361730256570834,18.590687333044603,18.676359176635742,13958230,0.0,0.0
2023-12-19 00:00:00-03:00,MGLU3.SA,18.933373729848444,19.27605928532434,18.41934447943605,18.505016326904297,14549742,0.0,0.0
2023-12-20 00:00:00-03:00,MGLU3.SA,18.50501516134877,18.93337253731243,17.905315935637834,17.99098777770996,19154259,0.0,0.0
2023-12-21 00:00:00-03:00,MGLU3.SA,18.333674715278445,18.41934472951273,17.648303595021467,17.905317306518555,13762346,0.0,0.0
2023-12-22 00:00:00-03:00,MGLU3.SA,17.990986878905495,18.248000557884854,17.64830136213405,18.162328720092773,9025340,0.0,0.0
2023-12-26 00:00:00-03:00,MGLU3.SA,18.333673855696897,18.41934386591451,17.905316467020715,18.07666015625,7455599,0.0,0.0
2023-12-27 00:00:00-03:00,MGLU3.SA,18.1623297460053,19.447400047887133,17.905316052508333,19.276058197021484,14560665,0.0,0.0
2023-12-28 00:00:00-03:00,MGLU3.SA,18.933373729848444,19.10471742478494,18.41934447943605,18.505016326904297,13502339,0.0,0.0
2024-01-02 00:00:00-03:00,MGLU3.SA,18.333672578740963,18.419342582991586,17.39128602241198,17.56262969970703,12983841,0.0,0.0
2024-01-03 00:00:00-03:00,MGLU3.SA,17.47695907300967,17.733974606775146,17.134273529052734,17.134273529052734,9709973,0.0,0.0
2024-01-04 00:00:00-03:00,MGLU3.SA,17.219945605821888,17.391287462912082,16.277560805833172,16.534574508666992,14103450,0.0,0.0
2024-01-05 00:00:00-03:00,MGLU3.SA,16.448900951040518,17.81964300269337,16.363229114212995,16.87725830078125,16087736,0.0,0.0
2024-01-08 00:00:00-03:00,MGLU3.SA,16.705918763267405,17.905317306518555,16.705918763267405,17.905317306518555,15447771,0.0,0.0
2024-01-09 00:00:00-03:00,MGLU3.SA,17.648302403200205,18.84770086545384,17.476958717508545,18.33367347717285,18575521,0.0,0.0
2024-01-10 00:00:00-03:00,MGLU3.SA,18.505015489453463,18.84770102942101,17.99098809670065,18.676359176635742,14434698,0.0,0.0
2024-01-11 00:00:00-03:00,MGLU3.SA,18.76202918582987,19.61874395294724,18.333673636668195,18.676359176635742,19102978,0.0,0.0
2024-01-12 00:00:00-03:00,MGLU3.SA,18.676359484334725,20.132773511790933,18.676359484334725,19.361730575561523,25884385,0.0,0.0
2024-01-15 00:00:00-03:00,MGLU3.SA,19.618743358941547,19.70441519993876,18.93337229975775,19.533071517944336,12664864,0.0,0.0
2024-01-16 00:00:00-03:00,MGLU3.SA,19.104716560194426,19.190386569388554,18.07665994029179,18.676359176635742,29401893,0.0,0.0
2024-01-17 00:00:00-03:00,MGLU3.SA,18.590687638360524,18.933373183956014,18.162330247766903,18.419343948364258,13366829,0.0,0.0
2024-01-18 00:00:00-03:00,MGLU3.SA,18.676359394057464,18.933373093425907,17.048603518861274,17.134273529052734,27554543,0.0,0.0
2024-01-19 00:00:00-03:00,MGLU3.SA,17.30561684164836,17.648302378148237,16.620245768648605,17.391286849975586,20990742,0.0,0.0
2024-01-22 00:00:00-03:00,MGLU3.SA,17.562630269476603,17.64830211090351,16.534573675544625,16.705917358398438,16189534,0.0,0.0
2024-01-23 00:00:00-03:00,MGLU3.SA,16.87726059827996,17.2199461578429,16.534575038717016,16.62024688720703,12608251,0.0,0.0
2024-01-24 00:00:00-03:00,MGLU3.SA,16.96293135354173,17.305616891019252,16.27756027858669,16.448902130126953,15006565,0.0,0.0
2024-01-25 00:00:00-03:00,MGLU3.SA,16.620244202183965,17.990986218990496,16.44890053288474,17.733972549438477,19449111,0.0,0.0
2024-01-26 00:00:00-03:00,MGLU3.SA,17.905316774062264,17.990988620146016,17.305617520270143,17.819644927978516,15154277,0.0,0.0
2024-01-29 00:00:00-03:00,MGLU3.SA,19.1903845664978,19.533070070699434,17.733972549438477,17.733972549438477,25376047,0.0,0.0
2024-01-30 00:00:00-03:00,MGLU3.SA,17.648301727035093,18.24800093518544,16.96293067932129,16.96293067932129,16190825,0.0,0.0
2024-01-31 00:00:00-03:00,MGLU3.SA,17.13427302578264,18.590687003420896,17.048603018107492,17.99098777770996,22174586,0.0,0.0
2024-02-01 00:00:00-03:00,MGLU3.SA,19.32664116219896,19.418236270191002,18.410686413484637,18.868663787841797,12561643,0.0,0.0
2024-02-02 00:00:00-03:00,MGLU3.SA,18.868663523203367,19.143448843325558,18.04430389404297,18.04430389404297,13807195,0.0,0.0
2024-02-05 00:00:00-03:00,MGLU3.SA,17.95270961287243,18.31909189094664,17.40313711295961,17.861114501953125,13511074,0.0,0.0
2024-02-06 00:00:00-03:00,MGLU3.SA,18.044304542990634,18.86866420179841,17.9527094329891,18.777069091796875,12891669,0.0,0.0
2024-02-07 00:00:00-03:00,MGLU3.SA,18.59387768687853,19.143450200481215,18.31909234727571,19.051855087280273,12581887,0.0,0.0
2024-02-08 00:00:00-03:00,MGLU3.SA,18.777068271882783,19.235045636289527,18.044303755073226,18.96025848388672,16245862,0.0,0.0
2024-02-09 00:00:00-03:00,MGLU3.SA,18.960259974079335,19.601429435280004,18.777069747677455,19.051855087280273,17307412,0.0,0.0
2024-02-14 00:00:00-03:00,MGLU3.SA,18.86866344874556,19.14344876778342,18.41068608261889,18.502281188964844,9962284,0.0,0.0
2024-02-15 00:00:00-03:00,MGLU3.SA,18.50228152147668,19.051854003825888,18.135899255111564,18.868663787841797,20078562,0.0,0.0
2024-02-16 00:00:00-03:00,MGLU3.SA,18.960259731844133,19.143449955905584,18.50228233729348,18.685474395751953,11536843,0.0,0.0
2024-02-19 00:00:00-03:00,MGLU3.SA,18.593877281698276,19.235046728927184,18.50228217049329,19.143449783325195,7997419,0.0,0.0
2024-02-20 00:00:00-03:00,MGLU3.SA,18.77706834239961,19.418235921218184,18.41068608261889,18.502281188964844,17973270,0.0,0.0
2024-02-21 00:00:00-03:00,MGLU3.SA,18.502281685210637,18.59387679401324,17.861114089195443,17.952709197998047,32031888,0.0,0.0
2024-02-22 00:00:00-03:00,MGLU3.SA,18.227494288185973,19.326641082763672,18.135899180570398,19.326641082763672,23587200,0.0,0.0
2024-02-23 00:00:00-03:00,MGLU3.SA,19.3266414105671,19.693023681640625,18.777068921155298,19.693023681640625,11444947,0.0,0.0
2024-02-26 00:00:00-03:00,MGLU3.SA,19.693023347622905,20.150998885700783,19.14344903313559,19.326641082763672,10020654,0.0,0.0
2024-02-27 00:00:00-03:00,MGLU3.SA,19.50983147566886,20.150999069213867,19.50983147566886,20.150999069213867,11424630,0.0,0.0
2024-02-28 00:00:00-03:00,MGLU3.SA,19.967808179092025,20.334190434935145,19.509830817887348,19.87621307373047,9339676,0.0,0.0
2024-02-29 00:00:00-03:00,MGLU3.SA,19.693024442010646,20.05940489283357,19.50983238220215,19.50983238220215,7947019,0.0,0.0
2024-03-01 00:00:00-03:00,MGLU3.SA,19.693022798814546,20.608977518238188,19.509830754291688,20.334190368652344,11805034,0.0,0.0
2024-03-04 00:00:00-03:00,MGLU3.SA,20.242596952642067,20.51738229075926,19.235047044084954,19.50983238220215,11455132,0.0,0.0
2024-03-05 00:00:00-03:00,MGLU3.SA,19.32664067313438,19.967808247250755,19.32664067313438,19.418235778808594,8675562,0.0,0.0
2024-03-06 00:00:00-03:00,MGLU3.SA,19.693023428564075,19.78461853655612,18.593876629468724,18.868663787841797,12725790,0.0,0.0
2024-03-07 00:00:00-03:00,MGLU3.SA,18.960259731844133,19.051854843874857,18.593877449324207,18.685474395751953,5699662,0.0,0.0
2024-03-08 00:00:00-03:00,MGLU3.SA,18.50228192739529,18.960259311799945,18.410686817393756,18.777069091796875,5917737,0.0,0.0
2024-03-11 00:00:00-03:00,MGLU3.SA,18.68547601856343,18.868666258534738,18.319093704223633,18.319093704223633,6105981,0.0,0.0
2024-03-12 00:00:00-03:00,MGLU3.SA,18.593876295310796,18.77706834239961,18.13589892918413,18.502281188964844,8540280,0.0,0.0
2024-03-13 00:00:00-03:00,MGLU3.SA,18.502282678637854,19.05185519535817,18.135900389358625,18.5938777923584,8459724,0.0,0.0
2024-03-14 00:00:00-03:00,MGLU3.SA,18.777068760865845,18.96025897764033,18.227494441748487,18.410686492919922,8419960,0.0,0.0
2024-03-15 00:00:00-03:00,MGLU3.SA,18.502281685210637,18.502281685210637,17.769518980392835,17.952709197998047,14906923,0.0,0.0
2024-03-18 00:00:00-03:00,MGLU3.SA,18.227494678198127,19.32664149629418,18.1358995686227,19.23504638671875,22236553,0.0,0.0
2024-03-19 00:00:00-03:00,MGLU3.SA,19.784618259071163,20.15099868590075,17.861113680628176,18.04430389404297,40727757,0.0,0.0
2024-03-20 00:00:00-03:00,MGLU3.SA,18.31909170739222,19.05185442180148,17.861114322987564,18.777069091796875,22099297,0.0,0.0
2024-03-21 00:00:00-03:00,MGLU3.SA,18.6854744230994,18.777069535264182,17.9527098569871,18.227495193481445,13328920,0.0,0.0
2024-03-22 00:00:00-03:00,MGLU3.SA,17.95270886186868,18.044303968956346,16.578776752362923,17.586326599121094,22430100,0.0,0.0
2024-03-25 00:00:00-03:00,MGLU3.SA,17.586327012315884,17.769519065192277,16.94515941324092,17.494731903076172,16300588,0.0,0.0
2024-03-26 00:00:00-03:00,MGLU3.SA,17.403138222017507,17.494733338773933,16.303991317749023,16.303991317749023,16824297,0.0,0.0
2024-03-27 00:00:00-03:00,MGLU3.SA,16.30398974323686,16.761968951585168,15.754419095771535,16.670372009277344,14986461,0.0,0.0
2024-03-28 00:00:00-03:00,MGLU3.SA,16.57877772967466,16.94516001402032,16.39558750470034,16.4871826171875,10956309,0.0,0.0
2024-04-01 00:00:00-03:00,MGLU3.SA,16.57877850241542,16.761970570325396,16.120801084236167,16.303991317749023,4991521,0.0,0.0
2024-04-02 00:00:00-03:00,MGLU3.SA,16.21239403238544,16.303989136889896,15.754418509863159,15.93760871887207,7310845,0.0,0.0
2024-04-03 00:00:00-03:00,MGLU3.SA,15.846014654078799,15.937609764593123,15.021654990655898,15.479632377624512,16873636,0.0,0.0
2024-04-04 00:00:00-03:00,MGLU3.SA,15.662822229814243,16.85356414165102,15.571227121456863,16.21239471435547,16717396,0.0,0.0
2024-04-05 00:00:00-03:00,MGLU3.SA,16.120800114004524,16.21239522524829,15.479632500901134,15.662822723388672,9715209,0.0,0.0
2024-04-08 00:00:00-03:00,MGLU3.SA,15.66282366605691,16.67037361917185,15.66282366605691,16.303991317749023,10744660,0.0,0.0
2024-04-09 00:00:00-03:00,MGLU3.SA,16.395586685544682,16.761968951585168,16.120799527415084,16.670372009277344,7233240,0.0,0.0
2024-04-10 00:00:00-03:00,MGLU3.SA,16.303989822712847,16.487181873824554,15.93760938928333,16.21239471435547,9249072,0.0,0.0
2024-04-11 00:00:00-03:00,MGLU3.SA,16.120800313635563,16.487182597544717,15.662822917348374,15.846014976501465,10383796,0.0,0.0
2024-04-12 00:00:00-03:00,MGLU3.SA,15.846014880002485,15.846014880002485,15.11325031664656,15.204845428466797,9247056,0.0,0.0
2024-04-15 00:00:00-03:00,MGLU3.SA,15.204845960973369,15.204845960973369,13.922509764587328,14.014105796813965,19262407,0.0,0.0
2024-04-16 00:00:00-03:00,MGLU3.SA,13.647723859609112,14.380486584169578,13.281340662931873,13.92250919342041,25118562,0.0,0.0
2024-04-17 00:00:00-03:00,MGLU3.SA,14.288891472899145,14.472082612638513,13.647723859609112,13.92250919342041,13309212,0.0,0.0
2024-04-18 00:00:00-03:00,MGLU3.SA,13.922509068554145,14.288891344746922,13.73931884765625,13.73931884765625,10161291,0.0,0.0
2024-04-19 00:00:00-03:00,MGLU3.SA,13.739318197527044,14.655272927468538,13.647723091412276,14.10569953918457,12872212,0.0,0.0
2024-04-22 00:00:00-03:00,MGLU3.SA,14.10570091184206,14.288892059096792,13.739319534531138,14.014105796813965,11708749,0.0,0.0
2024-04-23 00:00:00-03:00,MGLU3.SA,13.922508557637533,14.01410458192366,13.006554735165489,13.18974494934082,14430612,0.0,0.0
2024-04-24 00:00:00-03:00,MGLU3.SA,13.098150253295898,13.189745363257979,12.456981731965868,13.098150253295898,14488057,0.0,0.0
2024-04-25 00:00:00-03:00,MGLU3.SA,12.823364676517544,12.823364676517544,12.456982383120609,12.731769561767578,10441851,0.0,0.0
2024-04-26 00:00:00-03:00,MGLU3.SA,12.914959116173248,13.189745363257979,12.823364006211168,13.098150253295898,9006763,0.0,0.0
2024-04-29 00:00:00-03:00,MGLU3.SA,13.09815037740018,13.739318904805248,12.823364127711866,13.281340599060059,10853829,0.0,0.0
2024-04-30 00:00:00-03:00,MGLU3.SA,13.09815017650666,13.28134039535685,12.273790522886873,12.456981658935547,11021451,0.0,0.0
2024-05-02 00:00:00-03:00,MGLU3.SA,12.823363764949613,13.55612738245535,12.731768656710823,13.372936248779297,13644571,0.0,0.0
2024-05-03 00:00:00-03:00,MGLU3.SA,13.739318879324802,14.472082516200851,13.739318879324802,14.380486488342285,18214087,0.0,0.0
2024-05-06 00:00:00-03:00,MGLU3.SA,14.472082516200851,14.746868765379558,14.105700239163578,14.380486488342285,10202461,0.0,0.0
2024-05-07 00:00:00-03:00,MGLU3.SA,14.47208283204352,15.11325045505402,14.380486802185938,14.746869087219238,8725227,0.0,0.0
2024-05-08 00:00:00-03:00,MGLU3.SA,14.380486158670092,15.296440913066544,14.197295024351106,15.113249778747559,8404063,0.0,0.0
2024-05-09 00:00:00-03:00,MGLU3.SA,14.65527347694613,15.571227324031494,14.288891204353195,15.296441078186035,17150973,0.0,0.0
2024-05-10 00:00:00-03:00,MGLU3.SA,15.937608999067557,16.029204105182327,14.014104433069802,14.10569953918457,26616817,0.0,0.0
2024-05-13 00:00:00-03:00,MGLU3.SA,14.197295914430725,14.838464466145103,14.01410568582536,14.47208309173584,12972676,0.0,0.0
2024-05-14 00:00:00-03:00,MGLU3.SA,14.380487060234623,15.021655611949,14.28889194593194,14.47208309173584,14513226,0.0,0.0
2024-05-15 00:00:00-03:00,MGLU3.SA,14.380486802185938,15.021655342394954,14.28889168952687,14.746869087219238,13447486,0.0,0.0
2024-05-16 00:00:00-03:00,MGLU3.SA,14.930059091200183,14.930059091200183,14.472081728432233,14.563676834106445,7116742,0.0,0.0
2024-05-17 00:00:00-03:00,MGLU3.SA,14.563676834106445,14.838463068327526,14.288890599885363,14.563676834106445,11956098,0.0,0.0
2024-05-20 00:00:00-03:00,MGLU3.SA,14.380486488342285,14.838463876039627,14.288891377682216,14.380486488342285,9446398,0.0,0.0
2024-05-21 00:00:00-03:00,MGLU3.SA,14.288891215724176,14.563677461788306,13.739318723595915,14.197295188903809,9558654,0.0,0.0
2024-05-22 00:00:00-03:00,MGLU3.SA,14.014105359592577,14.014105359592577,13.464532852172852,13.464532852172852,10961275,0.0,0.0
2024-05-23 00:00:00-03:00,MGLU3.SA,13.464532956032906,13.647724098985384,12.823364414298501,13.006555557250977,10827747,0.0,0.0
2024-05-24 00:00:00-03:00,MGLU3.SA,12.823364634607708,12.914959749058319,12.090600967407227,12.090600967407227,26854716,0.0,0.0
2024-05-27 00:00:00-03:00,MGLU3.SA,11.751697230215155,12.081441115482235,11.293720732809104,12.044803619384766,29375325,0.0,0.1
2024-05-28 00:00:00-03:00,MGLU3.SA,12.182195892482596,12.438663859914808,11.247922804574571,11.257081031799316,22421700,0.0,0.0
2024-05-29 00:00:00-03:00,MGLU3.SA,11.220443435603904,11.568506512920369,11.064730644226074,11.064730644226074,18793005,0.0,0.0
2024-05-31 00:00:00-03:00,MGLU3.SA,11.064730408701557,11.348677635192871,10.441882008043759,11.348677635192871,66939285,0.0,0.0
2024-06-03 00:00:00-03:00,MGLU3.SA,11.348678339453036,11.861612456201982,11.083051219166018,11.614304542541504,19264455,0.0,0.0
2024-06-04 00:00:00-03:00,MGLU3.SA,11.63262311458186,11.77917584240085,10.652551575317638,10.670870780944824,21970305,0.0,0.0
2024-06-05 00:00:00-03:00,MGLU3.SA,10.67087051143245,11.3028789622146,10.551796136462428,11.165485382080078,23710995,0.0,0.0
2024-06-06 00:00:00-03:00,MGLU3.SA,11.284559658133468,11.806653790550586,11.229602960320172,11.632622718811035,24033030,0.0,0.0
2024-06-07 00:00:00-03:00,MGLU3.SA,11.293720728231632,11.541028642081706,10.753307342529297,10.753307342529297,21333690,0.0,0.0
2024-06-10 00:00:00-03:00,MGLU3.SA,10.79910482527358,10.854062444812342,10.304489001020363,10.551796913146973,20937105,0.0,0.0
2024-06-11 00:00:00-03:00,MGLU3.SA,10.524317782861365,11.431112476330355,10.47852022856873,11.394474983215332,32563335,0.0,0.0
2024-06-12 00:00:00-03:00,MGLU3.SA,11.541027827172766,11.861611627750293,10.460201132084984,10.487679481506348,38086230,0.0,0.0
2024-06-13 00:00:00-03:00,MGLU3.SA,10.53347700365711,10.606753824818487,10.139617300109402,10.277009963989258,23818620,0.0,0.0
2024-06-14 00:00:00-03:00,MGLU3.SA,10.32280760568945,10.799104195660544,10.185414940650677,10.478520393371582,22218840,0.0,0.0
2024-06-17 00:00:00-03:00,MGLU3.SA,10.32280748531261,10.37776510100634,10.066340446472168,10.066340446472168,15482670,0.0,0.0
2024-06-18 00:00:00-03:00,MGLU3.SA,10.084659803103275,10.240372591307299,9.809873554906254,10.029702186584473,19125645,0.0,0.0
2024-06-19 00:00:00-03:00,MGLU3.SA,10.02970258960464,10.194575445786073,9.837352299857427,10.148776054382324,14105805,0.0,0.0
2024-06-20 00:00:00-03:00,MGLU3.SA,10.359446239077249,10.615914203615274,9.727437765048368,9.773235321044922,37093875,0.0,0.0
2024-06-21 00:00:00-03:00,MGLU3.SA,9.800714894722725,10.066341094684287,9.672480449846493,9.919788360595703,22920765,0.0,0.0
2024-06-24 00:00:00-03:00,MGLU3.SA,10.634232226244068,11.3486775672731,10.570115466013043,11.138007164001465,46898775,0.0,0.0
2024-06-25 00:00:00-03:00,MGLU3.SA,11.046412579221569,11.238762869055066,10.634232731579411,10.80826473236084,31519320,0.0,0.0
2024-06-26 00:00:00-03:00,MGLU3.SA,10.661711377515172,10.716668075862083,10.231212348739149,10.515158653259277,24993465,0.0,0.0
2024-06-27 00:00:00-03:00,MGLU3.SA,10.496839345463505,11.30287985002119,10.331968320429832,11.183805465698242,28903035,0.0,0.0
2024-06-28 00:00:00-03:00,MGLU3.SA,11.119688394993613,11.174646013290555,10.670871055763413,11.037252426147461,26971455,0.0,0.0
2024-07-01 00:00:00-03:00,MGLU3.SA,11.009774635428478,11.257080699542534,10.881540196897996,11.119688034057617,17323845,0.0,0.0
2024-07-02 00:00:00-03:00,MGLU3.SA,11.08305044569157,11.293719931396565,10.945656864180343,11.147167205810547,15875055,0.0,0.0
2024-07-03 00:00:00-03:00,MGLU3.SA,11.229603434772708,11.660101560358834,11.229603434772708,11.522708892822266,18199860,0.0,0.0
2024-07-04 00:00:00-03:00,MGLU3.SA,11.770017188542491,12.328748856055999,11.751697064953563,12.072280883789062,24654840,0.0,0.0
2024-07-05 00:00:00-03:00,MGLU3.SA,12.00816403129742,12.576055713033144,11.96236647775717,12.53941822052002,28601895,0.0,0.0
2024-07-08 00:00:00-03:00,MGLU3.SA,12.347067322370005,12.447822492878679,11.696739661884823,11.80665397644043,26115495,0.0,0.0
2024-07-09 00:00:00-03:00,MGLU3.SA,11.815814399875187,12.41118446273316,11.751696720787333,12.37454605102539,17745000,0.0,0.0
2024-07-10 00:00:00-03:00,MGLU3.SA,12.731768399566928,12.951597021779527,12.292110237943275,12.337907791137695,23397255,0.0,0.0
2024-07-11 00:00:00-03:00,MGLU3.SA,12.795885195165564,12.860001957862119,12.484461443324314,12.557737350463867,14165025,0.0,0.0
2024-07-12 00:00:00-03:00,MGLU3.SA,12.55773671231016,12.768406195778628,12.402024844302433,12.704289436340332,14906955,0.0,0.0
2024-07-15 00:00:00-03:00,MGLU3.SA,12.685971249455513,13.125629425048828,12.502780113658677,13.125629425048828,20010690,0.0,0.0
2024-07-16 00:00:00-03:00,MGLU3.SA,13.088990015819602,13.208064390926511,12.402024865952692,12.484460830688477,28411425,0.0,0.0
2024-07-17 00:00:00-03:00,MGLU3.SA,12.456982228945197,12.70429013634751,12.237153589386603,12.32874870300293,19599615,0.0,0.0
2024-07-18 00:00:00-03:00,MGLU3.SA,12.365386433508663,12.429503192944434,11.51354843849228,11.605143547058105,27876450,0.0,0.0
2024-07-19 00:00:00-03:00,MGLU3.SA,11.59598481855543,11.898249421411323,11.458591233585517,11.513548851013184,19862535,0.0,0.0
2024-07-22 00:00:00-03:00,MGLU3.SA,11.595984849011089,11.751696723000675,11.293720245361328,11.293720245361328,21931140,0.0,0.0
2024-07-23 00:00:00-03:00,MGLU3.SA,11.211283987543057,11.421954408087686,11.128848932371545,11.156328201293945,19626495,0.0,0.0
2024-07-24 00:00:00-03:00,MGLU3.SA,11.138007235382199,11.202124913222624,10.62507315024674,10.689189910888672,18457530,0.0,0.0
2024-07-25 00:00:00-03:00,MGLU3.SA,10.689190195270095,10.92733803867617,10.570115814967801,10.625073432922363,15267210,0.0,0.0
2024-07-26 00:00:00-03:00,MGLU3.SA,10.670870754022072,10.97313535311178,10.487679615410903,10.89069938659668,18989775,0.0,0.0
2024-07-29 00:00:00-03:00,MGLU3.SA,10.945656910085669,10.973135259623762,10.139617374581345,10.25869083404541,28160160,0.0,0.0
2024-07-30 00:00:00-03:00,MGLU3.SA,10.185415384065617,10.451041581583826,10.11213855909609,10.148776054382324,16552935,0.0,0.0
2024-07-31 00:00:00-03:00,MGLU3.SA,10.27700962560356,10.496838247452542,10.139616966247559,10.139616966247559,15227940,0.0,0.0
2024-08-01 00:00:00-03:00,MGLU3.SA,10.350286640149738,10.533477789521928,9.828192460618055,9.89231014251709,20804700,0.0,0.0
2024-08-02 00:00:00-03:00,MGLU3.SA,9.965584879570589,10.615913429195517,9.965584879570589,10.597593307495117,27257895,0.0,0.0
2024-08-05 00:00:00-03:00,MGLU3.SA,10.075499313372282,10.670870256817933,9.727437175147195,10.570115089416504,33601785,0.0,0.0
2024-08-06 00:00:00-03:00,MGLU3.SA,10.551796836749242,10.698349570592981,10.011383458725726,10.350286483764648,25576320,0.0,0.0
2024-08-07 00:00:00-03:00,MGLU3.SA,10.54263607528094,11.220442997573581,10.505998582150415,11.165485382080078,25173540,0.0,0.0
2024-08-08 00:00:00-03:00,MGLU3.SA,11.183805109405531,11.632623363894508,11.183805109405531,11.48607063293457,21979965,0.0,0.0
2024-08-09 00:00:00-03:00,MGLU3.SA,11.815814742599638,12.136398561345072,11.183805332503587,11.870772361755371,43202145,0.0,0.0
2024-08-12 00:00:00-03:00,MGLU3.SA,11.953206473789711,12.67681094165463,11.861611366271973,11.861611366271973,41530755,0.0,0.0
2024-08-13 00:00:00-03:00,MGLU3.SA,12.090600571654921,12.273790794559917,11.907409431551422,12.173035621643066,25403385,0.0,0.0
2024-08-14 00:00:00-03:00,MGLU3.SA,11.999004893554575,12.31958871020267,11.5776668182446,11.669261932373047,26805030,0.0,0.0
2024-08-15 00:00:00-03:00,MGLU3.SA,11.742537497178121,12.28295085602427,11.504388739884021,12.173035621643066,20585040,0.0,0.0
2024-08-16 00:00:00-03:00,MGLU3.SA,12.191355776322723,12.237153332168246,11.522708892822266,11.522708892822266,19720365,0.0,0.0
2024-08-19 00:00:00-03:00,MGLU3.SA,11.660101846492466,12.823364562946933,11.650942701978003,12.75008773803711,33966030,0.0,0.0
2024-08-20 00:00:00-03:00,MGLU3.SA,12.750087274544612,12.759247335924616,12.43866353159436,12.640172958374023,17052735,0.0,0.0
2024-08-21 00:00:00-03:00,MGLU3.SA,12.667651137557456,12.896639828195491,12.292110638797501,12.6859712600708,20823810,0.0,0.0
2024-08-22 00:00:00-03:00,MGLU3.SA,12.548578415542153,12.676811943076352,12.017325099014965,12.072280883789062,17026275,0.0,0.0
2024-08-23 00:00:00-03:00,MGLU3.SA,12.227992894287794,12.612694369385332,12.026482554132013,12.475300788879395,17788575,0.0,0.0
2024-08-26 00:00:00-03:00,MGLU3.SA,12.594375284869344,12.621853634354478,11.971526887615875,12.22799301147461,17104710,0.0,0.0
2024-08-27 00:00:00-03:00,MGLU3.SA,12.209674275313937,12.576055618067754,12.163876722119516,12.337907791137695,15401190,0.0,0.0
2024-08-28 00:00:00-03:00,MGLU3.SA,12.209675390316264,12.337908917850463,12.035643388206818,12.072280883789062,15821610,0.0,0.0
2024-08-29 00:00:00-03:00,MGLU3.SA,12.0906002826741,12.136397837305728,11.595984491376152,11.80665397644043,21252735,0.0,0.0
2024-08-30 00:00:00-03:00,MGLU3.SA,11.678420512519017,11.705898861989887,11.110527897332107,11.138007164001465,26457900,0.0,0.0
2024-09-02 00:00:00-03:00,MGLU3.SA,10.991454255386014,11.174645388942064,10.835742388042377,10.96397590637207,13851495,0.0,0.0
2024-09-03 00:00:00-03:00,MGLU3.SA,11.165485526568597,11.247922409474878,10.625073094615672,10.698348999023438,21533190,0.0,0.0
2024-09-04 00:00:00-03:00,MGLU3.SA,10.799103702531774,11.312037762771562,10.762466210513537,11.028092384338379,19044900,0.0,0.0
2024-09-05 00:00:00-03:00,MGLU3.SA,11.028093229838564,11.321198691646908,10.643391737966038,11.266241073608398,26079795,0.0,0.0
2024-09-06 00:00:00-03:00,MGLU3.SA,11.24792293077963,11.458591509665196,10.77162631985964,10.80826473236084,18652410,0.0,0.0
2024-09-09 00:00:00-03:00,MGLU3.SA,10.826583176443691,10.89069994063964,10.551796913146973,10.551796913146973,12805905,0.0,0.0
2024-09-10 00:00:00-03:00,MGLU3.SA,10.441882418653616,10.542636677011297,10.286170541665676,10.377765655517578,13026300,0.0,0.0
2024-09-11 00:00:00-03:00,MGLU3.SA,10.478521063323782,10.551796972589713,10.222053087896649,10.322808265686035,16004730,0.0,0.0
2024-09-12 00:00:00-03:00,MGLU3.SA,10.359446138390208,10.359446138390208,10.139617504863931,10.231212615966797,13165320,0.0,0.0
2024-09-13 00:00:00-03:00,MGLU3.SA,10.313648765576872,10.936497183069338,10.2953286423935,10.625073432922363,18622590,0.0,0.0
2024-09-16 00:00:00-03:00,MGLU3.SA,10.588434664538353,10.8265824999282,10.478520349527537,10.70750904083252,11519865,0.0,0.0
2024-09-17 00:00:00-03:00,MGLU3.SA,10.62507325340418,10.899859504137252,10.524318080789069,10.881540298461914,13852230,0.0,0.0
2024-09-18 00:00:00-03:00,MGLU3.SA,10.753307267590552,11.183805410449278,10.551796913146973,10.551796913146973,22646925,0.0,0.0
2024-09-19 00:00:00-03:00,MGLU3.SA,10.707509232090494,10.7899442819222,10.203733368462279,10.222052574157715,21187530,0.0,0.0
2024-09-20 00:00:00-03:00,MGLU3.SA,10.203732780635196,10.212892841554464,9.48012924194336,9.48012924194336,35610225,0.0,0.0
2024-09-23 00:00:00-03:00,MGLU3.SA,9.361055247770551,9.498448829510941,9.095428145578323,9.177865028381348,22482705,0.0,0.0
2024-09-24 00:00:00-03:00,MGLU3.SA,9.425172185622428,9.461809676306313,9.177864308214522,9.333575248718262,16186695,0.0,0.0
2024-09-25 00:00:00-03:00,MGLU3.SA,9.406854776711391,9.461811481823347,9.012993192617026,9.159546852111816,21502530,0.0,0.0
2024-09-26 00:00:00-03:00,MGLU3.SA,9.23282255460358,9.461810326610093,8.94887533259946,8.976354598999023,23224425,0.0,0.0
2024-09-27 00:00:00-03:00,MGLU3.SA,8.976355694941919,9.507609041816174,8.976355694941919,9.159546852111816,24109680,0.0,0.0
2024-09-30 00:00:00-03:00,MGLU3.SA,9.15954615932609,9.214502860281376,8.674089491963771,8.884759902954102,26500530,0.0,0.0
2024-10-01 00:00:00-03:00,MGLU3.SA,8.958034737121245,9.09542739025345,8.793162819603872,8.903077125549316,22765155,0.0,0.0
2024-10-02 00:00:00-03:00,MGLU3.SA,9.003832742240313,9.269459835769604,8.921396779324274,9.022151947021484,26206005,0.0,0.0
2024-10-03 00:00:00-03:00,MGLU3.SA,8.838962215114737,9.077110055846298,8.637451868742913,8.912238121032715,25796820,0.0,0.0
2024-10-04 00:00:00-03:00,MGLU3.SA,8.848121586675605,8.948875845250958,8.710727998402394,8.857280731201172,18685695,0.0,0.0
2024-10-07 00:00:00-03:00,MGLU3.SA,8.985514858520064,9.095428257750337,8.591654231018598,8.71072769165039,25405800,0.0,0.0
2024-10-08 00:00:00-03:00,MGLU3.SA,8.729046671221573,8.820641779673998,8.66492991186518,8.765685081481934,19517820,0.0,0.0
2024-10-09 00:00:00-03:00,MGLU3.SA,8.674089443332088,8.719886999604233,8.463420867919922,8.463420867919922,18004035,0.0,0.0
2024-10-10 00:00:00-03:00,MGLU3.SA,8.518377665272116,8.536696871428646,8.307708170269805,8.435941696166992,18369540,0.0,0.0
2024-10-11 00:00:00-03:00,MGLU3.SA,8.445101760426446,8.67408954445677,8.179473729674807,8.655771255493164,29925105,0.0,0.0
2024-10-14 00:00:00-03:00,MGLU3.SA,8.619131473392516,9.214502432204885,8.51837722058904,8.976354598999023,25906650,0.0,0.0
2024-10-15 00:00:00-03:00,MGLU3.SA,9.067950129069747,9.132067808848449,8.802323017124131,8.884759902954102,17224620,0.0,0.0
2024-10-16 00:00:00-03:00,MGLU3.SA,8.838961935795115,9.132067384601626,8.774844258995119,8.976354598999023,22507065,0.0,0.0
2024-10-17 00:00:00-03:00,MGLU3.SA,8.884759456228867,8.9122378053249,8.765685081481934,8.765685081481934,15796515,0.0,0.0
2024-10-18 00:00:00-03:00,MGLU3.SA,8.829802514942791,8.90307842385923,8.573334540738895,8.609972953796387,25355925,0.0,0.0
2024-10-21 00:00:00-03:00,MGLU3.SA,8.655771296851935,8.967195051500621,8.655771296851935,8.857280731201172,24262455,0.0,0.0
2024-10-22 00:00:00-03:00,MGLU3.SA,8.765685200906207,8.985514748264865,8.380983722328175,8.518377304077148,32968950,0.0,0.0
2024-10-23 00:00:00-03:00,MGLU3.SA,8.390144368262868,8.536697104314628,8.298548334981426,8.38098430633545,21991935,0.0,0.0
2024-10-24 00:00:00-03:00,MGLU3.SA,8.408463219731967,8.710727823796205,8.3168681075182,8.683249473571777,26403195,0.0,0.0
2024-10-25 00:00:00-03:00,MGLU3.SA,8.664929762845016,8.719886460091931,8.362665176391602,8.362665176391602,21516075,0.0,0.0
2024-10-28 00:00:00-03:00,MGLU3.SA,8.500058351281258,8.793163811670265,8.490899206918451,8.674089431762695,22672335,0.0,0.0
2024-10-29 00:00:00-03:00,MGLU3.SA,8.655771174817591,8.719887019989674,8.380984002145288,8.45426082611084,18714255,0.0,0.0
2024-10-30 00:00:00-03:00,MGLU3.SA,8.472578590356793,8.866439201790987,8.399302688126353,8.793163299560547,26669475,0.0,0.0
2024-10-31 00:00:00-03:00,MGLU3.SA,8.71988704455842,8.857280631281686,8.609972725498919,8.66493034362793,14264145,0.0,0.0
2024-11-01 00:00:00-03:00,MGLU3.SA,8.784004256557465,8.784004256557465,8.042080578716813,8.115357398986816,30144345,0.0,0.0
2024-11-04 00:00:00-03:00,MGLU3.SA,8.371824540585,9.049631542052822,8.371824540585,8.958036422729492,47535915,0.0,0.0
2024-11-05 00:00:00-03:00,MGLU3.SA,8.838962132484305,9.177865143233564,8.619131665189922,9.141225814819336,39009705,0.0,0.0
2024-11-06 00:00:00-03:00,MGLU3.SA,8.921397265323023,9.086270117335111,8.738207041928826,8.912238121032715,30775185,0.0,0.0
2024-11-07 00:00:00-03:00,MGLU3.SA,8.985514432688603,9.25114060837,8.573333701917702,8.591653823852539,41591550,0.0,0.0
2024-11-08 00:00:00-03:00,MGLU3.SA,8.912237672533282,9.086269660077694,8.307707581038686,8.793163299560547,63494445,0.0,0.0
2024-11-11 00:00:00-03:00,MGLU3.SA,8.701568986440115,8.765685750691453,8.445101929434763,8.609972953796387,34669740,0.0,0.0
2024-11-12 00:00:00-03:00,MGLU3.SA,8.646611113222638,8.78400469955879,8.45426082611084,8.45426082611084,31031070,0.0,0.0
2024-11-13 00:00:00-03:00,MGLU3.SA,8.518377455600696,8.738207006869647,8.271070471571067,8.481739044189453,36576540,0.0,0.0
2024-11-14 00:00:00-03:00,MGLU3.SA,8.48173915137947,8.74736626167015,8.2252711854581,8.24359130859375,37458330,0.0,0.0
2024-11-18 00:00:00-03:00,MGLU3.SA,8.335186445766077,8.664930319214026,8.243591333007654,8.45426082611084,30709980,0.0,0.0
2024-11-19 00:00:00-03:00,MGLU3.SA,8.500057800170632,8.619131255159429,8.335185874741653,8.591653823852539,22281735,0.0,0.0
2024-11-21 00:00:00-03:00,MGLU3.SA,8.445101046504433,8.527536091467438,8.344345879729497,8.37182331085205,30852465,0.0,0.0
2024-11-22 00:00:00-03:00,MGLU3.SA,8.472578351763701,8.637451190835808,8.35350489934261,8.628291130065918,25803120,0.0,0.0
2024-11-25 00:00:00-03:00,MGLU3.SA,8.637451698257616,9.168704986572266,8.609972431532064,9.168704986572266,23452485,0.0,0.0
2024-11-26 00:00:00-03:00,MGLU3.SA,9.113747703173594,9.837352216200763,9.095428497087,9.745757102966309,38195010,0.0,0.0
2024-11-27 00:00:00-03:00,MGLU3.SA,9.764074570924484,9.846511449982414,8.829801559448242,8.829801559448242,41498730,0.0,0.0
2024-11-28 00:00:00-03:00,MGLU3.SA,8.820642189385547,8.967194920035766,8.115357803705345,8.234431266784668,32984280,0.0,0.0
2024-11-29 00:00:00-03:00,MGLU3.SA,8.24359121315984,8.445101558936974,7.96880496168098,8.27107048034668,40005840,0.0,0.0
2024-12-02 00:00:00-03:00,MGLU3.SA,8.252750571258334,8.609972799156612,8.115357900558205,8.42678165435791,25693500,0.0,0.0
2024-12-03 00:00:00-03:00,MGLU3.SA,8.500058993523105,8.619132465229036,8.390144666872022,8.52753734588623,24875130,0.0,0.0
2024-12-04 00:00:00-03:00,MGLU3.SA,8.555015980464212,8.701568710854188,8.463420867919922,8.463420867919922,23444820,0.0,0.0
2024-12-05 00:00:00-03:00,MGLU3.SA,8.609971881343816,8.857279762879557,8.417621612548828,8.417621612548828,27113625,0.0,0.0
2024-12-06 00:00:00-03:00,MGLU3.SA,8.417622335311755,8.555015920361456,7.767294656099988,7.82225227355957,35404530,0.0,0.0
2024-12-09 00:00:00-03:00,MGLU3.SA,7.886368858923431,8.161155105677762,7.712336866126846,7.7489752769470215,32123490,0.0,0.0
2024-12-10 00:00:00-03:00,MGLU3.SA,7.950485519381298,8.04208062808258,7.6299012631290966,7.987123012542725,29508150,0.0,0.0
2024-12-11 00:00:00-03:00,MGLU3.SA,8.060400262954435,8.729047160274426,7.968805149370309,8.435941696166992,39928770,0.0,0.0
2024-12-12 00:00:00-03:00,MGLU3.SA,8.151995384339525,8.188633796687647,7.61158247099884,7.675699234008789,40498290,0.0,0.0
2024-12-13 00:00:00-03:00,MGLU3.SA,7.684859059213081,7.877209800923087,7.501668378907492,7.51082706451416,25468380,0.0,0.0
2024-12-16 00:00:00-03:00,MGLU3.SA,7.556625004603947,7.574944669746076,7.071168782813886,7.1078081130981445,25782015,0.0,0.0
2024-12-17 00:00:00-03:00,MGLU3.SA,7.190243327578303,7.20856253336252,6.805542299106015,6.842180252075195,41089230,0.0,0.0
2024-12-18 00:00:00-03:00,MGLU3.SA,6.640669589291345,6.732266072448104,6.063618303372783,6.155214786529541,40113045,0.0,0.0
2024-12-19 00:00:00-03:00,MGLU3.SA,6.182693382466945,6.530755996704102,6.155215032600399,6.530755996704102,39780615,0.0,0.0
2024-12-20 00:00:00-03:00,MGLU3.SA,6.512436575494085,6.9520947447983215,6.3933626599489015,6.68646764755249,39482100,0.0,0.0
2024-12-23 00:00:00-03:00,MGLU3.SA,6.594872430663009,6.658989651694077,6.35672412834539,6.393362998962402,22584240,0.0,0.0
2024-12-26 00:00:00-03:00,MGLU3.SA,6.439160387923588,6.484957939893756,5.972022973111954,5.98118257522583,30030000,0.0,0.0
2024-12-27 00:00:00-03:00,MGLU3.SA,6.100257526584884,6.164373830305681,5.752194447419925,5.962864398956299,33883500,0.0,0.0
2024-12-30 00:00:00-03:00,MGLU3.SA,5.990342307801434,6.219330989837776,5.871267936326971,5.953704357147217,25178895,0.0,0.0
2025-01-02 00:00:00-03:00,MGLU3.SA,5.953704621382908,6.017820923223574,5.724715470584407,5.88958740234375,29886990,0.0,0.0
2025-01-03 00:00:00-03:00,MGLU3.SA,5.889587609165746,6.008662448705679,5.633120099800598,5.733875274658203,21285600,0.0,0.0
2025-01-06 00:00:00-03:00,MGLU3.SA,5.871268280516856,6.1277357845281095,5.83463032771482,6.091097831726074,32892720,0.0,0.0
2025-01-07 00:00:00-03:00,MGLU3.SA,6.155215263083319,6.237650774369015,5.990342864714127,6.045300483703613,22956255,0.0,0.0
2025-01-08 00:00:00-03:00,MGLU3.SA,5.91706585736252,5.935385521728031,5.559844096516011,5.651439666748047,27441855,0.0,0.0
2025-01-09 00:00:00-03:00,MGLU3.SA,5.6148018647495075,5.651439818667656,5.404131909972908,5.504886627197266,25137630,0.0,0.0
2025-01-10 00:00:00-03:00,MGLU3.SA,5.514046154898853,5.6239609232067505,5.404131386590956,5.523205757141113,19073040,0.0,0.0
2025-01-13 00:00:00-03:00,MGLU3.SA,5.559844104083691,5.569003706979287,5.285057851612816,5.321695804595947,17932110,0.0,0.0
2025-01-14 00:00:00-03:00,MGLU3.SA,5.367493424962016,5.422450579701073,5.230100308814763,5.413290977478027,26096805,0.0,0.0
2025-01-15 00:00:00-03:00,MGLU3.SA,5.5048866120000195,5.889587649374501,5.495727008895953,5.834630489349365,34238610,0.0,0.0
2025-01-16 00:00:00-03:00,MGLU3.SA,5.752194333433628,5.807151950275421,5.422450925379117,5.440769672393799,30684045,0.0,0.0
2025-01-17 00:00:00-03:00,MGLU3.SA,5.504886437984278,5.614801671758533,5.404131724223045,5.550684452056885,24618720,0.0,0.0
2025-01-20 00:00:00-03:00,MGLU3.SA,5.504886233928656,5.6972369687050275,5.3583335115272455,5.596481800079346,18469395,0.0,0.0
2025-01-21 00:00:00-03:00,MGLU3.SA,5.596482068962888,5.724715592575307,5.54152445147249,5.642279624938965,17863125,0.0,0.0
2025-01-22 00:00:00-03:00,MGLU3.SA,5.715556566195026,5.962864474207035,5.596482184441423,5.834630489349365,23871855,0.0,0.0
2025-01-23 00:00:00-03:00,MGLU3.SA,5.834630352324268,5.9353855255035235,5.651439670342922,5.761354446411133,19196625,0.0,0.0
2025-01-24 00:00:00-03:00,MGLU3.SA,5.797992535532362,6.03614038184104,5.788832473829031,5.834630489349365,15180375,0.0,0.0
2025-01-27 00:00:00-03:00,MGLU3.SA,5.816311558600955,6.448319566888735,5.7705140031219235,6.420841217041016,28981995,0.0,0.0
2025-01-28 00:00:00-03:00,MGLU3.SA,6.3933629346913685,6.448319634967013,6.191853046417236,6.191853046417236,19353285,0.0,0.0
2025-01-29 00:00:00-03:00,MGLU3.SA,6.255969542781417,6.283448352367003,5.917066058956258,6.036140441894531,21692580,0.0,0.0
2025-01-30 00:00:00-03:00,MGLU3.SA,6.146055347136763,6.796382552756924,6.146055347136763,6.658989429473877,33369210,0.0,0.0
2025-01-31 00:00:00-03:00,MGLU3.SA,6.695627560157681,6.924616716532673,6.594872386384596,6.8330206871032715,27166020,0.0,0.0
2025-02-03 00:00:00-03:00,MGLU3.SA,6.704786710664346,6.704786710664346,6.484958089264753,6.613191604614258,24056340,0.0,0.0
2025-02-04 00:00:00-03:00,MGLU3.SA,6.549074785472677,6.6864679114784815,6.237650580539173,6.631511211395264,30244725,0.0,0.0
2025-02-05 00:00:00-03:00,MGLU3.SA,6.6040319325262224,6.6040319325262224,6.283448125276941,6.301766872406006,21965685,0.0,0.0
2025-02-06 00:00:00-03:00,MGLU3.SA,6.329246030809781,6.796382558657884,6.329246030809781,6.768904209136963,28730310,0.0,0.0
2025-02-07 00:00:00-03:00,MGLU3.SA,6.723106993473473,6.823862169732618,6.375043907450571,6.475799083709717,32135880,0.0,0.0
2025-02-10 00:00:00-03:00,MGLU3.SA,6.558234295593853,6.842180146469643,6.539916007290876,6.649829864501953,21918015,0.0,0.0
2025-02-11 00:00:00-03:00,MGLU3.SA,6.640669765477095,6.842180107651525,6.4849583539949975,6.658989429473877,27440070,0.0,0.0
2025-02-12 00:00:00-03:00,MGLU3.SA,6.512436924598007,6.594872434487236,6.375043796650279,6.494117259979248,25194330,0.0,0.0
2025-02-13 00:00:00-03:00,MGLU3.SA,6.457479169704391,6.558234342077359,6.3933628671932965,6.420841217041016,25699590,0.0,0.0
2025-02-14 00:00:00-03:00,MGLU3.SA,6.55823430069076,6.906297371092199,6.411681573763601,6.759744644165039,37153830,0.0,0.0
2025-02-17 00:00:00-03:00,MGLU3.SA,6.796382657128463,7.345955617299648,6.796382657128463,7.290998458862305,40265610,0.0,0.0
2025-02-18 00:00:00-03:00,MGLU3.SA,7.245200592042187,7.391753323255681,6.979573480093192,7.0345306396484375,41769420,0.0,0.0
2025-02-19 00:00:00-03:00,MGLU3.SA,6.878817837587712,7.089487775654011,6.823861598968506,6.823861598968506,19883955,0.0,0.0
2025-02-20 00:00:00-03:00,MGLU3.SA,6.942935343629383,6.988732898952021,6.704787047033319,6.750584602355957,22409205,0.0,0.0
2025-02-21 00:00:00-03:00,MGLU3.SA,6.750584501069833,6.842180068940053,6.558234221281689,6.668148994445801,28604835,0.0,0.0
2025-02-24 00:00:00-03:00,MGLU3.SA,6.823862023313343,6.833020709087238,6.201012689983561,6.292608261108398,32060490,0.0,0.0
2025-02-25 00:00:00-03:00,MGLU3.SA,6.320086004784314,6.842180151787225,6.292608113709248,6.759744644165039,38796345,0.0,0.0
2025-02-26 00:00:00-03:00,MGLU3.SA,6.915457032664093,6.915457032664093,6.558234356466722,6.741425037384033,24038070,0.0,0.0
2025-02-27 00:00:00-03:00,MGLU3.SA,6.741424766262075,6.87881788607429,6.62235130998385,6.695627212524414,22567020,0.0,0.0
2025-02-28 00:00:00-03:00,MGLU3.SA,6.613191868644636,6.878818053674346,6.411681526651039,6.549074649810791,31235505,0.0,0.0
2025-03-05 00:00:00-03:00,MGLU3.SA,6.521596269293146,6.704786946434344,6.439160762669113,6.668148994445801,11439960,0.0,0.0
2025-03-06 00:00:00-03:00,MGLU3.SA,6.484958516574303,6.604031978845765,6.301766916605514,6.512436866760254,36697080,0.0,0.0
2025-03-07 00:00:00-03:00,MGLU3.SA,6.47579877885351,7.208562411880814,6.365884004599792,7.199402809143066,42929040,0.0,0.0
2025-03-10 00:00:00-03:00,MGLU3.SA,7.0162119892575365,7.776454415227777,7.0162119892575365,7.556624412536621,41209455,0.0,0.0
2025-03-11 00:00:00-03:00,MGLU3.SA,7.5291463315555385,7.96880497679452,7.446710822834936,7.60242223739624,37232685,0.0,0.0
2025-03-12 00:00:00-03:00,MGLU3.SA,7.611582141525093,8.042080716385447,7.611582141525093,7.858889579772949,23080260,0.0,0.0
2025-03-13 00:00:00-03:00,MGLU3.SA,7.923007269743606,8.060399934521527,7.547465851833039,7.7489752769470215,25050270,0.0,0.0
2025-03-14 00:00:00-03:00,MGLU3.SA,7.8222518625168265,9.205343115851967,7.721496694401317,8.793163299560547,68990040,0.0,0.0
2025-03-17 00:00:00-03:00,MGLU3.SA,8.793163955142436,9.562566030517031,8.683249635002788,9.287778854370117,40030620,0.0,0.0
2025-03-18 00:00:00-03:00,MGLU3.SA,9.25114179995127,9.48013051285295,9.187024116516113,9.187024116516113,27941865,0.0,0.0
2025-03-19 00:00:00-03:00,MGLU3.SA,9.187023514674143,9.73659693995476,9.132067731383554,9.553406715393066,36316980,0.0,0.0
2025-03-20 00:00:00-03:00,MGLU3.SA,9.571725233704296,9.690799616284654,9.406854211083424,9.498449325561523,18864195,0.0,0.0
2025-03-21 00:00:00-03:00,MGLU3.SA,9.480129277545757,9.535085974473947,9.232822306971995,9.251140594482422,31040415,0.0,0.0
2025-03-24 00:00:00-03:00,MGLU3.SA,9.296938668803401,9.388533780283797,9.113747528644105,9.351896286010742,24540075,0.0,0.0
2025-03-25 00:00:00-03:00,MGLU3.SA,9.690799213237877,10.29532841116822,9.516768136088142,9.580883979797363,60765390,0.0,0.0
2025-03-26 00:00:00-03:00,MGLU3.SA,9.690799117214597,9.837351843151305,9.443491220221686,9.608363151550293,28995015,0.0,0.0
2025-03-27 00:00:00-03:00,MGLU3.SA,9.599204358787343,10.496839035454698,9.434331504225852,9.956425666809082,40345935,0.0,0.0
2025-03-28 00:00:00-03:00,MGLU3.SA,9.88315008402263,9.928947642081948,9.342736697646135,9.672480583190918,32397960,0.0,0.0
2025-03-31 00:00:00-03:00,MGLU3.SA,9.562566010046714,9.745757154686327,9.232823050333641,9.2969388961792,30495675,0.0,0.0
2025-04-01 00:00:00-03:00,MGLU3.SA,9.33357613501203,9.718277619909676,9.296938640849138,9.571724891662598,26700450,0.0,0.0
2025-04-02 00:00:00-03:00,MGLU3.SA,9.553406487956787,10.267850914894568,9.498448871577537,10.249530792236328,39647580,0.0,0.0
2025-04-03 00:00:00-03:00,MGLU3.SA,10.222052883937254,10.854062289388072,10.203733677686655,10.80826473236084,34625745,0.0,0.0
2025-04-04 00:00:00-03:00,MGLU3.SA,10.386925831077058,10.524318503360927,9.837352390345966,9.919788360595703,42220815,0.0,0.0
2025-04-07 00:00:00-03:00,MGLU3.SA,9.535086762583223,9.965585815828094,9.205343802164279,9.287778854370117,56328930,0.0,0.0
2025-04-08 00:00:00-03:00,MGLU3.SA,9.516768228861848,9.5442465788906,7.996283323430672,8.042080879211426,56292285,0.0,0.0
2025-04-09 00:00:00-03:00,MGLU3.SA,7.932166406869559,9.04047145421593,7.767294475522339,8.948875427246094,56130060,0.0,0.0
2025-04-10 00:00:00-03:00,MGLU3.SA,8.884759749943115,9.608363331914656,8.774844515528432,9.351896286010742,43742055,0.0,0.0
2025-04-11 00:00:00-03:00,MGLU3.SA,9.47097056142004,9.654161699581772,9.187023334210936,9.590044021606445,28795725,0.0,0.0
2025-04-14 00:00:00-03:00,MGLU3.SA,9.901468603423709,10.084659740144215,9.306098555580173,9.608363151550293,28517895,0.0,0.0
2025-04-15 00:00:00-03:00,MGLU3.SA,9.617523364463592,9.873990409596354,9.379374607813027,9.571724891662598,24270750,0.0,0.0
2025-04-16 00:00:00-03:00,MGLU3.SA,9.489288385664176,9.709117924146733,9.36105487038204,9.48012924194336,21185430,0.0,0.0
2025-04-17 00:00:00-03:00,MGLU3.SA,9.53508652903432,9.599204207843712,9.306098749851516,9.34273624420166,28199640,0.0,0.0
2025-04-22 00:00:00-03:00,MGLU3.SA,9.333576411328426,9.562566030517031,8.976355100174203,9.287778854370117,27106800,0.0,0.0
2025-04-23 00:00:00-03:00,MGLU3.SA,9.49844884311297,9.645001569153292,8.710727596696799,8.73820686340332,36383025,0.0,0.0
2025-04-24 00:00:00-03:00,MGLU3.SA,8.80232239275367,9.681638717651367,8.774844044225134,9.681638717651367,39585210,0.0,0.0
2025-04-25 00:00:00-03:00,MGLU3.SA,9.782394381192868,9.800714504072067,9.470970636216514,9.571724891662598,20091540,0.0,0.0
2025-04-28 00:00:00-03:00,MGLU3.SA,9.680394212355363,9.850225805791895,9.321860743457178,9.43508243560791,24289965,0.290643,0.0
2025-04-29 00:00:00-03:00,MGLU3.SA,9.519997206090332,10.020057313503996,9.36903589597044,9.416211128234863,35508375,0.0,0.0
2025-04-30 00:00:00-03:00,MGLU3.SA,9.472821522689308,9.510563029408818,8.746320901879235,8.793496131896973,27377700,0.0,0.0
2025-05-02 00:00:00-03:00,MGLU3.SA,8.87841101125339,8.94445746726516,8.642534860309285,8.80293083190918,15879465,0.0,0.0
2025-05-05 00:00:00-03:00,MGLU3.SA,8.802931074963995,8.906717151118714,8.331176870471303,8.359482765197754,20914215,0.0,0.0
2025-05-06 00:00:00-03:00,MGLU3.SA,8.491573345546675,8.557618855125602,8.151910184975328,8.246260643005371,18405240,0.0,0.0
2025-05-07 00:00:00-03:00,MGLU3.SA,8.331176681397052,8.340612294354912,7.991513510704569,8.057559967041016,15524355,0.0,0.0
2025-05-08 00:00:00-03:00,MGLU3.SA,8.331176493184747,8.831235624968615,8.236826034474792,8.510443687438965,24839115,0.0,0.0
2025-05-09 00:00:00-03:00,MGLU3.SA,8.350046900739857,8.387787462713,7.463149363108081,7.916033744812012,51607500,0.0,0.0
2025-05-12 00:00:00-03:00,MGLU3.SA,8.10473509906467,8.510443776378494,8.038689588319583,8.284001350402832,25225725,0.0,0.0
2025-05-13 00:00:00-03:00,MGLU3.SA,8.321742308699442,8.878411370134396,8.057560253131728,8.642535209655762,40216260,0.0,0.0
2025-05-14 00:00:00-03:00,MGLU3.SA,8.585924087931366,8.935021927951585,8.40665783382142,8.82180118560791,31186785,0.0,0.0
2025-05-15 00:00:00-03:00,MGLU3.SA,8.784060913012167,9.284120074250508,8.784060913012167,9.152029991149902,33717180,0.0,0.0
2025-05-16 00:00:00-03:00,MGLU3.SA,8.963327462141283,9.236944166416944,8.878410727807077,9.227509498596191,20626935,0.0,0.0
2025-05-19 00:00:00-03:00,MGLU3.SA,9.161464411937708,9.595478047495376,9.085983286733141,9.340730667114258,34666380,0.0,0.0
2025-05-20 00:00:00-03:00,MGLU3.SA,9.218074194503707,9.302990931679973,8.887846637882756,9.05767822265625,21422415,0.0,0.0
2025-05-21 00:00:00-03:00,MGLU3.SA,8.982196643059517,8.982196643059517,8.604793875309117,8.689709663391113,21280455,0.0,0.0
2025-05-22 00:00:00-03:00,MGLU3.SA,8.680274036625857,9.510562580759856,8.680274036625857,8.93502140045166,41244735,0.0,0.0
2025-05-23 00:00:00-03:00,MGLU3.SA,8.614229684840348,8.708580142739208,8.30287147315302,8.491573333740234,45123015,0.0,0.0
2025-05-26 00:00:00-03:00,MGLU3.SA,8.68027438940777,8.746320844748606,8.46326852170156,8.529313087463379,17258220,0.0,0.0
2025-05-27 00:00:00-03:00,MGLU3.SA,8.878411052334028,9.22750983588353,8.670839849584876,8.812366485595703,31090710,0.0,0.0
2025-05-28 00:00:00-03:00,MGLU3.SA,8.736885162403153,9.218074013274785,8.708580213760557,9.010502815246582,42432390,0.0,0.0
2025-05-29 00:00:00-03:00,MGLU3.SA,9.019937717751429,9.104854455466386,8.567054748535156,8.567054748535156,32360160,0.0,0.0
2025-05-30 00:00:00-03:00,MGLU3.SA,8.680274092092764,8.802930440968103,8.510443459913148,8.699145317077637,29169210,0.0,0.0
2025-06-02 00:00:00-03:00,MGLU3.SA,8.916152324819551,9.331295664186749,8.840671202322154,9.001068115234375,29642025,0.0,0.0
2025-06-03 00:00:00-03:00,MGLU3.SA,8.982197482313174,9.708700027509673,8.89728263108661,9.670958518981934,41178690,0.0,0.0
2025-06-04 00:00:00-03:00,MGLU3.SA,9.75587449676549,9.850224953942083,8.87841071003364,9.472821235656738,58939545,0.0,0.0
2025-06-05 00:00:00-03:00,MGLU3.SA,9.538866818308106,9.840790362141865,9.397341131450196,9.491691589355469,49583520,0.0,0.0
2025-06-06 00:00:00-03:00,MGLU3.SA,9.60491315944563,9.859659581746916,8.963327407836914,8.963327407836914,45597720,0.0,0.0
2025-06-09 00:00:00-03:00,MGLU3.SA,8.897281826128294,9.123723298491553,8.802930425319042,8.944457054138184,27079815,0.0,0.0
2025-06-10 00:00:00-03:00,MGLU3.SA,9.18033421429435,9.397341020751785,8.878410674017177,8.963327407836914,37953405,0.0,0.0
2025-06-11 00:00:00-03:00,MGLU3.SA,9.001068115234375,9.1992046446058,8.840671202322154,9.001068115234375,28747215,0.0,0.0
2025-06-12 00:00:00-03:00,MGLU3.SA,8.878411096007271,9.13315847520616,8.736885404089795,9.07654857635498,25304580,0.0,0.0
2025-06-13 00:00:00-03:00,MGLU3.SA,8.79349570395153,8.812365983998184,8.434962272644043,8.434962272644043,50894655,0.0,0.0
2025-06-16 00:00:00-03:00,MGLU3.SA,8.633099060243806,9.067112680235352,8.623663447536883,9.001068115234375,35399280,0.0,0.0
2025-06-17 00:00:00-03:00,MGLU3.SA,8.89728223707634,8.963327748298592,8.661405141342717,8.80293083190918,23528925,0.0,0.0
2025-06-18 00:00:00-03:00,MGLU3.SA,8.82180118560791,8.982197158528988,8.736885392652773,8.82180118560791,24045105,0.0,0.0
2025-06-20 00:00:00-03:00,MGLU3.SA,8.670840006801352,8.670840006801352,8.302871880248764,8.35004711151123,28290150,0.0,0.0
2025-06-23 00:00:00-03:00,MGLU3.SA,8.397222559237973,8.44439873650609,8.076429655678426,8.406658172607422,37725345,0.0,0.0
2025-06-24 00:00:00-03:00,MGLU3.SA,8.557619198971162,8.982197221955415,8.510443968060637,8.58592414855957,30730560,0.0,0.0
2025-06-25 00:00:00-03:00,MGLU3.SA,8.633099492724948,8.699145950613564,8.491573798136745,8.614230155944824,24805620,0.0,0.0
2025-06-26 00:00:00-03:00,MGLU3.SA,8.802931151378921,8.991633023771955,8.661405455676308,8.887846946716309,28136850,0.0,0.0
2025-06-27 00:00:00-03:00,MGLU3.SA,8.802930727016358,8.906716799068795,8.633099144528646,8.774625778198242,22057560,0.0,0.0
2025-06-30 00:00:00-03:00,MGLU3.SA,8.727449665793353,9.397341332494458,8.680274435831462,9.29355525970459,37561860,0.0,0.0
2025-07-01 00:00:00-03:00,MGLU3.SA,9.218074592001368,9.369035902221992,9.02937366281776,9.16146469116211,18460050,0.0,0.0
2025-07-02 00:00:00-03:00,MGLU3.SA,9.180334591743618,9.236944490231648,8.519879477453118,8.557619094848633,26958645,0.0,0.0
2025-07-03 00:00:00-03:00,MGLU3.SA,8.765191673472975,8.859542138789685,8.60479474868709,8.6708402633667,26035695,0.0,0.0
2025-07-04 00:00:00-03:00,MGLU3.SA,8.585923731261202,8.736885029711486,8.585923731261202,8.727449417114258,16310595,0.0,0.0
2025-07-07 00:00:00-03:00,MGLU3.SA,8.708580545924459,8.793496339880617,8.491573726878618,8.595359802246094,17286990,0.0,0.0
2025-07-08 00:00:00-03:00,MGLU3.SA,8.651969906829455,8.736885702798975,8.312307667740939,8.397222518920898,22664355,0.0,0.0
2025-07-09 00:00:00-03:00,MGLU3.SA,8.491573632094822,8.491573632094822,8.000949155245587,8.066994667053223,20102670,0.0,0.0
2025-07-10 00:00:00-03:00,MGLU3.SA,7.774507402601455,7.934903370097695,7.670721331967656,7.8688578605651855,27701730,0.0,0.0
2025-07-11 00:00:00-03:00,MGLU3.SA,7.774507757841235,7.774507757841235,7.472585144814188,7.585805416107178,25093320,0.0,0.0
2025-07-14 00:00:00-03:00,MGLU3.SA,7.557500143117218,7.557500143117218,7.368798754244233,7.500889301300049,19896135,0.0,0.0
2025-07-15 00:00:00-03:00,MGLU3.SA,7.736766759437096,7.774507794837225,7.482019376335239,7.595240592956543,24724665,0.0,0.0
2025-07-16 00:00:00-03:00,MGLU3.SA,7.604675470648368,7.708461542928184,7.425409219758372,7.651850700378418,21844725,0.0,0.0
2025-07-17 00:00:00-03:00,MGLU3.SA,7.680155970269591,7.765072710038298,7.566935697622002,7.736766815185547,22185345,0.0,0.0
2025-07-18 00:00:00-03:00,MGLU3.SA,7.595240462251815,7.680155782763043,7.387668314083946,7.434844017028809,24625335,0.0,0.0
2025-07-21 00:00:00-03:00,MGLU3.SA,7.491454342359204,7.529195376879078,7.161226785738253,7.170661926269531,21647010,0.0,0.0
2025-07-22 00:00:00-03:00,MGLU3.SA,7.227272894612501,7.283882321596203,7.000830462730012,7.0763115882873535,22623300,0.0,0.0
2025-07-23 00:00:00-03:00,MGLU3.SA,7.010265711252121,7.453714496353741,6.9725256202877235,7.359364032745361,20511330,0.0,0.0
2025-07-24 00:00:00-03:00,MGLU3.SA,7.2650126411916505,7.293317589541401,7.048005360273342,7.114051342010498,16325925,0.0,0.0
2025-07-25 00:00:00-03:00,MGLU3.SA,7.114051678671256,7.161226909749827,6.925350281962206,7.0763115882873535,16280145,0.0,0.0
2025-07-28 00:00:00-03:00,MGLU3.SA,7.057440641245858,7.123486624299962,6.76495317729956,6.774388790130615,16992360,0.0,0.0
2025-07-29 00:00:00-03:00,MGLU3.SA,6.840433599361353,6.840433599361353,6.557381738176025,6.585687160491943,22201725,0.0,0.0
2025-07-30 00:00:00-03:00,MGLU3.SA,6.547945983661265,7.057440739980902,6.529076647314187,6.925350189208984,29697360,0.0,0.0
2025-07-31 00:00:00-03:00,MGLU3.SA,6.680037898155725,6.746082936815731,6.576251825129807,6.661167144775391,21455490,0.0,0.0
2025-08-01 00:00:00-03:00,MGLU3.SA,6.85930425145557,6.981960607275288,6.774388930558149,6.812129020690918,26666745,0.0,0.0
2025-08-04 00:00:00-03:00,MGLU3.SA,6.897044198618258,6.963090181672362,6.727213087949113,6.774388790130615,15100470,0.0,0.0
2025-08-05 00:00:00-03:00,MGLU3.SA,6.774388853894331,6.887609123011355,6.698907257298704,6.793258190155029,15683955,0.0,0.0
2025-08-06 00:00:00-03:00,MGLU3.SA,6.849869064662584,7.019700650102463,6.802693361821083,6.925350189208984,14000910,0.0,0.0
2025-08-07 00:00:00-03:00,MGLU3.SA,6.953654471968146,7.057440542926827,6.8687391540139275,7.000830173492432,18451335,0.0,0.0
2025-08-08 00:00:00-03:00,MGLU3.SA,6.944219393961724,6.944219393961724,6.557381472360644,6.64229679107666,34780410,0.0,0.0
2025-08-11 00:00:00-03:00,MGLU3.SA,6.547945791879442,6.953654462459799,6.547945791879442,6.623426914215088,28940520,0.0,0.0
2025-08-12 00:00:00-03:00,MGLU3.SA,6.793258064277323,6.887608995385344,6.613991814806306,6.632862567901611,21292005,0.0,0.0
2025-08-13 00:00:00-03:00,MGLU3.SA,6.613992173559632,6.651732264613072,6.321504696415059,6.349809646606445,21171150,0.0,0.0
2025-08-14 00:00:00-03:00,MGLU3.SA,6.293198626202678,6.359244610398034,6.161108074996253,6.302634239196777,19710600,0.0,0.0
2025-08-15 00:00:00-03:00,MGLU3.SA,6.28376421157847,6.302634019725293,6.151672720182234,6.246023178100586,13254045,0.0,0.0
2025-08-18 00:00:00-03:00,MGLU3.SA,6.246023272198178,6.5951215778974515,6.246023272198178,6.519641399383545,17826795,0.0,0.0
2025-08-19 00:00:00-03:00,MGLU3.SA,6.359244774259185,6.547946173923972,6.340375437363824,6.472465991973877,17640105,0.0,0.0
2025-08-20 00:00:00-03:00,MGLU3.SA,6.538511809390667,6.538511809390667,6.255458536200094,6.302634239196777,20240430,0.0,0.0
2025-08-21 00:00:00-03:00,MGLU3.SA,6.264894149194194,6.48190143818941,6.246023395600758,6.302634239196777,15171030,0.0,0.0
2025-08-22 00:00:00-03:00,MGLU3.SA,6.378115197929731,6.651731906212745,6.3309399685560726,6.5102057456970215,24534090,0.0,0.0
2025-08-25 00:00:00-03:00,MGLU3.SA,6.566816897874467,6.830999423066804,6.538511947871742,6.717778205871582,16645755,0.0,0.0
2025-08-26 00:00:00-03:00,MGLU3.SA,6.670603023434454,6.830999473412895,6.585687228010881,6.604557037353516,16930935,0.0,0.0
2025-08-27 00:00:00-03:00,MGLU3.SA,6.5762517857578136,6.774388790130615,6.491335521831109,6.774388790130615,18623850,0.0,0.0
2025-08-28 00:00:00-03:00,MGLU3.SA,6.793258107015099,7.519760139399016,6.793258107015099,7.397103786468506,45803730,0.0,0.0
2025-08-29 00:00:00-03:00,MGLU3.SA,7.331059040964744,7.925469131335989,7.2461423014943405,7.727332592010498,30910530,0.0,0.0
2025-09-01 00:00:00-03:00,MGLU3.SA,7.774507663171871,8.368918213676217,7.736766628410907,7.8122477531433105,30854040,0.0,0.0
2025-09-02 00:00:00-03:00,MGLU3.SA,7.727332438121372,7.963209535894117,7.62354636393504,7.689590930938721,15819615,0.0,0.0
2025-09-03 00:00:00-03:00,MGLU3.SA,7.736766411393332,7.934903413468593,7.632980340192256,7.755636692047119,16418640,0.0,0.0
2025-09-04 00:00:00-03:00,MGLU3.SA,7.84998819909073,8.199086054834943,7.699026887569755,8.161346435546875,26548620,0.0,0.0
2025-09-05 00:00:00-03:00,MGLU3.SA,8.378351670317235,8.746320724487305,8.246260651030823,8.746320724487305,32295480,0.0,0.0
2025-09-08 00:00:00-03:00,MGLU3.SA,8.821801541124074,8.868976773602627,8.331177044810087,8.406658172607422,29259930,0.0,0.0
2025-09-09 00:00:00-03:00,MGLU3.SA,8.491574009663303,8.604794757112122,8.33117708472037,8.416093826293945,19192110,0.0,0.0
2025-09-10 00:00:00-03:00,MGLU3.SA,8.491573274025832,8.972762117589397,8.444398045408148,8.727449417114258,32090415,0.0,0.0
2025-09-11 00:00:00-03:00,MGLU3.SA,8.821801576554925,9.43508243560791,8.774626343886904,9.43508243560791,38184930,0.0,0.0
2025-09-12 00:00:00-03:00,MGLU3.SA,9.302990872570676,9.538867022380133,9.18976918691472,9.29355525970459,20654025,0.0,0.0
2025-09-15 00:00:00-03:00,MGLU3.SA,9.45395194290392,10.227627773795612,9.416210437156936,9.982316017150879,28773570,0.0,0.0
2025-09-16 00:00:00-03:00,MGLU3.SA,10.227628356041908,10.482375739823214,9.76530976475659,10.133277893066406,36285480,0.0,0.0
2025-09-17 00:00:00-03:00,MGLU3.SA,10.171018568364227,11.444753611741652,10.13327800484191,10.671077728271484,52012695,0.0,0.0
2025-09-18 00:00:00-03:00,MGLU3.SA,10.661641834392375,10.803168471481447,10.510680529065812,10.595597267150879,20073480,0.0,0.0
2025-09-19 00:00:00-03:00,MGLU3.SA,10.661641392354579,10.699382898108347,10.293674229716089,10.482375144958496,17667300,0.0,0.0
2025-09-22 00:00:00-03:00,MGLU3.SA,10.30310887598188,10.510680071271654,10.142712909403896,10.227627754211426,15566775,0.0,0.0
2025-09-23 00:00:00-03:00,MGLU3.SA,10.388025243267728,10.765428038739296,10.142713473450685,10.378589630126953,26995920,0.0,0.0
2025-09-24 00:00:00-03:00,MGLU3.SA,10.42576537526562,10.680512747692548,10.265368461608887,10.265368461608887,21153720,0.0,0.0
2025-09-25 00:00:00-03:00,MGLU3.SA,10.265368966025726,10.973000275942084,10.180453171044181,10.3974609375,37707600,0.0,0.0
2025-09-26 00:00:00-03:00,MGLU3.SA,10.529550656989302,10.784298033166046,10.397460579640398,10.557855606079102,24341625,0.0,0.0
2025-09-29 00:00:00-03:00,MGLU3.SA,10.925824532028772,11.322097593505395,10.02005672454834,10.02005672454834,42088620,0.0,0.0
2025-09-30 00:00:00-03:00,MGLU3.SA,10.255933039417712,10.33141416366794,9.019937660531136,9.05767822265625,53095350,0.0,0.0
2025-10-01 00:00:00-03:00,MGLU3.SA,9.114289065843922,9.123723733980441,8.633099260722513,9.05767822265625,46123455,0.0,0.0
2025-10-02 00:00:00-03:00,MGLU3.SA,9.104854751688817,9.189769602587392,8.585924364267155,8.642535209655762,22836450,0.0,0.0
2025-10-03 00:00:00-03:00,MGLU3.SA,8.585924324094242,8.80293114655087,8.368918446427164,8.633099555969238,34357575,0.0,0.0
2025-10-06 00:00:00-03:00,MGLU3.SA,8.633098871163599,8.699145324297035,8.3500465575767,8.453832626342773,21915600,0.0,0.0
2025-10-07 00:00:00-03:00,MGLU3.SA,8.312307005323913,8.472702026367188,8.180215042839338,8.472702026367188,21778680,0.0,0.0
2025-10-08 00:00:00-03:00,MGLU3.SA,8.58592410788417,8.661405232815047,8.293436165961314,8.576488494873047,28115955,0.0,0.0
2025-10-09 00:00:00-03:00,MGLU3.SA,8.60479396511674,8.661404806025406,8.35948221075815,8.463268280029297,19640250,0.0,0.0
2025-10-10 00:00:00-03:00,MGLU3.SA,8.538748842070119,8.633099303056044,8.208521283829853,8.312307357788086,20879565,0.0,0.0
2025-10-13 00:00:00-03:00,MGLU3.SA,8.491573826418946,8.548183726526958,8.114171028137207,8.114171028137207,19664505,0.0,0.0
2025-10-14 00:00:00-03:00,MGLU3.SA,8.048124256373375,8.30287163129993,7.9820787456282885,8.284001350402832,14808465,0.0,0.0
2025-10-15 00:00:00-03:00,MGLU3.SA,8.246261248432866,8.604794715891082,8.227390966483533,8.406658172607422,23188515,0.0,0.0
2025-10-16 00:00:00-03:00,MGLU3.SA,8.35948280249764,8.35948280249764,7.651851020206387,7.736766815185547,40883535,0.0,0.0
2025-10-17 00:00:00-03:00,MGLU3.SA,7.632980509817315,7.972644151949453,7.519760240562789,7.925468921661377,28614600,0.0,0.0
2025-10-20 00:00:00-03:00,MGLU3.SA,8.029253828061425,8.07642905704329,7.8688578605651855,7.8688578605651855,12841500,0.0,0.0
2025-10-21 00:00:00-03:00,MGLU3.SA,7.840552508033975,8.038689510752114,7.802812418998699,7.887727737426758,13804140,0.0,0.0
2025-10-22 00:00:00-03:00,MGLU3.SA,7.963209263318409,7.963209263318409,7.812247491307998,7.8688578605651855,13535340,0.0,0.0
2025-10-23 00:00:00-03:00,MGLU3.SA,8.000949111319624,8.048124341667577,7.095180815001887,7.425409317016602,50576925,0.0,0.0
2025-10-24 00:00:00-03:00,MGLU3.SA,7.585805089907022,7.755636670530435,7.5008892995953165,7.623546123504639,23449125,0.0,0.0
2025-10-27 00:00:00-03:00,MGLU3.SA,7.7839417652280005,8.08586484333712,7.7839417652280005,8.038689613342285,22558830,0.0,0.0
2025-10-28 00:00:00-03:00,MGLU3.SA,8.029254492119065,8.227391037103432,7.87829318001818,8.170781135559082,11424210,0.0,0.0
2025-10-29 00:00:00-03:00,MGLU3.SA,8.180215335779877,8.32174197111537,8.029254032323792,8.048124313354492,13356210,0.0,0.0
2025-10-30 00:00:00-03:00,MGLU3.SA,7.859422817763313,8.151910280346781,7.783941694624609,8.019819259643555,15100050,0.0,0.0
2025-10-31 00:00:00-03:00,MGLU3.SA,8.095299322701166,8.114170548006587,7.812247476935955,7.991513252258301,14380065,0.0,0.0
2025-11-03 00:00:00-03:00,MGLU3.SA,8.010384492300274,8.114170562934072,7.821682631583321,7.8688578605651855,11489310,0.0,0.0
2025-11-04 00:00:00-03:00,MGLU3.SA,7.783941737740443,7.925468844409443,7.736766507912199,7.906598091125488,7011585,0.0,0.0
2025-11-05 00:00:00-03:00,MGLU3.SA,7.906597954828773,8.246260643005371,7.793376743840075,8.246260643005371,15467235,0.0,0.0
2025-11-06 00:00:00-03:00,MGLU3.SA,8.151910356314202,8.161345969189222,7.519760195689337,7.538629531860352,21751275,0.0,0.0
2025-11-07 00:00:00-03:00,MGLU3.SA,7.576370625182425,7.972644166465978,7.519760254254706,7.6801557540893555,27718425,0.0,0.0
2025-11-10 00:00:00-03:00,MGLU3.SA,7.8311171067333225,8.01038477836644,7.623546375237217,7.944338321685791,16046625,0.0,0.0
2025-11-11 00:00:00-03:00,MGLU3.SA,8.0292541182823,8.699145795280485,8.0292541182823,8.576488494873047,29114505,0.0,0.0
2025-11-12 00:00:00-03:00,MGLU3.SA,8.538749092219245,8.661405450925878,8.340612551470524,8.633099555969238,15031275,0.0,0.0
2025-11-13 00:00:00-03:00,MGLU3.SA,8.63309923327892,8.80293081751254,8.434962699936202,8.54818344116211,15416205,0.0,0.0
2025-11-14 00:00:00-03:00,MGLU3.SA,8.491573540022996,9.180334544827085,8.463268590923635,9.048243522644043,25073685,0.0,0.0
2025-11-17 00:00:00-03:00,MGLU3.SA,9.133158647557783,9.180334823876729,8.585924261195547,8.614230155944824,17720430,0.0,0.0
2025-11-18 00:00:00-03:00,MGLU3.SA,8.397221725082565,9.001067853108248,8.368917722154546,8.93502140045166,18369015,0.0,0.0
2025-11-19 00:00:00-03:00,MGLU3.SA,8.906716905198296,9.029373259520845,8.80293083190918,8.80293083190918,16938915,0.0,0.0
2025-11-21 00:00:00-03:00,MGLU3.SA,8.755755715947782,9.09541888940176,8.68027459082933,9.085983276367188,25141725,0.0,0.0
2025-11-24 00:00:00-03:00,MGLU3.SA,9.010503106318104,9.604913660540712,8.991632825016962,9.340730667114258,27962445,0.0,0.0
2025-11-25 00:00:00-03:00,MGLU3.SA,9.397341833031193,9.680394172668457,9.199205289764066,9.680394172668457,19989270,0.0,0.0
2025-11-26 00:00:00-03:00,MGLU3.SA,9.62378278838432,9.765309422679461,9.406776920100254,9.538866996765137,18614715,0.0,0.0
2025-11-27 00:00:00-03:00,MGLU3.SA,9.595477880488676,9.680393672471112,9.491691807533531,9.54830265045166,9577260,0.0,0.0
2025-11-28 00:00:00-03:00,MGLU3.SA,9.623782451765093,9.840790202037715,9.463385542188306,9.699263572692871,15099000,0.0,0.0
2025-12-01 00:00:00-03:00,MGLU3.SA,9.737004353130809,9.803049863039947,9.576607439930406,9.755874633789062,10236765,0.0,0.0
2025-12-02 00:00:00-03:00,MGLU3.SA,9.8219191458309,9.991751670837402,9.718133075166117,9.991751670837402,17682945,0.0,0.0
2025-12-03 00:00:00-03:00,MGLU3.SA,10.010621403926566,10.60503101348877,10.010621403926566,10.60503101348877,23710785,0.0,0.0
2025-12-04 00:00:00-03:00,MGLU3.SA,10.680512659257444,11.274922245209039,10.54842164015709,10.991869926452637,57664110,0.0,0.0
2025-12-05 00:00:00-03:00,MGLU3.SA,10.963564764490684,11.142831969332084,9.699264386036285,9.916271209716797,41284425,0.0,0.0
2025-12-08 00:00:00-03:00,MGLU3.SA,10.161582123957938,10.35971864905989,9.869094197767339,9.944576263427734,26651520,0.0,0.0
2025-12-09 00:00:00-03:00,MGLU3.SA,9.765309098025035,9.812484326291873,9.34073015404454,9.453951835632324,28289415,0.0,0.0
2025-12-10 00:00:00-03:00,MGLU3.SA,9.548303142165743,9.586043706054708,9.331296316988537,9.425646781921387,18250260,0.0,0.0
2025-12-11 00:00:00-03:00,MGLU3.SA,9.350166086803346,9.670958027920365,9.019937588046604,9.03880786895752,25851525,0.0,0.0
2025-12-12 00:00:00-03:00,MGLU3.SA,9.133158415442237,9.435081968094138,9.057678235871402,9.31242561340332,19101705,0.0,0.0
2025-12-15 00:00:00-03:00,MGLU3.SA,9.48225708265006,9.586043154983601,9.274684937982975,9.284119606018066,18610200,0.0,0.0
2025-12-16 00:00:00-03:00,MGLU3.SA,9.161463933977684,9.265249058535124,8.859541338489992,8.963327407836914,15605520,0.0,0.0
2025-12-17 00:00:00-03:00,MGLU3.SA,8.868976839484423,8.868976839484423,8.567055160420995,8.680274963378906,15643110,0.0,0.0
2025-12-18 00:00:00-03:00,MGLU3.SA,8.642534931497964,8.850107079785973,8.623663705519574,8.82180118560791,15603315,0.0,0.0
2025-12-19 00:00:00-03:00,MGLU3.SA,8.7934958709264,8.91615222116397,8.708580081498772,8.727449417114258,14208075,0.0,0.0
2025-12-22 00:00:00-03:00,MGLU3.SA,8.746320661513916,8.774625609788782,8.453832731778846,8.482137680053711,15214500,0.0,0.0
2025-12-23 00:00:00-03:00,MGLU3.SA,8.595359496318396,8.850106869119854,8.585923883553804,8.765191078186035,14595210,0.0,0.0
2025-12-26 00:00:00-03:00,MGLU3.SA,8.69914541369103,8.746320642308715,8.623663347281658,8.727449417114258,7410690,0.0,0.0
2025-12-29 00:00:00-03:00,MGLU3.SA,8.765191286830836,8.916152591552244,8.651969599697637,8.82180118560791,9609180,0.0,0.0
2025-12-30 00:00:00-03:00,MGLU3.SA,9.124196425797942,9.153916670664056,8.787363834683498,8.856711387634277,12866200,0.0,1.05
2026-01-02 00:00:00-03:00,MGLU3.SA,8.955779567747983,9.03503417893951,8.648667240788697,8.747735977172852,11298000,0.0,0.0
2026-01-05 00:00:00-03:00,MGLU3.SA,8.777456480005867,8.955779832860344,8.609040190040977,8.866618156433105,12352300,0.0,0.0
2026-01-06 00:00:00-03:00,MGLU3.SA,8.916152325245688,9.302519266130554,8.916152325245688,9.064754486083984,14943300,0.0,0.0
2026-01-07 00:00:00-03:00,MGLU3.SA,9.054848985644934,9.203451156616211,8.688296145098166,9.203451156616211,23440400,0.0,0.0
2026-01-08 00:00:00-03:00,MGLU3.SA,9.134102821350098,9.361959589984128,9.134102821350098,9.134102821350098,12980200,0.0,0.0
2026-01-09 00:00:00-03:00,MGLU3.SA,9.163823605694338,9.223265039384616,8.747736404231,8.797270774841309,22469000,0.0,0.0
2026-01-12 00:00:00-03:00,MGLU3.SA,8.84680546555658,8.866618647643884,8.500065803527832,8.500065803527832,13347200,0.0,0.0
2026-01-13 00:00:00-03:00,MGLU3.SA,8.470345383014937,8.470345383014937,7.975003558801077,8.123605728149414,28401800,0.0,0.0
2026-01-14 00:00:00-03:00,MGLU3.SA,8.222674262344055,8.361369364940693,8.103792340922855,8.321742057800293,20752400,0.0,0.0
2026-01-15 00:00:00-03:00,MGLU3.SA,8.321741542094722,9.015220791260507,8.321741542094722,8.658574104309082,28392200,0.0,0.0
2026-01-16 00:00:00-03:00,MGLU3.SA,8.698202086435199,8.698202086435199,8.252394637814596,8.381183624267578,17107700,0.0,0.0
2026-01-19 00:00:00-03:00,MGLU3.SA,8.351463480634969,8.420811033875403,8.22267449262448,8.28211498260498,9710200,0.0,0.0
2026-01-20 00:00:00-03:00,MGLU3.SA,8.192954018186137,8.747736318151743,8.103792340922855,8.321742057800293,22970000,0.0,0.0
2026-01-21 00:00:00-03:00,MGLU3.SA,8.579320278517514,8.747736575006712,8.430718108575071,8.727923393249512,16727100,0.0,0.0
2026-01-22 00:00:00-03:00,MGLU3.SA,8.76755007142552,9.193543368879311,8.747735946302814,8.876524925231934,24288200,0.0,0.0
2026-01-23 00:00:00-03:00,MGLU3.SA,8.935966610579204,9.332239676436359,8.718015951963013,9.282705307006836,23389800,0.0,0.0
2026-01-26 00:00:00-03:00,MGLU3.SA,9.322332517011924,9.490748804453778,9.15391622957007,9.381773948669434,18407500,0.0,0.0
2026-01-27 00:00:00-03:00,MGLU3.SA,9.609630457147528,9.80776698254232,9.520468784522501,9.550189971923828,16735000,0.0,0.0
2026-01-28 00:00:00-03:00,MGLU3.SA,9.649258083320694,9.986090660095215,9.589817596119019,9.986090660095215,20719000,0.0,0.0
2026-01-29 00:00:00-03:00,MGLU3.SA,10.233761745636464,10.342736603995696,9.391680288530267,9.62944507598877,28116600,0.0,0.0
2026-01-30 00:00:00-03:00,MGLU3.SA,9.49074886268703,9.906836052474103,9.49074886268703,9.698792457580566,19854300,0.0,0.0
2026-02-02 00:00:00-03:00,MGLU3.SA,9.688885164731719,9.787953900820037,9.54028300538873,9.738419532775879,14726400,0.0,0.0
2026-02-03 00:00:00-03:00,MGLU3.SA,9.976183367238434,10.174320839446809,9.877115575923735,10.025717735290527,22715700,0.0,0.0
2026-02-04 00:00:00-03:00,MGLU3.SA,9.906835914298293,10.075252200424524,9.570003342045831,9.639350891113281,21355600,0.0,0.0
2026-02-05 00:00:00-03:00,MGLU3.SA,9.688885727198231,9.847394958309847,9.560096740722656,9.560096740722656,13183300,0.0,0.0
2026-02-06 00:00:00-03:00,MGLU3.SA,9.56009665377282,10.104972839355469,9.153916516546158,10.104972839355469,35563900,0.0,0.0
2026-02-09 00:00:00-03:00,MGLU3.SA,10.164414339077368,10.867799758911133,9.95637073758317,10.867799758911133,23799100,0.0,0.0
2026-02-10 00:00:00-03:00,MGLU3.SA,10.75882346819229,10.927239754402871,10.461619146446083,10.501246452331543,15416300,0.0,0.0
2026-02-11 00:00:00-03:00,MGLU3.SA,10.719196609412268,11.056029195882962,10.620128812961175,10.996588706970215,16601200,0.0,0.0
2026-02-12 00:00:00-03:00,MGLU3.SA,10.907426532151145,11.016401386722132,10.045531923845644,10.055438041687012,26023100,0.0,0.0
2026-02-13 00:00:00-03:00,MGLU3.SA,9.797861503036426,10.263482131844452,9.678979580056321,10.134693145751953,19363800,0.0,0.0
2026-02-18 00:00:00-03:00,MGLU3.SA,10.134692621535827,10.322923031776945,10.045531892504734,10.184226989746094,10535300,0.0,0.0
2026-02-19 00:00:00-03:00,MGLU3.SA,10.194134694756853,10.729103826603382,10.154507386649316,10.481432914733887,15969100,0.0,0.0
2026-02-20 00:00:00-03:00,MGLU3.SA,10.372457278334275,10.768730329789761,10.28329560555942,10.699382781982422,15490100,0.0,0.0
2026-02-23 00:00:00-03:00,MGLU3.SA,10.600314376426406,10.768730664730626,10.223854493439886,10.273388862609863,17659300,0.0,0.0
2026-02-24 00:00:00-03:00,MGLU3.SA,10.352643922479826,10.441805601878633,10.00590521289392,10.035625457763672,19247800,0.0,0.0
2026-02-25 00:00:00-03:00,MGLU3.SA,10.154507276967328,10.174321403201853,9.32233287090807,9.40158748626709,25004500,0.0,0.0
2026-02-26 00:00:00-03:00,MGLU3.SA,9.42140180546874,9.599724221284127,9.381774496977592,9.49074935913086,12048700,0.0,0.0
2026-02-27 00:00:00-03:00,MGLU3.SA,9.391679802261192,9.560096084962412,9.26289176940918,9.26289176940918,11244700,0.0,0.0
2026-03-02 00:00:00-03:00,MGLU3.SA,8.965686466621586,9.262891725557282,8.807177247133072,9.104381561279297,17947600,0.0,0.0
2026-03-03 00:00:00-03:00,MGLU3.SA,8.757643719417198,9.084569252151091,8.470345495354398,8.916152954101562,23872900,0.0,0.0
2026-03-04 00:00:00-03:00,MGLU3.SA,9.163823414536418,9.461028687209016,9.035034431551976,9.441214561462402,17524500,0.0,0.0
2026-03-05 00:00:00-03:00,MGLU3.SA,9.371867496632623,9.500656486291655,9.04494196318645,9.074662208557129,20521200,0.0,0.0
2026-03-06 00:00:00-03:00,MGLU3.SA,9.064754875316916,9.39168039903067,9.015221449436892,9.243078231811523,18677300,0.0,0.0
2026-03-09 00:00:00-03:00,MGLU3.SA,9.134103464118251,9.43130874633789,9.064754966566955,9.43130874633789,16425800,0.0,0.0
2026-03-10 00:00:00-03:00,MGLU3.SA,9.55019041756653,10.253575824132389,9.510563110638433,10.0455322265625,21417000,0.0,0.0
2026-03-11 00:00:00-03:00,MGLU3.SA,9.90683627758116,10.21394861789357,9.867208970262416,9.946463584899902,13112300,0.0,0.0
2026-03-12 00:00:00-03:00,MGLU3.SA,9.817674484362673,9.896929098067334,9.243078062609122,9.31242561340332,14948600,0.0,0.0
2026-03-13 00:00:00-03:00,MGLU3.SA,9.411494225879903,10.233761540557827,9.06475458701063,9.252985000610352,37702000,0.0,0.0
2026-03-16 00:00:00-03:00,MGLU3.SA,9.58981802260913,9.92665061436368,9.480842216577038,9.748327255249023,22733300,0.0,0.0
2026-03-17 00:00:00-03:00,MGLU3.SA,9.787954434484694,9.837488805229597,8.955780029296875,8.955780029296875,22442400,0.0,0.0
2026-03-18 00:00:00-03:00,MGLU3.SA,8.995407248937,9.124196233698045,8.767550468444824,8.767550468444824,23534100,0.0,0.0
2026-03-19 00:00:00-03:00,MGLU3.SA,8.628853934458961,8.817083397094507,8.361368916999025,8.688295364379883,23104500,0.0,0.0
2026-03-20 00:00:00-03:00,MGLU3.SA,8.688295698940884,8.698201816984595,8.192953894753773,8.262301445007324,28291600,0.0,0.0
2026-03-23 00:00:00-03:00,MGLU3.SA,8.509972307360751,8.797270514656061,8.50006524457379,8.678388595581055,20111900,0.0,0.0
2026-03-24 00:00:00-03:00,MGLU3.SA,8.599134142134012,8.727923126381356,8.430717850794371,8.609040260314941,19212700,0.0,0.0
2026-03-25 00:00:00-03:00,MGLU3.SA,8.817083661599568,9.084568687083829,8.737829049187084,8.807177543640137,17871200,0.0,0.0
2026-03-26 00:00:00-03:00,MGLU3.SA,8.648667337991213,8.817083624863415,8.361369132995605,8.361369132995605,15274300,0.0,0.0
2026-03-27 00:00:00-03:00,MGLU3.SA,8.331648761126296,8.371276066556085,8.00472325513317,8.014630317687988,22237700,0.0,0.0
2026-03-30 00:00:00-03:00,MGLU3.SA,8.232581258083144,8.242487376195186,7.846214308027925,7.925468921661377,17213200,0.0,0.0
2026-03-31 00:00:00-03:00,MGLU3.SA,8.17313945436348,8.757642911963062,8.17313945436348,8.688295364379883,27630300,0.0,0.0
2026-04-01 00:00:00-03:00,MGLU3.SA,8.727923454407165,8.935967060658106,8.63876177390111,8.757643699645996,19365500,0.0,0.0
2026-04-02 00:00:00-03:00,MGLU3.SA,8.509972595973107,8.797270813012021,8.371276546620356,8.668481826782227,14359700,0.0,0.0
2026-04-06 00:00:00-03:00,MGLU3.SA,8.718016027304696,8.916152561945582,8.579319980661314,8.737829208374023,13342900,0.0,0.0
2026-04-07 00:00:00-03:00,MGLU3.SA,8.658574825194803,8.856711365114338,8.500065593259176,8.698202133178711,12038500,0.0,0.0
2026-04-08 00:00:00-03:00,MGLU3.SA,9.252985106021297,9.431308458875774,8.866618156433105,8.866618156433105,18316300,0.0,0.0
2026-04-09 00:00:00-03:00,MGLU3.SA,8.94587305010038,9.163823716548555,8.866618434080962,9.144009590148926,14711600,0.0,0.0
2026-04-10 00:00:00-03:00,MGLU3.SA,9.262891960254375,9.38177387788291,8.945872568455448,9.064754486083984,13301800,0.0,0.0
2026-04-13 00:00:00-03:00,MGLU3.SA,8.86661808814299,9.282705278405746,8.836897844492654,9.12419605255127,14389900,0.0,0.0
2026-04-14 00:00:00-03:00,MGLU3.SA,9.21335749577338,9.3817737801908,9.074661454256242,9.163823127746582,13395600,0.0,0.0
2026-04-15 00:00:00-03:00,MGLU3.SA,9.144009620917062,9.332240043188708,9.094476194330415,9.302519798278809,12868500,0.0,0.0
2026-04-16 00:00:00-03:00,MGLU3.SA,9.352052592501028,9.352052592501028,9.094475579382756,9.163823127746582,12966700,0.0,0.0
2026-04-17 00:00:00-03:00,MGLU3.SA,9.2926128371148,9.669072741003538,9.124196539459588,9.203451156616211,18950900,0.0,0.0
2026-04-20 00:00:00-03:00,MGLU3.SA,9.18363715928972,9.322332254604035,9.035034056723626,9.26289176940918,14635000,0.0,0.0
2026-04-22 00:00:00-03:00,MGLU3.SA,9.193543673473298,9.233170980242125,8.866618156433105,8.866618156433105,12795800,0.0,0.0
2026-04-23 00:00:00-03:00,MGLU3.SA,8.896338713675389,8.935966966629591,8.54960000343208,8.569413185119629,12084000,0.0,0.0
2026-04-24 00:00:00-03:00,MGLU3.SA,8.62885415489012,8.678388523624706,8.450530805361414,8.648667335510254,9917800,0.0,0.0
2026-04-27 00:00:00-03:00,MGLU3.SA,8.6899995803833,8.770000457763672,8.470000267028809,8.529999732971191,8331300,0.081332,0.0
2026-04-28 00:00:00-03:00,MGLU3.SA,8.5,8.609999656677246,8.399999618530273,8.539999961853027,10183500,0.0,0.0
2026-04-29 00:00:00-03:00,MGLU3.SA,8.529999732971191,8.579999923706055,8.079999923706055,8.079999923706055,14208700,0.0,0.0
2026-04-30 00:00:00-03:00,MGLU3.SA,8.289999961853027,8.350000381469727,8.079999923706055,8.229999542236328,17525600,0.0,0.0
2026-05-04 00:00:00-03:00,MGLU3.SA,8.25,8.34000015258789,7.989999771118164,8.0,14398300,0.0,0.0
2026-05-05 00:00:00-03:00,MGLU3.SA,8.050000190734863,8.170000076293945,8.0,8.0,15252400,0.0,0.0
2026-05-06 00:00:00-03:00,MGLU3.SA,8.220000267028809,8.319999694824219,8.020000457763672,8.029999732971191,11485200,0.0,0.0
2026-05-07 00:00:00-03:00,MGLU3.SA,8.050000190734863,8.170000076293945,7.900000095367432,7.940000057220459,15526800,0.0,0.0
2026-05-08 00:00:00-03:00,MGLU3.SA,7.599999904632568,7.849999904632568,7.150000095367432,7.150000095367432,35215100,0.0,0.0
2026-05-11 00:00:00-03:00,MGLU3.SA,7.119999885559082,7.210000038146973,6.900000095367432,6.929999828338623,18515700,0.0,0.0
2026-05-12 00:00:00-03:00,MGLU3.SA,6.929999828338623,7.199999809265137,6.800000190734863,7.159999847412109,17784300,0.0,0.0
2026-05-13 00:00:00-03:00,MGLU3.SA,7.119999885559082,7.400000095367432,6.960000038146973,6.960000038146973,22615000,0.0,0.0
2026-05-14 00:00:00-03:00,MGLU3.SA,7.090000152587891,7.130000114440918,6.829999923706055,6.909999847412109,20866400,0.0,0.0
2026-05-15 00:00:00-03:00,MGLU3.SA,6.820000171661377,6.840000152587891,6.599999904632568,6.789999961853027,17594900,0.0,0.0
2026-05-18 00:00:00-03:00,MGLU3.SA,6.829999923706055,6.989999771118164,6.610000133514404,6.610000133514404,18028200,0.0,0.0
2026-05-19 00:00:00-03:00,MGLU3.SA,6.510000228881836,6.670000076293945,6.340000152587891,6.489999771118164,18272100,0.0,0.0
2026-05-20 00:00:00-03:00,MGLU3.SA,6.53000020980835,6.800000190734863,6.489999771118164,6.730000019073486,21093700,0.0,0.0
2026-05-21 00:00:00-03:00,MGLU3.SA,6.659999847412109,6.789999961853027,6.46999979019165,6.769999980926514,17378400,0.0,0.0
2026-05-22 00:00:00-03:00,MGLU3.SA,6.699999809265137,6.880000114440918,6.610000133514404,6.630000114440918,13376800,0.0,0.0
2026-05-25 00:00:00-03:00,MGLU3.SA,6.739999771118164,6.829999923706055,6.670000076293945,6.769999980926514,10045800,0.0,0.0
2026-05-26 00:00:00-03:00,MGLU3.SA,6.769999980926514,6.78000020980835,6.550000190734863,6.650000095367432,10894700,0.0,0.0
2026-05-27 00:00:00-03:00,MGLU3.SA,6.739999771118164,6.829999923706055,6.590000152587891,6.599999904632568,13503200,0.0,0.0
2026-05-28 00:00:00-03:00,MGLU3.SA,6.650000095367432,6.710000038146973,6.349999904632568,6.349999904632568,17829300,0.0,0.0
2026-05-29 00:00:00-03:00,MGLU3.SA,6.380000114440918,6.429999828338623,5.980000019073486,5.980000019073486,19948000,0.0,0.0
2026-06-01 00:00:00-03:00,MGLU3.SA,5.980000019073486,6.070000171661377,5.760000228881836,5.820000171661377,19869200,0.0,0.0
2026-06-02 00:00:00-03:00,MGLU3.SA,5.849999904632568,5.929999828338623,5.679999828338623,5.679999828338623,18461700,0.0,0.0
2026-06-03 00:00:00-03:00,MGLU3.SA,5.550000190734863,5.550000190734863,5.320000171661377,5.340000152587891,23074300,0.0,0.0
2026-06-05 00:00:00-03:00,MGLU3.SA,5.440000057220459,5.670000076293945,5.289999961853027,5.440000057220459,27759100,0.0,0.0
2026-06-08 00:00:00-03:00,MGLU3.SA,5.449999809265137,5.539999961853027,5.340000152587891,5.340000152587891,17634500,0.0,0.0
2026-06-09 00:00:00-03:00,MGLU3.SA,5.46999979019165,5.659999847412109,5.460000038146973,5.489999771118164,24632800,0.0,0.0
2026-06-10 00:00:00-03:00,MGLU3.SA,5.460000038146973,5.46999979019165,5.119999885559082,5.119999885559082,23198500,0.0,0.0
2026-06-11 00:00:00-03:00,MGLU3.SA,5.159999847412109,5.380000114440918,5.099999904632568,5.329999923706055,28878200,0.0,0.0
2026-06-12 00:00:00-03:00,MGLU3.SA,5.230000019073486,5.440000057220459,5.190000057220459,5.21999979019165,16254200,0.0,0.0
2026-06-15 00:00:00-03:00,MGLU3.SA,5.400000095367432,5.46999979019165,5.260000228881836,5.349999904632568,18145200,0.0,0.0
2026-06-16 00:00:00-03:00,MGLU3.SA,5.289999961853027,5.300000190734863,4.989999771118164,5.0,25995600,0.0,0.0
2026-06-17 00:00:00-03:00,MGLU3.SA,5.03000020980835,5.119999885559082,4.739999771118164,4.739999771118164,28655600,0.0,0.0
2026-06-18 00:00:00-03:00,MGLU3.SA,4.78000020980835,4.800000190734863,4.46999979019165,4.5,30716200,0.0,0.0
2026-06-19 00:00:00-03:00,MGLU3.SA,4.480000019073486,4.650000095367432,4.46999979019165,4.619999885559082,21086800,0.0,0.0
2026-06-22 00:00:00-03:00,MGLU3.SA,4.630000114440918,4.840000152587891,4.559999942779541,4.659999847412109,21375500,0.0,0.0
2026-06-23 00:00:00-03:00,MGLU3.SA,4.610000133514404,4.639999866485596,4.420000076293945,4.420000076293945,24418400,0.0,0.0
2026-06-24 00:00:00-03:00,MGLU3.SA,4.380000114440918,4.480000019073486,4.300000190734863,4.360000133514404,21608000,0.0,0.0
2026-06-25 00:00:00-03:00,MGLU3.SA,4.409999847412109,4.510000228881836,4.03000020980835,4.420000076293945,52346600,0.0,0.0
2026-06-26 00:00:00-03:00,MGLU3.SA,4.389999866485596,4.570000171661377,4.329999923706055,4.440000057220459,25874600,0.0,0.0
2026-06-29 00:00:00-03:00,MGLU3.SA,4.409999847412109,4.710000038146973,4.409999847412109,4.639999866485596,18574500,0.0,0.0
2026-06-30 00:00:00-03:00,MGLU3.SA,4.590000152587891,4.739999771118164,4.460000038146973,4.679999828338623,18658400,0.0,0.0
2026-07-01 00:00:00-03:00,MGLU3.SA,4.590000152587891,4.690000057220459,4.429999828338623,4.429999828338623,22221800,0.0,0.0
2026-07-02 00:00:00-03:00,MGLU3.SA,4.489999771118164,4.590000152587891,4.269999980926514,4.269999980926514,27151900,0.0,0.0
2026-07-03 00:00:00-03:00,MGLU3.SA,4.329999923706055,4.449999809265137,4.239999771118164,4.449999809265137,17028600,0.0,0.0
2026-07-06 00:00:00-03:00,MGLU3.SA,4.369999885559082,4.460000038146973,4.329999923706055,4.349999904632568,12493700,0.0,0.0
2026-07-07 00:00:00-03:00,MGLU3.SA,4.369999885559082,4.46999979019165,4.329999923706055,4.420000076293945,18384300,0.0,0.0
2026-07-08 00:00:00-03:00,MGLU3.SA,4.380000114440918,4.510000228881836,4.289999961853027,4.510000228881836,17353000,0.0,0.0
2026-07-09 00:00:00-03:00,MGLU3.SA,4.510000228881836,4.869999885559082,4.510000228881836,4.860000133514404,27558600,0.0,0.0
2026-07-10 00:00:00-03:00,MGLU3.SA,5.119999885559082,5.300000190734863,5.079999923706055,5.21999979019165,33644300,0.0,0.0
2026-07-13 00:00:00-03:00,MGLU3.SA,5.199999809265137,5.269999980926514,5.039999961853027,5.059999942779541,23814700,0.0,0.0
2026-07-14 00:00:00-03:00,MGLU3.SA,5.110000133514404,5.190000057220459,4.889999866485596,5.050000190734863,19650300,0.0,0.0
2026-07-15 00:00:00-03:00,MGLU3.SA,5.050000190734863,5.130000114440918,4.78000020980835,5.03000020980835,22240600,0.0,0.0
2026-07-16 00:00:00-03:00,MGLU3.SA,4.989999771118164,5.059999942779541,4.889999866485596,4.920000076293945,14067000,0.0,0.0
2026-07-17 00:00:00-03:00,MGLU3.SA,4.920000076293945,5.03000020980835,4.900000095367432,4.920000076293945,17597900,0.0,0.0
2026-07-20 00:00:00-03:00,MGLU3.SA,4.920000076293945,4.980000019073486,4.820000171661377,4.860000133514404,12211600,0.0,0.0
2026-07-21 00:00:00-03:00,MGLU3.SA,4.869999885559082,4.960000038146973,4.78000020980835,4.820000171661377,14370100,0.0,0.0
2026-07-22 00:00:00-03:00,MGLU3.SA,4.820000171661377,4.980000019073486,4.739999771118164,4.909999847412109,19305400,0.0,0.0
2026-07-23 00:00:00-03:00,MGLU3.SA,4.880000114440918,4.889999866485596,4.679999828338623,4.710000038146973,16771800,0.0,0.0
2026-07-24 00:00:00-03:00,MGLU3.SA,4.679999828338623,4.739999771118164,4.559999942779541,4.650000095367432,15888900,0.0,0.0
2026-07-27 00:00:00-03:00,MGLU3.SA,4.730000019073486,4.860000133514404,4.71999979019165,4.829999923706055,14777800,0.0,0.0
2026-07-28 00:00:00-03:00,MGLU3.SA,4.989999771118164,5.039999961853027,4.829999923706055,4.829999923706055,15982700,0.0,0.0
2026-07-29 00:00:00-03:00,MGLU3.SA,4.800000190734863,4.869999885559082,4.710000038146973,4.760000228881836,14347200,0.0,0.0
2026-07-30 00:00:00-03:00,MGLU3.SA,4.809999942779541,5.019999980926514,4.789999961853027,5.019999980926514,16683500,0.0,0.0
2026-07-31 00:00:00-03:00,MGLU3.SA,4.949999809265137,5.110000133514404,4.880000114440918,5.03000020980835,11796200,0.0,0.0
2026-08-03 00:00:00-03:00,MGLU3.SA,5.090000152587891,5.199999809265137,5.019999980926514,5.159999847412109,17342500,0.0,0.0
2026-08-04 00:00:00-03:00,MGLU3.SA,5.269999980926514,5.269999980926514,4.920000076293945,4.920000076293945,21388800,0.0,0.0
2026-08-05 00:00:00-03:00,MGLU3.SA,4.940000057220459,5.019999980926514,4.78000020980835,4.789999961853027,19168400,0.0,0.0
2026-08-06 00:00:00-03:00,MGLU3.SA,4.789999961853027,4.840000152587891,4.570000171661377,4.570000171661377,17887800,0.0,0.0
2026-08-07 00:00:00-03:00,MGLU3.SA,4.489999771118164,4.510000228881836,4.159999847412109,4.400000095367432,32564400,0.0,0.0
2026-08-10 00:00:00-03:00,MGLU3.SA,4.400000095367432,4.650000095367432,4.320000171661377,4.320000171661377,24329500,0.0,0.0
2026-08-11 00:00:00-03:00,MGLU3.SA,4.320000171661377,4.460000038146973,4.230000019073486,4.260000228881836,20936000,0.0,0.0
2026-08-12 00:00:00-03:00,MGLU3.SA,4.289999961853027,4.320000171661377,4.199999809265137,4.239999771118164,16877300,0.0,0.0
2026-08-13 00:00:00-03:00,MGLU3.SA,4.25,4.260000228881836,3.9800000190734863,3.9800000190734863,23618300,0.0,0.0
2026-08-14 00:00:00-03:00,MGLU3.SA,3.9700000286102295,4.010000228881836,3.759999990463257,3.9100000858306885,26559900,0.0,0.0
2026-08-17 00:00:00-03:00,MGLU3.SA,3.9100000858306885,4.25,3.9000000953674316,4.230000019073486,29857700,0.0,0.0
2026-08-18 00:00:00-03:00,MGLU3.SA,4.170000076293945,4.300000190734863,4.050000190734863,4.28000020980835,30713600,0.0,0.0
2026-08-19 00:00:00-03:00,MGLU3.SA,4.349999904632568,4.429999828338623,4.050000190734863,4.050000190734863,26075900,0.0,0.0
2026-08-20 00:00:00-03:00,MGLU3.SA,4.03000020980835,4.050000190734863,3.759999990463257,3.880000114440918,37102900,0.0,0.0
2026-08-21 00:00:00-03:00,MGLU3.SA,3.950000047683716,4.210000038146973,3.950000047683716,4.159999847412109,34903700,0.0,0.0
2026-08-24 00:00:00-03:00,MGLU3.SA,4.119999885559082,4.309999942779541,4.039999961853027,4.159999847412109,19693300,0.0,0.0
2026-08-25 00:00:00-03:00,MGLU3.SA,4.159999847412109,4.590000152587891,4.079999923706055,4.539999961853027,30162500,0.0,0.0
2026-08-26 00:00:00-03:00,MGLU3.SA,4.510000228881836,4.75,4.5,4.710000038146973,19080700,0.0,0.0
2026-08-27 00:00:00-03:00,MGLU3.SA,4.650000095367432,4.860000133514404,4.650000095367432,4.840000152587891,17263100,0.0,0.0
2026-08-28 00:00:00-03:00,MGLU3.SA,4.849999904632568,4.900000095367432,4.5,4.619999885559082,23096000,0.0,0.0
2026-08-31 00:00:00-03:00,MGLU3.SA,4.679999828338623,4.900000095367432,4.650000095367432,4.809999942779541,25643500,0.0,0.0
2026-09-01 00:00:00-03:00,MGLU3.SA,4.849999904632568,4.989999771118164,4.599999904632568,4.619999885559082,28276800,0.0,0.0
2026-09-02 00:00:00-03:00,MGLU3.SA,4.75,5.75,4.670000076293945,5.400000095367432,65931300,0.0,0.0
2026-09-03 00:00:00-03:00,MGLU3.SA,5.710000038146973,5.880000114440918,5.5,5.559999942779541,41714000,0.0,0.0
2026-09-04 00:00:00-03:00,MGLU3.SA,5.519999980926514,5.869999885559082,5.480000019073486,5.789999961853027,31939100,0.0,0.0
2023-09-04 00:00:00-03:00,LREN3.SA,13.005509722559092,13.270292305741508,12.693999984202575,12.803028106689453,11496210,0.0,0.0
2023-09-05 00:00:00-03:00,LREN3.SA,12.725150050813975,12.725150050813975,12.405853835584768,12.514881134033203,23056110,0.0,0.0
2023-09-06 00:00:00-03:00,LREN3.SA,12.514880097524033,12.56939455919863,12.055404914817492,12.125494003295898,29698900,0.0,0.0
2023-09-08 00:00:00-03:00,LREN3.SA,12.032040884639624,12.211158889678247,11.876286452851815,12.086554527282715,12604790,0.0,0.0
2023-09-11 00:00:00-03:00,LREN3.SA,12.327977191202098,12.405854420167376,11.993104698168693,12.265674591064453,15368320,0.0,0.0
2023-09-12 00:00:00-03:00,LREN3.SA,12.203371539304452,12.53824399752657,12.125494318434814,12.468154907226562,12585540,0.0,0.0
2023-09-13 00:00:00-03:00,LREN3.SA,12.452578229992517,13.013295835448577,12.35912556807161,12.655059814453125,18904930,0.0,0.0
2023-09-14 00:00:00-03:00,LREN3.SA,12.787452546703037,12.865329776357038,12.343551929192515,12.507095336914062,12615460,0.0,0.0
2023-09-15 00:00:00-03:00,LREN3.SA,12.53824421705031,12.546032347756302,11.993103661418338,12.133282661437988,22325380,0.0,0.0
2023-09-18 00:00:00-03:00,LREN3.SA,12.16443326803893,12.195584156209287,11.884075274505722,12.01646614074707,11722590,0.0,0.0
2023-09-19 00:00:00-03:00,LREN3.SA,12.08655620172986,12.08655620172986,11.214331262881842,11.370085716247559,39089270,0.0,0.0
2023-09-20 00:00:00-03:00,LREN3.SA,11.331146586039754,11.627080861569372,11.198755710427927,11.4168119430542,40099180,0.0,0.0
2023-09-21 00:00:00-03:00,LREN3.SA,11.136452734840596,11.167602804908274,10.801579473788065,10.863882064819336,36202540,0.0,0.0
2023-09-22 00:00:00-03:00,LREN3.SA,10.949548344619492,11.011849307022937,10.739278613801673,10.817155838012695,25067790,0.0,0.0
2023-09-25 00:00:00-03:00,LREN3.SA,10.708128295074475,10.848307295433846,10.560161163990239,10.747066497802734,24432540,0.0,0.0
2023-09-26 00:00:00-03:00,LREN3.SA,10.536798594804637,10.731491245869947,10.147411658743275,10.248652458190918,50792940,0.0,0.0
2023-09-27 00:00:00-03:00,LREN3.SA,10.501067626001635,10.556335936530946,9.979961679439157,10.185245513916016,61932090,0.163355,0.0
2023-09-28 00:00:00-03:00,LREN3.SA,10.18524159717881,10.690555456957119,10.066809075430644,10.595809936523438,43243090,0.0,0.0
2023-09-29 00:00:00-03:00,LREN3.SA,10.730035571254009,10.966901488386295,10.445796470695266,10.580020904541016,28172210,0.0,0.0
2023-10-02 00:00:00-03:00,LREN3.SA,10.445795436563396,10.477377555721077,10.051018947092388,10.14576530456543,20966880,0.0,0.0
2023-10-03 00:00:00-03:00,LREN3.SA,10.129973285492676,10.216823690812562,9.869420412983525,9.893107414245605,19506960,0.0,0.0
2023-10-04 00:00:00-03:00,LREN3.SA,10.153662667127852,10.390528593904568,9.940482090616394,10.208930969238281,22887370,0.0,0.0
2023-10-05 00:00:00-03:00,LREN3.SA,10.1773463603424,10.445795195256101,9.972063418834523,10.051018714904785,23580810,0.0,0.0
2023-10-06 00:00:00-03:00,LREN3.SA,9.814152589849812,10.043122528790457,9.545703761414565,9.94048023223877,25932720,0.0,0.0
2023-10-09 00:00:00-03:00,LREN3.SA,9.790465589202007,10.137868883589016,9.59307693961745,10.011540412902832,22278740,0.0,0.0
2023-10-10 00:00:00-03:00,LREN3.SA,10.161555881300478,10.343152643690845,10.082599758883184,10.26419734954834,24556840,0.0,0.0
2023-10-11 00:00:00-03:00,LREN3.SA,10.34315299987793,10.430004240562974,10.208929409350807,10.34315299987793,23634270,0.0,0.0
2023-10-13 00:00:00-03:00,LREN3.SA,10.27998975518608,10.311572705255637,9.908899409961363,10.019436836242676,26549160,0.0,0.0
2023-10-16 00:00:00-03:00,LREN3.SA,10.177347422803576,10.430005224879363,9.932586393571409,10.232617378234863,17888310,0.0,0.0
2023-10-17 00:00:00-03:00,LREN3.SA,10.106287481788735,10.30367614535517,9.964167942199847,10.11418342590332,21128910,0.0,0.0
2023-10-18 00:00:00-03:00,LREN3.SA,10.03522704425461,10.043122159243191,9.648344874670444,9.664135932922363,38767850,0.0,0.0
2023-10-19 00:00:00-03:00,LREN3.SA,9.67203412607464,9.932587061977989,9.664138180974565,9.743093490600586,12522730,0.0,0.0
2023-10-20 00:00:00-03:00,LREN3.SA,9.656241891406745,9.806257375614404,9.514122351340209,9.648345947265625,18476920,0.0,0.0
2023-10-23 00:00:00-03:00,LREN3.SA,9.648346880184759,9.987855945583835,9.600974523856896,9.790467262268066,17156370,0.0,0.0
2023-10-24 00:00:00-03:00,LREN3.SA,9.948377031363878,9.995750211936928,9.632555827543547,9.774675369262695,17467340,0.0,0.0
2023-10-25 00:00:00-03:00,LREN3.SA,9.750988006591797,9.956272609807806,9.593077410483197,9.750988006591797,29509590,0.0,0.0
2023-10-26 00:00:00-03:00,LREN3.SA,9.829942822154047,10.027331471738606,9.750987527975182,10.011540412902832,14195170,0.0,0.0
2023-10-27 00:00:00-03:00,LREN3.SA,10.011540918518943,10.04312303778549,9.608868483733037,9.640451431274414,15477220,0.0,0.0
2023-10-30 00:00:00-03:00,LREN3.SA,9.711510791120894,9.727301850763329,9.324629415743813,9.427270889282227,17060120,0.0,0.0
2023-10-31 00:00:00-03:00,LREN3.SA,9.450958929216137,9.77467610152027,9.253570247903875,9.679929733276367,15500320,0.0,0.0
2023-11-01 00:00:00-03:00,LREN3.SA,9.766779551242978,10.019436517564253,9.616764891627154,9.687824249267578,25283720,0.0,0.0
2023-11-03 00:00:00-03:00,LREN3.SA,10.027332835971375,10.469483371803015,10.011541774987206,10.453691482543945,21514350,0.0,0.0
2023-11-06 00:00:00-03:00,LREN3.SA,10.580021390494752,10.62739457609712,9.88521384005175,9.956274032592773,16106860,0.0,0.0
2023-11-07 00:00:00-03:00,LREN3.SA,9.916795876373982,10.595812358964263,9.86942269118919,10.406319618225098,28188930,0.0,0.0
2023-11-08 00:00:00-03:00,LREN3.SA,10.366840341001714,10.840572965887723,10.232616746099305,10.619497299194336,24160070,0.0,0.0
2023-11-09 00:00:00-03:00,LREN3.SA,10.730034113844265,11.109020358054924,10.461586110889696,10.69845199584961,33677050,0.0,0.0
2023-11-10 00:00:00-03:00,LREN3.SA,10.856364696443263,10.856364696443263,10.03522870331547,10.232617378234863,48597890,0.0,0.0
2023-11-13 00:00:00-03:00,LREN3.SA,10.224720461637649,10.67476606757367,10.161556224192228,10.540541648864746,24752090,0.0,0.0
2023-11-14 00:00:00-03:00,LREN3.SA,10.580019576800545,11.1721847094549,10.461586218959752,11.077438354492188,26414410,0.0,0.0
2023-11-16 00:00:00-03:00,LREN3.SA,11.053751575265744,11.511693128459235,11.01427434070327,11.369573593139648,35159850,0.0,0.0
2023-11-17 00:00:00-03:00,LREN3.SA,11.47221482345731,11.69329047978485,11.25903593911529,11.330095291137695,20705850,0.0,0.0
2023-11-20 00:00:00-03:00,LREN3.SA,11.409050695482632,11.614335294617815,11.227453099430283,11.566961288452148,17615400,0.0,0.0
2023-11-21 00:00:00-03:00,LREN3.SA,11.44852889053942,11.543275247419144,11.251140232902582,11.369573593139648,24874190,0.0,0.0
2023-11-22 00:00:00-03:00,LREN3.SA,11.519589494685322,12.064382348301374,11.456426078182995,11.827515602111816,31469900,0.0,0.0
2023-11-23 00:00:00-03:00,LREN3.SA,11.88278305573394,11.969634294199754,11.653812286548899,11.866991996765137,8865450,0.0,0.0
2023-11-24 00:00:00-03:00,LREN3.SA,11.788038053697129,12.01700802086417,11.43273877201824,11.495903015136719,28303770,0.0,0.0
2023-11-27 00:00:00-03:00,LREN3.SA,11.61433587601777,12.024903438291037,11.566961867480616,11.740663528442383,20105470,0.0,0.0
2023-11-28 00:00:00-03:00,LREN3.SA,11.811724965513497,12.261769780033081,11.630127353847781,12.19860553741455,31248910,0.0,0.0
2023-11-29 00:00:00-03:00,LREN3.SA,12.324933860063421,12.83024776038695,12.324933860063421,12.70391845703125,53541400,0.0,0.0
2023-11-30 00:00:00-03:00,LREN3.SA,12.830249056481469,13.035532849225396,12.522322953228128,12.924995422363281,30841690,0.0,0.0
2023-12-01 00:00:00-03:00,LREN3.SA,12.956577068491933,13.22502509529828,12.774979459750204,12.932890892028809,32649100,0.0,0.0
2023-12-04 00:00:00-03:00,LREN3.SA,12.869726334442186,12.98026376164483,12.577592119544079,12.672338485717773,22209330,0.0,0.0
2023-12-05 00:00:00-03:00,LREN3.SA,12.75918947366811,13.122383041605515,12.632860159754166,12.830248832702637,17967290,0.0,0.0
2023-12-06 00:00:00-03:00,LREN3.SA,12.909203887290813,13.153965737634035,12.830248585288947,12.932890892028809,21495430,0.0,0.0
2023-12-07 00:00:00-03:00,LREN3.SA,12.948681448915131,13.34345879710059,12.88551720572944,13.122383117675781,21197660,0.0,0.0
2023-12-08 00:00:00-03:00,LREN3.SA,13.193444761763045,13.248713063044198,12.822353572968497,12.988160133361816,20110530,0.0,0.0
2023-12-11 00:00:00-03:00,LREN3.SA,13.003949412193112,13.003949412193112,12.68023310897136,12.846038818359375,13460370,0.0,0.0
2023-12-12 00:00:00-03:00,LREN3.SA,12.917099358257385,13.114488020165814,12.719710696348956,12.78287410736084,15500210,0.0,0.0
2023-12-13 00:00:00-03:00,LREN3.SA,12.782873849148759,13.280293465896161,12.593381963391138,13.209233283996582,26896210,0.0,0.0
2023-12-14 00:00:00-03:00,LREN3.SA,13.351353273660663,13.809293986406539,13.311875211872758,13.777711868286133,29982590,0.0,0.0
2023-12-15 00:00:00-03:00,LREN3.SA,14.077742514458581,14.180385650621965,13.406622854069834,13.659279823303223,36693800,0.0,0.0
2023-12-18 00:00:00-03:00,LREN3.SA,13.801400196771882,13.88825061580842,13.572428575991806,13.659279823303223,11660110,0.0,0.0
2023-12-19 00:00:00-03:00,LREN3.SA,13.793504008035837,13.82508612863063,13.619802344764482,13.690861701965332,12266760,0.0,0.0
2023-12-20 00:00:00-03:00,LREN3.SA,13.690860759085757,13.722443705780318,13.453994870937596,13.50926399230957,13762320,0.0,0.0
2023-12-21 00:00:00-03:00,LREN3.SA,13.677982662879083,13.877369557879794,13.350986214019155,13.67000675201416,20193250,0.155949,0.0
2023-12-22 00:00:00-03:00,LREN3.SA,13.909271350237361,14.124610900878906,13.646080518334166,14.124610900878906,16530030,0.0,0.0
2023-12-26 00:00:00-03:00,LREN3.SA,14.100683303216325,14.156510492461463,13.82154066368496,14.020928382873535,11219890,0.0,0.0
2023-12-27 00:00:00-03:00,LREN3.SA,14.012950722677306,14.092706469724014,13.941171721663615,13.996999740600586,11278520,0.0,0.0
2023-12-28 00:00:00-03:00,LREN3.SA,13.925222889359857,14.084731898088927,13.797614176382782,13.893320083618164,12856580,0.0,0.0
2024-01-02 00:00:00-03:00,LREN3.SA,13.757736814836424,13.861418630272516,13.590251062720649,13.725834846496582,18524550,0.0,0.0
2024-01-03 00:00:00-03:00,LREN3.SA,13.725834831081153,13.74178581523316,13.462643174241444,13.47061824798584,16300460,0.0,0.0
2024-01-04 00:00:00-03:00,LREN3.SA,13.406814192111117,13.454666304491981,12.840553040095514,12.944234848022461,16984550,0.0,0.0
2024-01-05 00:00:00-03:00,LREN3.SA,12.864480090435535,13.446691395930065,12.864480090435535,13.27122974395752,14102330,0.0,0.0
2024-01-08 00:00:00-03:00,LREN3.SA,13.191476599941371,13.86939389576135,13.119697584186007,13.78166389465332,17168250,0.0,0.0
2024-01-09 00:00:00-03:00,LREN3.SA,13.598227344130871,13.677982267156388,13.39883961823546,13.406815528869629,15296490,0.0,0.0
2024-01-10 00:00:00-03:00,LREN3.SA,13.398838638313382,13.550372562647837,13.047917002665708,13.15159797668457,14417040,0.0,0.0
2024-01-11 00:00:00-03:00,LREN3.SA,13.071844614791603,13.239330379155367,12.936260821100625,13.119697570800781,13872760,0.0,0.0
2024-01-12 00:00:00-03:00,LREN3.SA,13.079818897105017,13.725835019105592,13.079818897105017,13.526447296142578,19522360,0.0,0.0
2024-01-15 00:00:00-03:00,LREN3.SA,13.478593737431549,13.77368735335894,13.40681472932092,13.558348655700684,8052880,0.0,0.0
2024-01-16 00:00:00-03:00,LREN3.SA,13.4785927069083,13.63012662170234,13.199450095976944,13.327058792114258,13048750,0.0,0.0
2024-01-17 00:00:00-03:00,LREN3.SA,13.263255989642326,13.430740911670613,13.111721215746975,13.382888793945312,16060660,0.0,0.0
2024-01-18 00:00:00-03:00,LREN3.SA,13.43073976852727,13.438715678578122,13.023990109176324,13.15159797668457,15585240,0.0,0.0
2024-01-19 00:00:00-03:00,LREN3.SA,13.223377489150442,13.398838302577746,12.824602076516145,13.335034370422363,29904490,0.0,0.0
2024-01-22 00:00:00-03:00,LREN3.SA,13.055891904178507,13.15957371349562,12.473679761341932,12.609264373779297,28521350,0.0,0.0
2024-01-23 00:00:00-03:00,LREN3.SA,12.689018249511719,12.976135924083867,12.56938546677511,12.689018249511719,27798210,0.0,0.0
2024-01-24 00:00:00-03:00,LREN3.SA,12.800675540642885,12.816625686420918,12.473679145604505,12.601287841796875,32434160,0.0,0.0
2024-01-25 00:00:00-03:00,LREN3.SA,12.60128948153121,13.071843943107455,12.473680768733843,12.88043212890625,15888730,0.0,0.0
2024-01-26 00:00:00-03:00,LREN3.SA,12.944234203471263,12.944234203471263,12.521532756299056,12.585336685180664,13492490,0.0,0.0
2024-01-29 00:00:00-03:00,LREN3.SA,12.585338525650974,12.665093448416282,12.481656707724456,12.529510498046875,7247790,0.0,0.0
2024-01-30 00:00:00-03:00,LREN3.SA,12.521533881967745,12.529509792126525,12.25834223333899,12.425827980041504,8513340,0.0,0.0
2024-01-31 00:00:00-03:00,LREN3.SA,12.481656770178764,13.039942068992644,12.481656770178764,12.800677299499512,15699860,0.0,0.0
2024-02-01 00:00:00-03:00,LREN3.SA,12.888407707214355,13.111720648028529,12.553435367671858,12.888407707214355,14740770,0.0,0.0
2024-02-02 00:00:00-03:00,LREN3.SA,12.816626007145,13.063867496164589,12.553434371948242,12.553434371948242,9870630,0.0,0.0
2024-02-05 00:00:00-03:00,LREN3.SA,12.481655804893952,12.601288598720181,11.92337138591895,11.979199409484863,16348750,0.0,0.0
2024-02-06 00:00:00-03:00,LREN3.SA,11.979200365801352,12.481656801322247,11.979200365801352,12.449755668640137,7969940,0.0,0.0
2024-02-07 00:00:00-03:00,LREN3.SA,12.417852956951647,12.449755763202557,11.979200456789657,12.370000839233398,13108810,0.0,0.0
2024-02-08 00:00:00-03:00,LREN3.SA,12.282269497976037,12.31417062958475,11.66018028001029,11.931347846984863,31011310,0.0,0.0
2024-02-09 00:00:00-03:00,LREN3.SA,11.987175160861176,12.24239089187187,11.771836469489322,11.827665328979492,11436040,0.0,0.0
2024-02-14 00:00:00-03:00,LREN3.SA,11.652203891066714,11.835639769593906,11.564473069889663,11.644227981567383,11350020,0.0,0.0
2024-02-15 00:00:00-03:00,LREN3.SA,11.787788040998457,11.82766591929074,11.428890483020743,11.540547370910645,11710820,0.0,0.0
2024-02-16 00:00:00-03:00,LREN3.SA,11.668155040572321,11.716007151601413,11.420913555834481,11.484718322753906,11604560,0.0,0.0
2024-02-19 00:00:00-03:00,LREN3.SA,11.412937708833553,11.700055375513935,11.341157873831921,11.636251449584961,6280560,0.0,0.0
2024-02-20 00:00:00-03:00,LREN3.SA,11.540545999595965,11.82766451385897,11.468766998527542,11.763859748840332,10520840,0.0,0.0
2024-02-21 00:00:00-03:00,LREN3.SA,11.795763119526391,11.795763119526391,11.564474269990615,11.75588607788086,9612790,0.0,0.0
2024-02-22 00:00:00-03:00,LREN3.SA,11.827666009289345,12.090857665364098,11.763861236203553,12.066930770874023,14130600,0.0,0.0
2024-02-23 00:00:00-03:00,LREN3.SA,12.36202414053017,12.545460872298312,11.947297725662613,12.170612335205078,18609580,0.0,0.0
2024-02-26 00:00:00-03:00,LREN3.SA,12.162637549286595,12.306196416550845,12.09883360828026,12.186564445495605,8022300,0.0,0.0
2024-02-27 00:00:00-03:00,LREN3.SA,12.282269791195871,12.93626015638332,12.234416000982337,12.88043212890625,16637500,0.0,0.0
2024-02-28 00:00:00-03:00,LREN3.SA,12.776751652472992,13.023992356768936,12.521535873413086,12.521535873413086,12300090,0.0,0.0
2024-02-29 00:00:00-03:00,LREN3.SA,12.473679145604505,12.77674864864959,12.393924233398726,12.601287841796875,10586620,0.0,0.0
2024-03-01 00:00:00-03:00,LREN3.SA,12.728896745383958,13.350985111614373,12.641165916430124,13.26325511932373,23217810,0.0,0.0
2024-03-04 00:00:00-03:00,LREN3.SA,13.255277082964417,13.255277082964417,12.832575663072644,12.896380424499512,10842370,0.0,0.0
2024-03-05 00:00:00-03:00,LREN3.SA,12.888408183816434,13.239329847114815,12.792701438980906,13.031966209411621,10381800,0.0,0.0
2024-03-06 00:00:00-03:00,LREN3.SA,13.135647976789897,13.159574872070829,12.760799419585705,12.800677299499512,14104860,0.0,0.0
2024-03-07 00:00:00-03:00,LREN3.SA,12.880432366685968,13.199452062910584,12.792701531892574,12.952211380004883,14973640,0.0,0.0
2024-03-08 00:00:00-03:00,LREN3.SA,12.840553040095514,13.087793695154515,12.441778464728701,12.944234848022461,25774320,0.0,0.0
2024-03-11 00:00:00-03:00,LREN3.SA,12.840554773124682,12.992088713884316,12.62521689169504,12.712946891784668,8353840,0.0,0.0
2024-03-12 00:00:00-03:00,LREN3.SA,12.82460322546377,13.295157685597957,12.77675027206012,13.191475868225098,14270080,0.0,0.0
2024-03-13 00:00:00-03:00,LREN3.SA,13.191475890135536,13.670006261630094,13.05589294026494,13.486570358276367,22523270,0.0,0.0
2024-03-14 00:00:00-03:00,LREN3.SA,13.526445704051609,13.638102581502945,13.127671141725408,13.167548179626465,10764160,0.0,0.0
2024-03-15 00:00:00-03:00,LREN3.SA,12.800676879744904,12.912332931850415,12.202513720631941,12.282269477844238,38314870,0.0,0.0
2024-03-18 00:00:00-03:00,LREN3.SA,12.330122958917197,12.657117728859118,12.170613110978882,12.370000839233398,32495100,0.0,0.0
2024-03-19 00:00:00-03:00,LREN3.SA,12.417852862631547,12.593313694030975,12.202514151218807,12.449755668640137,18306090,0.0,0.0
2024-03-20 00:00:00-03:00,LREN3.SA,12.482200656862771,13.166708208632244,12.482200656862771,13.037858963012695,17453370,0.136627,0.0
2024-03-21 00:00:00-03:00,LREN3.SA,13.045910493640879,13.045910493640879,12.707683491176374,12.788213729858398,10865030,0.0,0.0
2024-03-22 00:00:00-03:00,LREN3.SA,12.683525790367996,12.788215537853961,12.401670337530552,12.594942092895508,19455480,0.0,0.0
2024-03-25 00:00:00-03:00,LREN3.SA,12.643260623317788,12.780161621005279,12.562730376208465,12.635207176208496,8188180,0.0,0.0
2024-03-26 00:00:00-03:00,LREN3.SA,12.627154108336633,12.747949896945274,12.393615977931717,12.482199668884277,18933970,0.0,0.0
2024-03-27 00:00:00-03:00,LREN3.SA,12.482200136815186,13.15865421295166,12.482200136815186,13.15865421295166,13751540,0.0,0.0
2024-03-28 00:00:00-03:00,LREN3.SA,13.110336702549684,13.738472620477651,13.094230653372044,13.67404842376709,16170660,0.0,0.0
2024-04-01 00:00:00-03:00,LREN3.SA,13.617678442252776,13.722367345414861,13.44856449394904,13.56130599975586,16142500,0.0,0.0
2024-04-02 00:00:00-03:00,LREN3.SA,13.561305876574398,14.189442669028361,13.561305876574398,14.076701164245605,20889000,0.0,0.0
2024-04-03 00:00:00-03:00,LREN3.SA,14.068645598736683,14.084751646251725,13.569357280973767,13.714312553405762,19367370,0.0,0.0
2024-04-04 00:00:00-03:00,LREN3.SA,13.827054763628098,14.326343952273689,13.819003006644829,14.012274742126465,19316770,0.0,0.0
2024-04-05 00:00:00-03:00,LREN3.SA,13.931746022141025,14.036435770292274,13.553254266817486,13.641837120056152,8221620,0.0,0.0
2024-04-08 00:00:00-03:00,LREN3.SA,13.714313037063237,13.947850311869106,13.561304313079312,13.810949325561523,9320630,0.0,0.0
2024-04-09 00:00:00-03:00,LREN3.SA,13.80289680326069,14.1491772826289,13.80289680326069,13.923691749572754,5863440,0.0,0.0
2024-04-10 00:00:00-03:00,LREN3.SA,13.843161667853444,13.907586710059354,13.18281364440918,13.18281364440918,12842720,0.0,0.0
2024-04-11 00:00:00-03:00,LREN3.SA,13.255290659780227,13.488827941906235,13.142547474868351,13.440509796142578,9555590,0.0,0.0
2024-04-12 00:00:00-03:00,LREN3.SA,13.3197146587628,13.392192303340407,12.892904772772242,12.933170318603516,16863880,0.0,0.0
2024-04-15 00:00:00-03:00,LREN3.SA,12.949274608594793,13.190866176925807,12.715736486779917,12.77210807800293,18510470,0.0,0.0
2024-04-16 00:00:00-03:00,LREN3.SA,12.651312605701179,13.215024270201823,12.41777364892741,12.949274063110352,16291990,0.0,0.0
2024-04-17 00:00:00-03:00,LREN3.SA,13.02175338674628,13.255291528982998,12.466094251629073,12.611048698425293,16248210,0.0,0.0
2024-04-18 00:00:00-03:00,LREN3.SA,12.643260464263482,12.764055411009489,12.305033430659277,12.409722328186035,16929220,0.0,0.0
2024-04-19 00:00:00-03:00,LREN3.SA,12.409721389142879,12.917062323557072,12.345297197140864,12.602993965148926,18075090,0.0,0.0
2024-04-22 00:00:00-03:00,LREN3.SA,12.64326070436901,12.88485144724573,12.498305413846257,12.55467700958252,9886910,0.0,0.0
2024-04-23 00:00:00-03:00,LREN3.SA,12.441933888849615,12.635206471126812,12.272819956958733,12.530517578125,23464430,0.0,0.0
2024-04-24 00:00:00-03:00,LREN3.SA,12.530518357693209,12.804321199620157,12.52246491053229,12.55467700958252,9324370,0.0,0.0
2024-04-25 00:00:00-03:00,LREN3.SA,12.554676800718292,12.562730247745233,12.256714467062324,12.490253448486328,8364290,0.0,0.0
2024-04-26 00:00:00-03:00,LREN3.SA,12.627155237611557,12.820427840832837,12.546624986269357,12.651314735412598,9145400,0.0,0.0
2024-04-29 00:00:00-03:00,LREN3.SA,12.659366672739653,12.739896919848976,12.554676929099173,12.635207176208496,6575910,0.0,0.0
2024-04-30 00:00:00-03:00,LREN3.SA,12.586888545483243,12.651313585497986,12.27282017139687,12.345297813415527,16345450,0.0,0.0
2024-05-02 00:00:00-03:00,LREN3.SA,12.514410672611792,12.72379014800475,12.441933876726797,12.586888313293457,14941630,0.0,0.0
2024-05-03 00:00:00-03:00,LREN3.SA,12.884850208972576,13.351926445110179,12.884850208972576,13.206971168518066,19242190,0.0,0.0
2024-05-06 00:00:00-03:00,LREN3.SA,13.09423055515473,13.255291045723048,12.739896631107731,12.844586372375488,19530280,0.0,0.0
2024-05-07 00:00:00-03:00,LREN3.SA,12.941222222611898,13.376087250204247,12.756003075121841,12.82848072052002,24771230,0.0,0.0
2024-05-08 00:00:00-03:00,LREN3.SA,12.73184515437293,13.56935977935791,12.602995905732316,13.56935977935791,29536870,0.0,0.0
2024-05-09 00:00:00-03:00,LREN3.SA,13.376086232606852,13.529093269345736,12.449987186423456,12.691577911376953,37629020,0.0,0.0
2024-05-10 00:00:00-03:00,LREN3.SA,12.731843060239909,12.828479347228058,12.143971047200381,12.160077095031738,17353710,0.0,0.0
2024-05-13 00:00:00-03:00,LREN3.SA,12.176183080216697,12.425827242716649,12.176183080216697,12.184236526489258,9061250,0.0,0.0
2024-05-14 00:00:00-03:00,LREN3.SA,12.240608215332031,12.602994740022401,12.200343515253486,12.240608215332031,11170500,0.0,0.0
2024-05-15 00:00:00-03:00,LREN3.SA,12.29697809530426,12.57078173478238,11.878220035112381,11.999015808105469,22041690,0.0,0.0
2024-05-16 00:00:00-03:00,LREN3.SA,12.1198130935423,12.143971744277753,11.709107583072763,12.071494102478027,25298680,0.0,0.0
2024-05-17 00:00:00-03:00,LREN3.SA,11.96680475049809,12.087600533947644,11.821850317236617,11.862115859985352,21173240,0.0,0.0
2024-05-20 00:00:00-03:00,LREN3.SA,11.78158630018383,12.031229638385808,11.63663101374823,11.829903602600098,17742670,0.0,0.0
2024-05-21 00:00:00-03:00,LREN3.SA,11.741321818210734,11.878222825311314,11.258139457535249,11.362829208374023,42414020,0.0,0.0
2024-05-22 00:00:00-03:00,LREN3.SA,11.258138224798468,11.30645637109563,10.557524681091309,10.557524681091309,63066960,0.0,0.0
2024-05-23 00:00:00-03:00,LREN3.SA,10.630002813623953,10.807169358225007,10.509207019906691,10.79106330871582,39775450,0.0,0.0
2024-05-24 00:00:00-03:00,LREN3.SA,10.863540014828315,10.879646908994438,10.678320869478474,10.734691619873047,11506220,0.0,0.0
2024-05-27 00:00:00-03:00,LREN3.SA,10.79911688696234,10.863540240984419,10.581683948753755,10.742744445800781,8190160,0.0,0.0
2024-05-28 00:00:00-03:00,LREN3.SA,10.879646192984183,10.936016939668889,10.323986259113553,10.63000202178955,40581310,0.0,0.0
2024-05-29 00:00:00-03:00,LREN3.SA,10.517260312248904,10.911858097017266,10.460887872601452,10.758851051330566,26670380,0.0,0.0
2024-05-31 00:00:00-03:00,LREN3.SA,10.742743077531312,10.791062065287914,10.501152362731421,10.565576553344727,15131490,0.0,0.0
2024-06-03 00:00:00-03:00,LREN3.SA,10.597789565858992,10.613895613622365,10.299826415041645,10.48504638671875,19383100,0.0,0.0
2024-06-04 00:00:00-03:00,LREN3.SA,10.428676510647676,10.549471456536804,10.187085774072719,10.372304916381836,23209780,0.0,0.0
2024-06-05 00:00:00-03:00,LREN3.SA,10.404516282992311,10.549470714744732,10.259561851239893,10.380356788635254,12868900,0.0,0.0
2024-06-06 00:00:00-03:00,LREN3.SA,10.774957656860352,10.87159395748187,10.581684210820562,10.774957656860352,18613430,0.0,0.0
2024-06-07 00:00:00-03:00,LREN3.SA,10.557524445114854,10.799116015997404,10.517259746498873,10.605842590332031,13069320,0.0,0.0
2024-06-10 00:00:00-03:00,LREN3.SA,10.638053780056628,10.718584860015188,10.275668144226074,10.275668144226074,11565180,0.0,0.0
2024-06-11 00:00:00-03:00,LREN3.SA,10.348145020399642,10.573629680747256,10.348145020399642,10.444781303405762,9389160,0.0,0.0
2024-06-12 00:00:00-03:00,LREN3.SA,10.597790187146604,10.686373032639944,10.227350222075625,10.283720970153809,16835720,0.0,0.0
2024-06-13 00:00:00-03:00,LREN3.SA,10.315933665090627,10.348145761733653,10.066289493708846,10.138766288757324,12534830,0.0,0.0
2024-06-14 00:00:00-03:00,LREN3.SA,10.13876707990067,10.444782866684951,10.122661030322378,10.299827575683594,15550700,0.0,0.0
2024-06-17 00:00:00-03:00,LREN3.SA,10.251509560504692,10.340092404641137,10.00186538696289,10.00186538696289,9047610,0.0,0.0
2024-06-18 00:00:00-03:00,LREN3.SA,10.001866582554891,10.187086584393839,9.945494983805032,9.953548431396484,9747210,0.0,0.0
2024-06-19 00:00:00-03:00,LREN3.SA,9.905228344312452,10.2273492890783,9.840803310562679,10.170978546142578,11989010,0.0,0.0
2024-06-20 00:00:00-03:00,LREN3.SA,10.332040473435802,10.541419117017337,10.017971240868414,10.07434368133545,20031880,0.0,0.0
2024-06-21 00:00:00-03:00,LREN3.SA,10.05018283874497,10.187084663612586,9.929387061226686,10.090448379516602,23261920,0.0,0.0
2024-06-24 00:00:00-03:00,LREN3.SA,10.090450664681763,10.34009403273434,10.034079063794431,10.267617225646973,11149820,0.0,0.0
2024-06-25 00:00:00-03:00,LREN3.SA,10.187085375760804,10.315933763562848,10.14681983217433,10.195137977600098,10834340,0.0,0.0
2024-06-26 00:00:00-03:00,LREN3.SA,10.151042967770126,10.151042967770126,9.767831670632768,9.881978988647461,23788930,0.141745,0.0
2024-06-27 00:00:00-03:00,LREN3.SA,9.890133715465785,10.330419565146363,9.784138546210574,10.265192031860352,30476820,0.0,0.0
2024-06-28 00:00:00-03:00,LREN3.SA,10.208117494626922,10.346725563336753,10.102122334439278,10.175503730773926,16422890,0.0,0.0
2024-07-01 00:00:00-03:00,LREN3.SA,10.142890068516156,10.273345991566755,10.004281986729413,10.159197807312012,9313150,0.0,0.0
2024-07-02 00:00:00-03:00,LREN3.SA,10.232577468953709,10.232577468953709,9.865673050436564,9.914593696594238,14627030,0.0,0.0
2024-07-03 00:00:00-03:00,LREN3.SA,10.01243591408421,10.363034338275803,9.987975161079726,10.134737968444824,23291840,0.0,0.0
2024-07-04 00:00:00-03:00,LREN3.SA,10.305959572685333,10.909315105341669,10.273345806343416,10.787013053894043,21654160,0.0,0.0
2024-07-05 00:00:00-03:00,LREN3.SA,10.738092368661002,10.974542601518788,10.58317740671766,10.884854316711426,17301350,0.0,0.0
2024-07-08 00:00:00-03:00,LREN3.SA,10.84408756256,10.868547459628223,10.615790343048292,10.681017875671387,21202170,0.0,0.0
2024-07-09 00:00:00-03:00,LREN3.SA,10.640251053915268,10.86039354799349,10.615790301611646,10.795166015625,12073270,0.0,0.0
2024-07-10 00:00:00-03:00,LREN3.SA,10.97454266641312,11.30068118600678,10.81147383428173,10.844087600708008,17702630,0.0,0.0
2024-07-11 00:00:00-03:00,LREN3.SA,11.121304540311467,11.292527240559865,11.023463241692632,11.17837905883789,13706220,0.0,0.0
2024-07-12 00:00:00-03:00,LREN3.SA,11.170226102684095,11.235453640428405,10.990850373887248,11.047924041748047,12005950,0.0,0.0
2024-07-15 00:00:00-03:00,LREN3.SA,11.064229964382083,11.292527181972464,10.941928769408491,11.202838897705078,10505330,0.0,0.0
2024-07-16 00:00:00-03:00,LREN3.SA,11.20283985866047,11.480057749085613,11.129458451117122,11.186532974243164,12657920,0.0,0.0
2024-07-17 00:00:00-03:00,LREN3.SA,11.145765311811799,11.308834155637781,11.088691644138175,11.1294584274292,9524790,0.0,0.0
2024-07-18 00:00:00-03:00,LREN3.SA,11.129458662578127,11.129458662578127,10.575024581855414,10.729940414428711,13343000,0.0,0.0
2024-07-19 00:00:00-03:00,LREN3.SA,10.803319992209929,10.974542694044427,10.640251159667969,10.640251159667969,10479370,0.0,0.0
2024-07-22 00:00:00-03:00,LREN3.SA,10.713632483142996,11.129458463928431,10.697325598706918,11.047924041748047,14295600,0.0,0.0
2024-07-23 00:00:00-03:00,LREN3.SA,10.95008292284471,10.974543677583618,10.705479652110412,10.746247291564941,10146180,0.0,0.0
2024-07-24 00:00:00-03:00,LREN3.SA,10.697323907324071,10.738091539633855,10.346725519717003,10.493488311767578,15005100,0.0,0.0
2024-07-25 00:00:00-03:00,LREN3.SA,10.403802712536926,10.82778171514304,10.379341957798017,10.746247291564941,28553910,0.0,0.0
2024-07-26 00:00:00-03:00,LREN3.SA,10.76255312692367,10.958234869101034,10.55871666018715,10.868547439575195,13992770,0.0,0.0
2024-07-29 00:00:00-03:00,LREN3.SA,10.852240516004581,11.129456650928146,10.852240516004581,11.01530933380127,20845770,0.0,0.0
2024-07-30 00:00:00-03:00,LREN3.SA,10.941928933837115,11.145764546966506,10.599483529970918,10.623944282531738,29031860,0.0,0.0
2024-07-31 00:00:00-03:00,LREN3.SA,10.721785560997018,10.974542678750252,10.640251144839665,10.811473846435547,14106400,0.0,0.0
2024-08-01 00:00:00-03:00,LREN3.SA,10.89300820397117,11.137611451126874,10.754399269584168,10.835933685302734,18825950,0.0,0.0
2024-08-02 00:00:00-03:00,LREN3.SA,10.827780582601626,11.308833203730801,10.827780582601626,11.219145774841309,19008990,0.0,0.0
2024-08-05 00:00:00-03:00,LREN3.SA,10.713631534440959,11.49636277339202,10.57502345667365,11.390368461608887,20614110,0.0,0.0
2024-08-06 00:00:00-03:00,LREN3.SA,11.365907629256794,11.781733570286363,11.357754615483712,11.618664741516113,21260250,0.0,0.0
2024-08-07 00:00:00-03:00,LREN3.SA,11.749120609238497,11.969263099464353,11.643125443329115,11.904035568237305,21779340,0.0,0.0
2024-08-08 00:00:00-03:00,LREN3.SA,11.912189465873862,12.156792708561897,11.667585367854969,11.822501182556152,23804550,0.0,0.0
2024-08-09 00:00:00-03:00,LREN3.SA,12.474776276510505,12.76830101789334,12.189406259403162,12.597078323364258,39922410,0.0,0.0
2024-08-12 00:00:00-03:00,LREN3.SA,12.719382239162018,12.972139383622618,12.474778109513192,12.81722354888916,25609870,0.0,0.0
2024-08-13 00:00:00-03:00,LREN3.SA,12.743842146711753,12.890604966723073,12.580773297066921,12.80091667175293,31782630,0.0,0.0
2024-08-14 00:00:00-03:00,LREN3.SA,12.79276256808308,13.200434684753418,12.776455683416268,13.200434684753418,19028460,0.0,0.0
2024-08-15 00:00:00-03:00,LREN3.SA,13.224893438305157,13.648872375488281,13.159665909507753,13.648872375488281,26885320,0.0,0.0
2024-08-16 00:00:00-03:00,LREN3.SA,13.74671573366139,13.74671573366139,13.021058128939586,13.151514053344727,27057470,0.0,0.0
2024-08-19 00:00:00-03:00,LREN3.SA,13.273815884662962,13.86086368560791,13.159666845815002,13.86086368560791,22602580,0.0,0.0
2024-08-20 00:00:00-03:00,LREN3.SA,13.795635213161844,13.885323493200303,13.265661112382977,13.828248977661133,23185690,0.0,0.0
2024-08-21 00:00:00-03:00,LREN3.SA,13.779329299926758,13.795636183323165,13.298275812067324,13.779329299926758,24695440,0.0,0.0
2024-08-22 00:00:00-03:00,LREN3.SA,13.697795866175495,13.836403957328825,13.322736665805428,13.48580551147461,25746930,0.0,0.0
2024-08-23 00:00:00-03:00,LREN3.SA,13.502112877830228,14.472372055053711,13.48580513838352,14.472372055053711,32308980,0.0,0.0
2024-08-26 00:00:00-03:00,LREN3.SA,14.513138697211796,14.537597737269365,14.023931380805067,14.43160343170166,22291060,0.0,0.0
2024-08-27 00:00:00-03:00,LREN3.SA,14.480525844805376,15.043112882796635,14.431604340286967,14.961579322814941,26829660,0.0,0.0
2024-08-28 00:00:00-03:00,LREN3.SA,14.912659852660509,15.07572870553126,14.374531782856042,14.398992538452148,31110200,0.0,0.0
2024-08-29 00:00:00-03:00,LREN3.SA,14.260381811778643,14.358223105460638,13.860862768245083,13.901630401611328,29419610,0.0,0.0
2024-08-30 00:00:00-03:00,LREN3.SA,13.697795687471302,14.146235434876592,13.599954381346251,14.105467796325684,195073890,0.0,0.0
2024-09-02 00:00:00-03:00,LREN3.SA,13.803790993285226,13.934245214014815,13.673335061893741,13.811944007873535,14900600,0.0,0.0
2024-09-03 00:00:00-03:00,LREN3.SA,14.211462082847563,14.382684785515641,14.032086366178133,14.048393249511719,23959320,0.0,0.0
2024-09-04 00:00:00-03:00,LREN3.SA,14.252230644226074,14.53759983809613,14.138081598148545,14.252230644226074,16924710,0.0,0.0
2024-09-05 00:00:00-03:00,LREN3.SA,14.252230498440996,14.725129285651525,14.227769744437179,14.70067024230957,19020980,0.0,0.0
2024-09-06 00:00:00-03:00,LREN3.SA,14.716975361613324,14.790357619089345,14.366376944767087,14.447912216186523,9334160,0.0,0.0
2024-09-09 00:00:00-03:00,LREN3.SA,14.46421920337993,14.602829002919778,14.317458100017808,14.325611114501953,9406870,0.0,0.0
2024-09-10 00:00:00-03:00,LREN3.SA,14.317457162525239,14.562059555666416,14.252229629599356,14.415298461914062,13412410,0.0,0.0
2024-09-11 00:00:00-03:00,LREN3.SA,14.504985720393464,14.855584112713007,14.415297441304904,14.79850959777832,19257810,0.0,0.0
2024-09-12 00:00:00-03:00,LREN3.SA,14.725128081730643,15.034959712015644,14.64359452259989,14.986038208007812,20506090,0.0,0.0
2024-09-13 00:00:00-03:00,LREN3.SA,15.018654646486493,15.589396439607997,14.98603916795091,15.442633628845215,20775040,0.0,0.0
2024-09-16 00:00:00-03:00,LREN3.SA,15.442633585339847,15.907379348566002,15.328484542772395,15.785079002380371,22618090,0.0,0.0
2024-09-17 00:00:00-03:00,LREN3.SA,15.622011277528676,15.687240535548774,15.352948072342622,15.548630714416504,16389780,0.0,0.0
2024-09-18 00:00:00-03:00,LREN3.SA,15.401865780457495,15.785077954111209,15.328483524825153,15.491552352905273,13701050,0.0,0.0
2024-09-19 00:00:00-03:00,LREN3.SA,15.613853573460965,15.630161310734861,15.214335393520823,15.37740421295166,19582640,0.0,0.0
2024-09-20 00:00:00-03:00,LREN3.SA,15.377406310223533,15.426327818055833,14.52129360845314,14.708823204040527,38627270,0.0,0.0
2024-09-23 00:00:00-03:00,LREN3.SA,14.659900895694358,14.708822400855267,14.333764085491735,14.439759254455566,18952120,0.0,0.0
2024-09-24 00:00:00-03:00,LREN3.SA,14.700670074046549,15.214337348937988,14.529448219303351,15.214337348937988,26793140,0.0,0.0
2024-09-25 00:00:00-03:00,LREN3.SA,15.246227750268151,15.254456899464717,14.727872485772718,14.86774730682373,20411820,0.153418,0.0
2024-09-26 00:00:00-03:00,LREN3.SA,15.032303591076708,15.163949255876403,14.752555690240293,14.810151100158691,12803340,0.0,0.0
2024-09-27 00:00:00-03:00,LREN3.SA,14.818377918166698,14.999391563019406,14.456352354735337,14.670275688171387,10368160,0.0,0.0
2024-09-30 00:00:00-03:00,LREN3.SA,14.604455069493124,14.85951900482178,14.308252290933035,14.859519004821777,13125310,0.0,0.0
2024-10-01 00:00:00-03:00,LREN3.SA,14.925341379045584,15.196860121285573,14.7031888961792,14.7031888961792,17241620,0.0,0.0
2024-10-02 00:00:00-03:00,LREN3.SA,15.040530051529217,15.205087122003365,14.892427824965475,15.098125457763672,16672040,0.0,0.0
2024-10-03 00:00:00-03:00,LREN3.SA,14.892430816179308,14.892430816179308,14.489266344108694,14.777241706848145,14581490,0.0,0.0
2024-10-04 00:00:00-03:00,LREN3.SA,14.686731649301139,14.917111543743143,14.587997408825993,14.900656700134277,12395790,0.0,0.0
2024-10-07 00:00:00-03:00,LREN3.SA,15.040529845155977,15.056984688840604,14.431667829618904,14.563313484191895,10484980,0.0,0.0
2024-10-08 00:00:00-03:00,LREN3.SA,14.71141685155892,14.810151100158691,14.637366596677623,14.810151100158691,7609250,0.0,0.0
2024-10-09 00:00:00-03:00,LREN3.SA,14.727871783984602,14.785467194245035,14.32470736470984,14.513948440551758,13158640,0.0,0.0
2024-10-10 00:00:00-03:00,LREN3.SA,14.571543393063305,15.015846637306453,14.530402829155873,14.892428398132324,28792610,0.0,0.0
2024-10-11 00:00:00-03:00,LREN3.SA,15.155724553364534,15.460154776280822,14.777242336002852,15.394331932067871,22486310,0.0,0.0
2024-10-14 00:00:00-03:00,LREN3.SA,15.460150382407974,15.558884620666504,15.147491098118996,15.558884620666504,14089790,0.0,0.0
2024-10-15 00:00:00-03:00,LREN3.SA,15.665846167918728,15.748125562346278,15.353188612151472,15.591795921325684,11904750,0.0,0.0
2024-10-16 00:00:00-03:00,LREN3.SA,15.493063087862167,15.682304158549288,15.320278588061534,15.460151672363281,16907660,0.0,0.0
2024-10-17 00:00:00-03:00,LREN3.SA,15.287370241790436,15.394331932067871,15.147495403132089,15.394331932067871,15459290,0.0,0.0
2024-10-18 00:00:00-03:00,LREN3.SA,15.427240379905353,15.55065862057903,15.139265060424805,15.139265060424805,21388400,0.0,0.0
2024-10-21 00:00:00-03:00,LREN3.SA,15.262684069770247,15.361418322026903,15.08167041082928,15.180404663085938,10815200,0.0,0.0
2024-10-22 00:00:00-03:00,LREN3.SA,15.081670348352004,15.10635434288246,14.793695015561173,14.941797256469727,12701370,0.0,0.0
2024-10-23 00:00:00-03:00,LREN3.SA,14.892430816179308,14.95002623398207,14.629139450537378,14.777241706848145,19793730,0.0,0.0
2024-10-24 00:00:00-03:00,LREN3.SA,14.810147940000906,15.550655509628328,14.67027315629182,15.493060111999512,24070200,0.0,0.0
2024-10-25 00:00:00-03:00,LREN3.SA,15.591796320035247,15.591796320035247,15.17217536815434,15.196859359741211,12507000,0.0,0.0
2024-10-28 00:00:00-03:00,LREN3.SA,15.460150552200458,15.460150552200458,15.106352429653292,15.22977066040039,11121550,0.0,0.0
2024-10-29 00:00:00-03:00,LREN3.SA,15.295595295040622,15.353190706368684,15.106354215690793,15.221543312072754,4336970,0.0,0.0
2024-10-30 00:00:00-03:00,LREN3.SA,15.155722981606626,15.46838059605607,15.155722981606626,15.320280075073242,5709990,0.0,0.0
2024-10-31 00:00:00-03:00,LREN3.SA,15.328505778101052,15.674074772466051,15.237998955282006,15.279139518737793,15033370,0.0,0.0
2024-11-01 00:00:00-03:00,LREN3.SA,15.344959919135436,15.344959919135436,14.89242755205586,14.900656700134277,8448880,0.0,0.0
2024-11-04 00:00:00-03:00,LREN3.SA,15.180403737427886,15.690531539451557,15.106353484319316,15.484835624694824,11906840,0.0,0.0
2024-11-05 00:00:00-03:00,LREN3.SA,15.394329145185859,15.624709058224813,15.073442406170216,15.386101722717285,8541610,0.0,0.0
2024-11-06 00:00:00-03:00,LREN3.SA,15.098126399850061,15.608254213287664,14.908885325428106,15.386101722717285,12373350,0.0,0.0
2024-11-07 00:00:00-03:00,LREN3.SA,15.312048546153138,15.706987235372546,14.662049422677626,14.875972747802734,22291500,0.0,0.0
2024-11-08 00:00:00-03:00,LREN3.SA,13.88040132822363,14.44812451272099,13.699388551768257,13.962679862976074,59031830,0.0,0.0
2024-11-11 00:00:00-03:00,LREN3.SA,13.954452088695792,14.044958043069549,13.600653966625789,13.773438453674316,18902840,0.0,0.0
2024-11-12 00:00:00-03:00,LREN3.SA,13.773438600592536,13.913313402337131,13.592425826777218,13.756983757019043,11414150,0.0,0.0
2024-11-13 00:00:00-03:00,LREN3.SA,13.78166728422915,13.929769512045189,13.460781425659773,13.641794204711914,13461910,0.0,0.0
2024-11-14 00:00:00-03:00,LREN3.SA,13.682933253485395,13.81457891302116,13.427869356566339,13.567743301391602,20730050,0.0,0.0
2024-11-18 00:00:00-03:00,LREN3.SA,13.543059710942032,13.567742839696534,13.24685612392901,13.411413192749023,15558400,0.0,0.0
2024-11-19 00:00:00-03:00,LREN3.SA,13.493691088743478,13.707616131225238,13.230399791088335,13.625337600708008,18997000,0.0,0.0
2024-11-21 00:00:00-03:00,LREN3.SA,13.378503471143992,13.411414023810355,12.901287078857422,12.901287078857422,21922010,0.0,0.0
2024-11-22 00:00:00-03:00,LREN3.SA,13.106984450700887,13.320907799940155,12.819009117856474,13.287997245788574,15011590,0.0,0.0
2024-11-25 00:00:00-03:00,LREN3.SA,13.32090667271417,13.534831730125108,13.22217242920313,13.337363243103027,10928720,0.0,0.0
2024-11-26 00:00:00-03:00,LREN3.SA,13.501920895024078,14.086098959101509,13.452553771150086,14.003820419311523,19705950,0.0,0.0
2024-11-27 00:00:00-03:00,LREN3.SA,13.970910572455233,14.06141654482033,13.16457992881808,13.279769897460938,20106240,0.0,0.0
2024-11-28 00:00:00-03:00,LREN3.SA,13.181033551404187,13.20571754377323,11.881030956301952,11.930398941040039,24935240,0.0,0.0
2024-11-29 00:00:00-03:00,LREN3.SA,12.01267694561555,12.399386479284887,11.757613063725225,12.391159057617188,30157930,0.0,0.0
2024-12-02 00:00:00-03:00,LREN3.SA,12.317107144398792,12.572171890681274,12.11963952889551,12.333562850952148,19878870,0.0,0.0
2024-12-03 00:00:00-03:00,LREN3.SA,12.341792003233097,12.69559015056523,12.30065316552678,12.670907020568848,27172970,0.0,0.0
2024-12-04 00:00:00-03:00,LREN3.SA,12.629767523343162,13.065844216255417,12.629767523343162,12.884831428527832,25374580,0.0,0.0
2024-12-05 00:00:00-03:00,LREN3.SA,13.106983054702672,13.460781184442105,13.016476235229982,13.13166618347168,14998720,0.0,0.0
2024-12-06 00:00:00-03:00,LREN3.SA,13.106982987773604,13.230400357262424,12.646222334022621,12.860146522521973,15651130,0.0,0.0
2024-12-09 00:00:00-03:00,LREN3.SA,12.917742619305475,13.024705150848536,12.605083310089006,12.662678718566895,11841830,0.0,0.0
2024-12-10 00:00:00-03:00,LREN3.SA,12.893058336077704,12.9095140433958,12.60508302644252,12.744956970214844,27532120,0.0,0.0
2024-12-11 00:00:00-03:00,LREN3.SA,12.88483076383719,13.378502840764202,12.662678286063183,13.090527534484863,19000080,0.0,0.0
2024-12-12 00:00:00-03:00,LREN3.SA,12.806666451542844,12.888122420861151,12.164070415199246,12.38128662109375,16869700,0.0,1.1
2024-12-13 00:00:00-03:00,LREN3.SA,12.435590043251548,12.770463912939269,12.299830669615488,12.363184928894043,16631600,0.0,0.0
2024-12-16 00:00:00-03:00,LREN3.SA,12.39033695193681,12.408438662563594,11.955906254538862,12.00115966796875,11913700,0.0,0.0
2024-12-17 00:00:00-03:00,LREN3.SA,12.07356393631071,12.326981825329385,11.865398594406901,12.100715637207031,21372000,0.0,0.0
2024-12-18 00:00:00-03:00,LREN3.SA,11.783944473588615,11.946855555677743,11.322361204205743,11.403817176818848,18297400,0.0,0.0
2024-12-19 00:00:00-03:00,LREN3.SA,11.485272425313722,11.90160228571338,11.394766459310288,11.774893760681152,15959500,0.0,0.0
2024-12-20 00:00:00-03:00,LREN3.SA,11.738690865334501,12.34508435904619,11.639133183504867,12.155020713806152,17073300,0.0,0.0
2024-12-23 00:00:00-03:00,LREN3.SA,11.955905788398226,12.037361756768778,11.358563171196897,11.430968284606934,26304600,0.0,0.0
2024-12-26 00:00:00-03:00,LREN3.SA,11.458120601919017,11.512424871462466,11.277107808669326,11.38571548461914,10452800,0.0,0.0
2024-12-27 00:00:00-03:00,LREN3.SA,11.578962091334756,11.615662411948945,11.184432988478731,11.211958885192871,9296500,0.170621,0.0
2024-12-30 00:00:00-03:00,LREN3.SA,11.322058048018521,11.395458677583914,10.982579917527444,11.120205879211426,8941000,0.0,0.0
2025-01-02 00:00:00-03:00,LREN3.SA,11.138556674610602,11.230307025716684,10.826603555839938,11.01010513305664,12393100,0.0,0.0
2025-01-03 00:00:00-03:00,LREN3.SA,11.14773178100586,11.29453392678842,11.000930510227892,11.14773178100586,11475100,0.0,0.0
2025-01-06 00:00:00-03:00,LREN3.SA,11.3495842992502,11.597312107219086,11.239483342932234,11.49638557434082,14582200,0.0,0.0
2025-01-07 00:00:00-03:00,LREN3.SA,11.560612753401307,12.065241959895145,11.551437454191133,11.991841316223145,26326600,0.0,0.0
2025-01-08 00:00:00-03:00,LREN3.SA,11.93678971244023,11.93678971244023,11.569785666993543,11.808338165283203,20822400,0.0,0.0
2025-01-09 00:00:00-03:00,LREN3.SA,11.734937332072288,11.9643145284576,11.698237015650822,11.927614212036133,8370800,0.0,0.0
2025-01-10 00:00:00-03:00,LREN3.SA,11.872563572823593,11.991839822686378,11.58813633277006,11.780813217163086,14184800,0.0,0.0
2025-01-13 00:00:00-03:00,LREN3.SA,11.835864215484094,11.835864215484094,11.533086354739476,11.789989471435547,11375400,0.0,0.0
2025-01-14 00:00:00-03:00,LREN3.SA,11.799163280079862,11.854214195074494,11.432160096797677,11.569786071777344,18228700,0.0,0.0
2025-01-15 00:00:00-03:00,LREN3.SA,11.780814472396566,12.221218326502576,11.588137567474018,12.111117362976074,14631300,0.0,0.0
2025-01-16 00:00:00-03:00,LREN3.SA,12.056066751905316,12.056066751905316,11.331234786513273,11.386284828186035,20884500,0.0,0.0
2025-01-17 00:00:00-03:00,LREN3.SA,11.478036207842237,11.615662188749745,11.202783371022576,11.312884330749512,18370400,0.0,0.0
2025-01-20 00:00:00-03:00,LREN3.SA,11.331234784536802,11.487211360923483,11.138557888706467,11.37710952758789,10296200,0.0,0.0
2025-01-21 00:00:00-03:00,LREN3.SA,11.42298406454135,11.487210273742676,11.25783308017757,11.487210273742676,12450300,0.0,0.0
2025-01-22 00:00:00-03:00,LREN3.SA,11.606486512862183,12.166167467042774,11.377109302133645,12.046891212463379,17391800,0.0,0.0
2025-01-23 00:00:00-03:00,LREN3.SA,12.028539863444026,12.147816110564934,11.670711997085862,11.927614212036133,20940600,0.0,0.0
2025-01-24 00:00:00-03:00,LREN3.SA,11.845038018557728,12.285442680849638,11.835862720904771,12.083590507507324,11096400,0.0,0.0
2025-01-27 00:00:00-03:00,LREN3.SA,12.0010165510413,12.59739699642758,12.0010165510413,12.523996353149414,19215400,0.0,0.0
2025-01-28 00:00:00-03:00,LREN3.SA,12.478120121835792,12.615746092846832,12.257917343211709,12.3221435546875,12682500,0.0,0.0
2025-01-29 00:00:00-03:00,LREN3.SA,12.377193662153697,12.560695249527202,12.147816459185668,12.285443305969238,11869400,0.0,0.0
2025-01-30 00:00:00-03:00,LREN3.SA,12.432244631785954,12.863474020306722,12.349668698345319,12.753372192382812,14659800,0.0,0.0
2025-01-31 00:00:00-03:00,LREN3.SA,12.716673260505775,12.900175743705882,12.404720964075908,12.523996353149414,14246500,0.0,0.0
2025-02-03 00:00:00-03:00,LREN3.SA,12.432244303521607,12.661621501464792,12.340493074342504,12.44141960144043,10475200,0.0,0.0
2025-02-04 00:00:00-03:00,LREN3.SA,12.386369309863973,12.413894329995713,11.982665806248216,12.092766761779785,14219800,0.0,0.0
2025-02-05 00:00:00-03:00,LREN3.SA,12.046892388149535,12.083592710447592,11.716589487467022,11.945966720581055,14893600,0.0,0.0
2025-02-06 00:00:00-03:00,LREN3.SA,11.973490230010459,12.349668704764813,11.79916306487748,12.221217155456543,11009200,0.0,0.0
2025-02-07 00:00:00-03:00,LREN3.SA,12.056067008279053,12.138642072544165,11.59731256789559,11.771638870239258,21394900,0.0,0.0
2025-02-10 00:00:00-03:00,LREN3.SA,11.88173933645448,12.156992164230433,11.81751399747512,12.02854061126709,9483400,0.0,0.0
2025-02-11 00:00:00-03:00,LREN3.SA,12.028540410127402,12.248743193668732,11.991840092037947,12.166167259216309,8427800,0.0,0.0
2025-02-12 00:00:00-03:00,LREN3.SA,12.001016312879463,12.037716633790223,11.597312782861096,11.670713424682617,16749200,0.0,0.0
2025-02-13 00:00:00-03:00,LREN3.SA,11.698237817393359,12.138641644634184,11.551436541646419,12.019366264343262,12838400,0.0,0.0
2025-02-14 00:00:00-03:00,LREN3.SA,12.08359249348041,12.643272617227607,12.08359249348041,12.523996353149414,15663600,0.0,0.0
2025-02-17 00:00:00-03:00,LREN3.SA,12.579046496513545,13.331403481168588,12.56987119791906,12.946049690246582,21573800,0.0,0.0
2025-02-18 00:00:00-03:00,LREN3.SA,12.854298523260098,13.046975406638895,12.588221005737433,12.890998840332031,15011200,0.0,0.0
2025-02-19 00:00:00-03:00,LREN3.SA,12.707498086081856,12.817599044498598,12.377194335826989,12.423069953918457,11999100,0.0,0.0
2025-02-20 00:00:00-03:00,LREN3.SA,12.468946238759811,12.725848488802836,12.276269332476371,12.579047203063965,14388600,0.0,0.0
2025-02-21 00:00:00-03:00,LREN3.SA,11.652362474259416,11.789989329765277,10.79907982014351,10.817429542541504,90187000,0.0,0.0
2025-02-24 00:00:00-03:00,LREN3.SA,10.93670482375186,11.156906722886701,10.248573232702059,10.276098251342773,42173000,0.0,0.0
2025-02-25 00:00:00-03:00,LREN3.SA,10.239398750077546,10.514651583413912,10.138473090356221,10.377025604248047,29292200,0.0,0.0
2025-02-26 00:00:00-03:00,LREN3.SA,10.505476169421762,10.505476169421762,9.909095766246779,9.9182710647583,34857300,0.0,0.0
2025-02-27 00:00:00-03:00,LREN3.SA,10.019196827642892,10.50547627875428,9.918271167979663,10.349499702453613,37570000,0.0,0.0
2025-02-28 00:00:00-03:00,LREN3.SA,10.266922755244687,10.643102086093116,10.120121491988984,10.395374298095703,40572600,0.0,0.0
2025-03-05 00:00:00-03:00,LREN3.SA,10.156822003893593,10.441250113196187,10.065071650089692,10.276098251342773,29912200,0.0,0.0
2025-03-06 00:00:00-03:00,LREN3.SA,10.404550412415885,10.55135168719349,10.321974476602328,10.477951049804688,21166700,0.0,0.0
2025-03-07 00:00:00-03:00,LREN3.SA,10.367851109945791,11.055982809167794,10.27609986671431,10.93670654296875,26935300,0.0,0.0
2025-03-10 00:00:00-03:00,LREN3.SA,10.78072908001545,11.138557849587842,10.78072908001545,10.881654739379883,13615900,0.0,0.0
2025-03-11 00:00:00-03:00,LREN3.SA,10.872479635910054,11.000930307976926,10.514650888713957,10.73485279083252,15148900,0.0,0.0
2025-03-12 00:00:00-03:00,LREN3.SA,10.753204648927296,11.12938316128232,10.753204648927296,11.101858139038086,16836200,0.0,0.0
2025-03-13 00:00:00-03:00,LREN3.SA,11.07433016830275,11.120205780123472,10.643101692199707,10.643101692199707,27676200,0.0,0.0
2025-03-14 00:00:00-03:00,LREN3.SA,10.771552577141891,11.184431342022956,10.606401596192187,11.037630081176758,23036000,0.0,0.0
2025-03-17 00:00:00-03:00,LREN3.SA,11.037631221673509,11.578961583231868,11.019281499673962,11.468860626220703,18822900,0.0,0.0
2025-03-18 00:00:00-03:00,LREN3.SA,11.478036209737734,11.569786572023007,11.312884332617735,11.322059631347656,12142900,0.0,0.0
2025-03-19 00:00:00-03:00,LREN3.SA,11.367935103980455,11.514736381755064,11.248658847037426,11.37710952758789,16160300,0.0,0.0
2025-03-20 00:00:00-03:00,LREN3.SA,11.312882951144482,11.542260141354232,11.000929832458496,11.000929832458496,20004200,0.0,0.0
2025-03-21 00:00:00-03:00,LREN3.SA,11.037629510374371,11.578959788003653,10.927528570433507,11.395458221435547,20764600,0.0,0.0
2025-03-24 00:00:00-03:00,LREN3.SA,11.47803621163016,11.615662192583086,11.25783429210362,11.3312349319458,11896700,0.0,0.0
2025-03-25 00:00:00-03:00,LREN3.SA,11.340408797725662,11.86338942462641,11.294534056334816,11.61566162109375,18696700,0.0,0.0
2025-03-26 00:00:00-03:00,LREN3.SA,11.762579917907715,12.051288822073658,11.73464054709282,11.762579917907715,14914900,0.187752,0.0
2025-03-27 00:00:00-03:00,LREN3.SA,11.911591366360032,12.069915951747296,11.743953361084904,11.902277946472168,17507200,0.0,0.0
2025-03-28 00:00:00-03:00,LREN3.SA,11.865025443642772,11.892965703985842,11.539063733229925,11.67876148223877,18815900,0.0,0.0
2025-03-31 00:00:00-03:00,LREN3.SA,11.594941675521607,11.697387513339931,11.390050888061523,11.390050888061523,18602900,0.0,0.0
2025-04-01 00:00:00-03:00,LREN3.SA,11.380738276162669,11.93953011776442,11.343485486722551,11.743952751159668,11998400,0.0,0.0
2025-04-02 00:00:00-03:00,LREN3.SA,11.74395241757006,12.172359928050673,11.74395241757006,12.079228401184082,13972600,0.0,0.0
2025-04-03 00:00:00-03:00,LREN3.SA,12.079228880092021,12.638020727975714,12.079228880092021,12.349311828613281,19786200,0.0,0.0
2025-04-04 00:00:00-03:00,LREN3.SA,12.004722795231858,12.069914952697617,11.539062497501513,11.781205177307129,23822500,0.0,0.0
2025-04-07 00:00:00-03:00,LREN3.SA,11.539062267736663,11.874337355682991,11.20378629161382,11.287605285644531,26951700,0.0,0.0
2025-04-08 00:00:00-03:00,LREN3.SA,11.455243238918781,11.706699332070778,11.092027895280882,11.166533470153809,17882800,0.0,0.0
2025-04-09 00:00:00-03:00,LREN3.SA,11.04546261364198,11.902277684587736,10.961644501025262,11.883651733398438,28772800,0.0,0.0
2025-04-10 00:00:00-03:00,LREN3.SA,11.781205505302646,12.069915288730979,11.632194347988623,11.799832344055176,19449300,0.0,0.0
2025-04-11 00:00:00-03:00,LREN3.SA,11.87433890068026,12.088542234916769,11.678761518553756,11.920905113220215,15532900,0.0,0.0
2025-04-14 00:00:00-03:00,LREN3.SA,12.209614273423055,12.3213726528205,12.079229941547695,12.116482734680176,13359500,0.0,0.0
2025-04-15 00:00:00-03:00,LREN3.SA,12.060602862663448,12.200301500283311,11.911591693076899,11.920905113220215,12927800,0.0,0.0
2025-04-16 00:00:00-03:00,LREN3.SA,11.809145335586258,11.958156487501608,11.604254557614391,11.771892547607422,12779500,0.0,0.0
2025-04-17 00:00:00-03:00,LREN3.SA,11.69738835884039,12.023350070266812,11.660135566443753,11.920905113220215,14522900,0.0,0.0
2025-04-22 00:00:00-03:00,LREN3.SA,11.84639779656279,12.041975150097194,11.697386648760673,11.930216789245605,8556600,0.0,0.0
2025-04-23 00:00:00-03:00,LREN3.SA,12.200300219732144,12.293431746860279,12.023348808288574,12.023348808288574,18437200,0.0,0.0
2025-04-24 00:00:00-03:00,LREN3.SA,12.116482591985317,12.805659700908164,12.079229799291559,12.71252727508545,14287700,0.0,0.0
2025-04-25 00:00:00-03:00,LREN3.SA,12.703213780442951,13.047802308792757,12.656647571060205,12.889477729797363,15879100,0.0,0.0
2025-04-28 00:00:00-03:00,LREN3.SA,12.982609398288897,13.60659430138664,12.954670027633103,13.317885398864746,15860500,0.0,0.0
2025-04-29 00:00:00-03:00,LREN3.SA,13.336511076740376,13.951182547637123,13.317885126076884,13.541401863098145,15482000,0.0,0.0
2025-04-30 00:00:00-03:00,LREN3.SA,13.49483666250648,13.85805205343784,13.383078285645281,13.606595039367676,14584400,0.0,0.0
2025-05-02 00:00:00-03:00,LREN3.SA,13.70903919558175,13.858050346374512,13.5227752570908,13.858050346374512,18985200,0.0,0.0
2025-05-05 00:00:00-03:00,LREN3.SA,13.802172050530602,14.165387431714894,13.643847465515137,13.643847465515137,13127200,0.0,0.0
2025-05-06 00:00:00-03:00,LREN3.SA,13.671786540150546,13.774231485267537,13.196812826271124,13.327198028564453,29236000,0.0,0.0
2025-05-07 00:00:00-03:00,LREN3.SA,13.438957251205636,13.48552257312102,13.029175668208232,13.383077621459961,11339700,0.0,0.0
2025-05-08 00:00:00-03:00,LREN3.SA,13.811485689951745,14.658987371344184,13.671787942447551,14.37959098815918,45366400,0.0,0.0
2025-05-09 00:00:00-03:00,LREN3.SA,15.106019776677496,15.366790189070045,14.696239095766645,15.087394714355469,38056400,0.0,0.0
2025-05-12 00:00:00-03:00,LREN3.SA,15.208466453761462,15.441296621012158,15.11533403159054,15.320225715637207,20690500,0.0,0.0
2025-05-13 00:00:00-03:00,LREN3.SA,15.431983362278553,16.186352614667967,15.385418038883525,15.692753791809082,23754800,0.0,0.0
2025-05-14 00:00:00-03:00,LREN3.SA,15.702065928953045,16.083907233927434,15.562366417474497,15.674125671386719,11987100,0.0,0.0
2025-05-15 00:00:00-03:00,LREN3.SA,15.692753613010046,16.335365371388363,15.66481335347944,16.22360610961914,21997400,0.0,0.0
2025-05-16 00:00:00-03:00,LREN3.SA,16.12116003119059,16.381930453924383,16.10253496812996,16.326051712036133,10773800,0.0,0.0
2025-05-19 00:00:00-03:00,LREN3.SA,16.270170332744375,16.931408886115083,16.260856913530354,16.754457473754883,10294100,0.0,0.0
2025-05-20 00:00:00-03:00,LREN3.SA,16.689264182568355,17.061792044072636,16.54956645654837,17.04316520690918,13130500,0.0,0.0
2025-05-21 00:00:00-03:00,LREN3.SA,16.92209561026297,17.01522802683909,16.21429173117882,16.400556564331055,19131700,0.0,0.0
2025-05-22 00:00:00-03:00,LREN3.SA,16.409868932748427,16.652010713445417,16.17703879439495,16.45643424987793,14033200,0.0,0.0
2025-05-23 00:00:00-03:00,LREN3.SA,16.391244888305664,16.437810213369563,15.702067774510905,16.391244888305664,19807900,0.0,0.0
2025-05-26 00:00:00-03:00,LREN3.SA,16.47506210613822,16.66132516252828,16.335364369757404,16.52162742614746,4292700,0.0,0.0
2025-05-27 00:00:00-03:00,LREN3.SA,17.05247924700457,17.201490397037308,16.64269947259105,16.717205047607422,11183400,0.0,0.0
2025-05-28 00:00:00-03:00,LREN3.SA,16.66132770935918,16.99660374900552,16.391245614585586,16.92209815979004,8903700,0.0,0.0
2025-05-29 00:00:00-03:00,LREN3.SA,16.847593235806674,17.00591784118523,16.58682277507922,16.726520538330078,7421300,0.0,0.0
2025-05-30 00:00:00-03:00,LREN3.SA,16.717206187446692,16.912782669067383,16.41918209070783,16.912782669067383,11391300,0.0,0.0
2025-06-02 00:00:00-03:00,LREN3.SA,16.968662346568397,17.322565203823533,16.791712694294077,17.08973503112793,9131000,0.0,0.0
2025-06-03 00:00:00-03:00,LREN3.SA,17.03385355402199,17.527452304073947,17.03385355402199,17.518138885498047,10638300,0.0,0.0
2025-06-04 00:00:00-03:00,LREN3.SA,17.303935536773466,17.667149978407945,17.061791983566163,17.154924392700195,15347700,0.0,0.0
2025-06-05 00:00:00-03:00,LREN3.SA,17.22942996473683,17.508825415785974,17.061791983566163,17.154924392700195,13717400,0.0,0.0
2025-06-06 00:00:00-03:00,LREN3.SA,17.322562889098613,17.39706846335128,16.09322002575311,16.353988647460938,21498800,0.0,0.0
2025-06-09 00:00:00-03:00,LREN3.SA,16.34467629930745,16.661325454711914,16.232918818784185,16.661325454711914,10642600,0.0,0.0
2025-06-10 00:00:00-03:00,LREN3.SA,16.9966019557043,17.22943211948107,16.83827737328197,17.052480697631836,10181500,0.0,0.0
2025-06-11 00:00:00-03:00,LREN3.SA,17.00591393387715,17.378441809071273,16.88484126421842,17.20149040222168,11942000,0.0,0.0
2025-06-12 00:00:00-03:00,LREN3.SA,17.033857614908865,17.33187997497461,16.959350248539046,17.173555374145508,9016600,0.0,0.0
2025-06-13 00:00:00-03:00,LREN3.SA,16.76376885428605,17.15492353194017,16.58681746344534,17.099044799804688,13660700,0.0,0.0
2025-06-16 00:00:00-03:00,LREN3.SA,17.32256447238711,17.629900216314084,17.303937633033193,17.527454376220703,9065800,0.0,0.0
2025-06-17 00:00:00-03:00,LREN3.SA,17.564709363335396,17.564709363335396,17.09904900291911,17.369131088256836,11099100,0.0,0.0
2025-06-18 00:00:00-03:00,LREN3.SA,17.322562976065534,17.490200963063902,17.024540677558665,17.4343204498291,9156000,0.0,0.0
2025-06-20 00:00:00-03:00,LREN3.SA,17.238745423338127,17.313251004191837,17.015228680776996,17.285310745239258,11593900,0.0,0.0
2025-06-23 00:00:00-03:00,LREN3.SA,17.294623269281328,17.704404830932617,17.117671857784824,17.704404830932617,9613700,0.0,0.0
2025-06-24 00:00:00-03:00,LREN3.SA,17.74165711646966,18.21663084626067,17.74165711646966,17.96517562866211,7330200,0.0,0.0
2025-06-25 00:00:00-03:00,LREN3.SA,17.89997904157495,18.095557266684416,17.685775756835938,17.685775756835938,9344700,0.0,0.0
2025-06-26 00:00:00-03:00,LREN3.SA,17.899981425771944,18.440147306739167,17.816162429039696,18.188692092895508,15504900,0.0,0.0
2025-06-27 00:00:00-03:00,LREN3.SA,18.058306358294875,18.33770361173018,18.01174103756555,18.216630935668945,11171600,0.0,0.0
2025-06-30 00:00:00-03:00,LREN3.SA,18.17937707223668,18.356326692992244,18.048990990831662,18.328388214111328,9891600,0.0,0.0
2025-07-01 00:00:00-03:00,LREN3.SA,18.337704959089688,18.505342968197418,18.132813269578794,18.300451278686523,18127000,0.0,0.0
2025-07-02 00:00:00-03:00,LREN3.SA,18.281824409500825,18.41221051435193,17.555395406323345,17.695093154907227,16801900,0.0,0.0
2025-07-03 00:00:00-03:00,LREN3.SA,17.86738879354991,18.23452814926637,17.62262982158545,18.159217834472656,9136500,0.203027,0.0
2025-07-04 00:00:00-03:00,LREN3.SA,18.036838714985212,18.300425733008716,17.970942409364252,18.206287384033203,2375000,0.0,0.0
2025-07-07 00:00:00-03:00,LREN3.SA,18.215703288777558,18.291013616665193,17.923875992655457,18.14980697631836,6696900,0.0,0.0
2025-07-08 00:00:00-03:00,LREN3.SA,18.112146409644797,18.28159505413067,17.80149115993383,18.168628692626953,11458600,0.0,0.0
2025-07-09 00:00:00-03:00,LREN3.SA,18.08390701536316,18.375736077123026,17.98035644734031,18.26276969909668,24047700,0.0,0.0
2025-07-10 00:00:00-03:00,LREN3.SA,17.914458041541295,18.083904895407255,17.69793932533468,18.036836624145508,9850900,0.0,0.0
2025-07-11 00:00:00-03:00,LREN3.SA,17.905046834577938,17.952115113217058,17.35904654288133,17.603805541992188,12820300,0.0,0.0
2025-07-14 00:00:00-03:00,LREN3.SA,17.472011260876624,17.58497764421343,16.530631316715645,17.104873657226562,25465400,0.0,0.0
2025-07-15 00:00:00-03:00,LREN3.SA,17.46259634668954,17.519080433219028,16.963666151123338,17.453184127807617,15946000,0.0,0.0
2025-07-16 00:00:00-03:00,LREN3.SA,17.387285327964445,17.472009658813477,16.888355152453034,17.472009658813477,21491000,0.0,0.0
2025-07-17 00:00:00-03:00,LREN3.SA,17.49083846163511,17.622631072998047,17.23666545782974,17.622631072998047,9503700,0.0,0.0
2025-07-18 00:00:00-03:00,LREN3.SA,17.20842428564135,17.377871150203454,16.56828570105261,16.690664291381836,24638500,0.0,0.0
2025-07-21 00:00:00-03:00,LREN3.SA,16.813045055756906,16.954251677174046,16.24821677454873,16.445905685424805,13605800,0.0,0.0
2025-07-22 00:00:00-03:00,LREN3.SA,16.49297639297175,16.681251296949796,16.295285678924174,16.39883804321289,15241300,0.0,0.0
2025-07-23 00:00:00-03:00,LREN3.SA,16.427080223283227,16.671837420934228,16.257631551417383,16.596527099609375,12912300,0.0,0.0
2025-07-24 00:00:00-03:00,LREN3.SA,16.445907294552466,16.445907294552466,15.899906988254473,16.07876968383789,10334500,0.0,0.0
2025-07-25 00:00:00-03:00,LREN3.SA,16.09759638675764,16.12583663415201,15.570424154100326,15.73987102508545,13200400,0.0,0.0
2025-07-28 00:00:00-03:00,LREN3.SA,15.786939550741137,15.90931813372557,15.127972977792606,15.410387992858887,10686400,0.0,0.0
2025-07-29 00:00:00-03:00,LREN3.SA,15.429214813962425,15.476284882709374,15.22211189809444,15.391560554504395,11016900,0.0,0.0
2025-07-30 00:00:00-03:00,LREN3.SA,15.250353708582212,15.862250228717407,15.203283640547504,15.777525901794434,12272000,0.0,0.0
2025-07-31 00:00:00-03:00,LREN3.SA,15.570423795011772,15.608078055849084,15.165630166657982,15.316250801086426,14106400,0.0,0.0
2025-08-01 00:00:00-03:00,LREN3.SA,15.532768544917365,15.946976208866275,15.325665610712756,15.523354530334473,13708700,0.0,0.0
2025-08-04 00:00:00-03:00,LREN3.SA,15.824594636800244,16.041113365009164,15.636319745777143,15.881078720092773,11429000,0.0,0.0
2025-08-05 00:00:00-03:00,LREN3.SA,15.909318264565544,16.144663214619886,15.768111653640833,15.899904251098633,10826200,0.0,0.0
2025-08-06 00:00:00-03:00,LREN3.SA,16.003458129244173,16.926009990471087,15.956389852962253,16.728321075439453,18874600,0.0,0.0
2025-08-07 00:00:00-03:00,LREN3.SA,16.86011396105123,17.321389899204576,16.77538962592718,16.982494354248047,27680600,0.0,0.0
2025-08-08 00:00:00-03:00,LREN3.SA,16.596527270447712,16.653011358677546,15.598665053736873,15.749285697937012,34800000,0.0,0.0
2025-08-11 00:00:00-03:00,LREN3.SA,15.70221555539135,15.862250195293136,15.306835962430434,15.457456588745117,11909800,0.0,0.0
2025-08-12 00:00:00-03:00,LREN3.SA,15.542182111166321,15.975215996249919,15.466871792215276,15.73987102508545,17012400,0.0,0.0
2025-08-13 00:00:00-03:00,LREN3.SA,15.608078842860301,15.608078842860301,14.845561618175205,15.14680290222168,21746600,0.0,0.0
2025-08-14 00:00:00-03:00,LREN3.SA,15.03383674135887,15.222112535380154,14.883216106141841,15.08090591430664,11770700,0.0,0.0
2025-08-15 00:00:00-03:00,LREN3.SA,15.08090531122355,15.184455871582031,14.78907716883337,15.184455871582031,18088500,0.0,0.0
2025-08-18 00:00:00-03:00,LREN3.SA,15.137387987634042,15.382146965254169,15.04324964308175,15.259766578674316,9897600,0.0,0.0
2025-08-19 00:00:00-03:00,LREN3.SA,15.14680203916553,15.165630067230547,14.81731873018609,14.939698219299316,9058800,0.0,0.0
2025-08-20 00:00:00-03:00,LREN3.SA,14.93969839399125,15.043249856250302,14.751422599988516,14.789077758789062,10297100,0.0,0.0
2025-08-21 00:00:00-03:00,LREN3.SA,14.779663456293648,14.89262893049132,14.431353019741715,14.534904479980469,14434600,0.0,0.0
2025-08-22 00:00:00-03:00,LREN3.SA,14.629043594779512,15.175044762156354,14.478422954580315,14.977354049682617,14411800,0.0,0.0
2025-08-25 00:00:00-03:00,LREN3.SA,15.071491411276039,15.090319438952328,14.826732438102928,14.920870780944824,9254800,0.0,0.0
2025-08-26 00:00:00-03:00,LREN3.SA,14.836145889128712,14.864387031802039,14.638456094875954,14.732593536376953,7161100,0.0,0.0
2025-08-27 00:00:00-03:00,LREN3.SA,14.817318837206818,15.109146092164004,14.770249664474106,15.052663803100586,20184300,0.0,0.0
2025-08-28 00:00:00-03:00,LREN3.SA,15.269180635419453,15.410389050412899,14.958526252174913,15.231526374816895,20125500,0.0,0.0
2025-08-29 00:00:00-03:00,LREN3.SA,15.2785931352529,15.457455793122518,15.184454799766815,15.306835174560547,9628600,0.0,0.0
2025-09-01 00:00:00-03:00,LREN3.SA,15.363318048382855,15.504524659271919,15.288007736206055,15.288007736206055,4657000,0.0,0.0
2025-09-02 00:00:00-03:00,LREN3.SA,15.062078566641148,15.250355266940037,14.902043910048999,15.14680290222168,6055600,0.0,0.0
2025-09-03 00:00:00-03:00,LREN3.SA,15.15621593566083,15.231526251797273,14.986767275468937,15.090319633483887,6482600,0.0,0.0
2025-09-04 00:00:00-03:00,LREN3.SA,15.090320022498299,15.288008934125362,15.043249951487367,15.165630340576172,7280600,0.0,0.0
2025-09-05 00:00:00-03:00,LREN3.SA,15.391560554504395,15.815180399989755,15.250353939342608,15.391560554504395,15465400,0.0,0.0
2025-09-08 00:00:00-03:00,LREN3.SA,15.419801263949925,15.495111580670404,14.939698219299316,14.939698219299316,9408200,0.0,0.0
2025-09-09 00:00:00-03:00,LREN3.SA,15.005594587638978,15.005594587638978,14.657284146840404,14.676112174987793,11298400,0.0,0.0
2025-09-10 00:00:00-03:00,LREN3.SA,14.694940267255125,15.024423599243164,14.666699120955249,15.024423599243164,17531000,0.0,0.0
2025-09-11 00:00:00-03:00,LREN3.SA,15.156216058072197,15.363318980235222,15.090319755363032,15.231526374816895,19721400,0.0,0.0
2025-09-12 00:00:00-03:00,LREN3.SA,15.062077397437895,15.240940069283543,14.920870780944824,14.920870780944824,6124800,0.0,0.0
2025-09-15 00:00:00-03:00,LREN3.SA,15.015009146699208,15.30683730918743,15.015009146699208,15.269181251525879,14180200,0.0,0.0
2025-09-16 00:00:00-03:00,LREN3.SA,15.391562575862443,16.08818352494803,15.391562575862443,15.909320831298828,19329800,0.0,0.0
2025-09-17 00:00:00-03:00,LREN3.SA,16.012869541242775,16.511801448228496,15.805766645504598,16.02228355407715,31079600,0.0,0.0
2025-09-18 00:00:00-03:00,LREN3.SA,16.041113446892624,16.14466400904507,15.946975103130757,16.050525665283203,8975200,0.0,0.0
2025-09-19 00:00:00-03:00,LREN3.SA,16.13524927287893,16.172905326913963,15.881078090300376,15.928146362304688,15882500,0.0,0.0
2025-09-22 00:00:00-03:00,LREN3.SA,15.730456647994847,15.7492846761833,15.240940483872205,15.316250801086426,15873500,0.0,0.0
2025-09-23 00:00:00-03:00,LREN3.SA,15.325664125160895,15.513939011949798,14.90204248769171,14.986766815185547,29583700,0.0,0.0
2025-09-24 00:00:00-03:00,LREN3.SA,15.09150871609073,15.22514577826976,14.70968632762471,15.21560001373291,21931600,0.219727,0.0
2025-09-25 00:00:00-03:00,LREN3.SA,15.167872417671445,15.435147441895957,14.996052304074313,15.005598068237305,17435400,0.0,0.0
2025-09-26 00:00:00-03:00,LREN3.SA,15.120144766568526,15.311056411766623,14.9674161786774,15.101053237915039,12917600,0.0,0.0
2025-09-29 00:00:00-03:00,LREN3.SA,15.311055292779113,15.454238105879176,14.99605146535755,15.043779373168945,9310100,0.0,0.0
2025-09-30 00:00:00-03:00,LREN3.SA,15.13923585416611,15.158327383411384,14.299227684392582,14.442411422729492,18552300,0.0,0.0
2025-10-01 00:00:00-03:00,LREN3.SA,14.42331897579402,14.595139086732493,14.308772538613093,14.461501121520996,11004100,0.0,0.0
2025-10-02 00:00:00-03:00,LREN3.SA,14.471046373354783,14.547410662105932,14.00331487717046,14.12740707397461,9441900,0.0,0.0
2025-10-03 00:00:00-03:00,LREN3.SA,14.06058733069368,14.156043144709564,13.955586663543494,14.031950950622559,6337000,0.0,0.0
2025-10-06 00:00:00-03:00,LREN3.SA,14.031952486262801,14.031952486262801,13.554675184618935,13.736041069030762,10078800,0.0,0.0
2025-10-07 00:00:00-03:00,LREN3.SA,13.68831270148945,13.68831270148945,12.791030894457831,12.9533052444458,27240400,0.0,0.0
2025-10-08 00:00:00-03:00,LREN3.SA,13.096489687996026,13.258764046801438,13.010579626236193,13.18239974975586,24230000,0.0,0.0
2025-10-09 00:00:00-03:00,LREN3.SA,13.316036406088912,13.430582848144772,13.125125669329146,13.21103572845459,9930000,0.0,0.0
2025-10-10 00:00:00-03:00,LREN3.SA,13.296945203720334,13.363763731068746,13.106033565009167,13.344672203063965,12508900,0.0,0.0
2025-10-13 00:00:00-03:00,LREN3.SA,13.459219093109738,13.669220432021982,13.287398988241419,13.497401237487793,14423300,0.0,0.0
2025-10-14 00:00:00-03:00,LREN3.SA,13.43058322286044,13.802859852679218,13.296946158567206,13.669221878051758,13551500,0.0,0.0
2025-10-15 00:00:00-03:00,LREN3.SA,13.535584158162493,13.831495566480092,13.382855571890934,13.602402687072754,25355900,0.0,0.0
2025-10-16 00:00:00-03:00,LREN3.SA,13.478309729339703,13.831494792923582,13.449673348598882,13.659675598144531,10871100,0.0,0.0
2025-10-17 00:00:00-03:00,LREN3.SA,13.50694730071033,13.774223245631974,13.459220298713232,13.592857360839844,11865900,0.0,0.0
2025-10-20 00:00:00-03:00,LREN3.SA,13.650130271911621,13.917405291504528,13.592856598260347,13.650130271911621,40862100,0.0,0.0
2025-10-21 00:00:00-03:00,LREN3.SA,13.573766433378513,13.984224285289978,13.478310610886995,13.965133666992188,11470500,0.0,0.0
2025-10-22 00:00:00-03:00,LREN3.SA,14.031952711563541,14.031952711563541,13.669221847249995,13.812405586242676,8254300,0.0,0.0
2025-10-23 00:00:00-03:00,LREN3.SA,14.01286162062343,14.232408738550129,13.86967788645306,14.146498680114746,15548500,0.0,0.0
2025-10-24 00:00:00-03:00,LREN3.SA,14.299226268497632,14.461500609677357,14.09877069327646,14.12740707397461,14203900,0.0,0.0
2025-10-27 00:00:00-03:00,LREN3.SA,14.30877303264065,14.366046708375638,14.108316533069486,14.146498680114746,8495100,0.0,0.0
2025-10-28 00:00:00-03:00,LREN3.SA,14.070133709314492,14.108315854523363,13.812404456738143,13.917405128479004,12051100,0.0,0.0
2025-10-29 00:00:00-03:00,LREN3.SA,13.955587902676198,14.060588579149515,13.860132990518872,13.965133666992188,10253500,0.0,0.0
2025-10-30 00:00:00-03:00,LREN3.SA,13.821949822420702,13.92695140838623,13.688312764405204,13.92695140838623,8638700,0.0,0.0
2025-10-31 00:00:00-03:00,LREN3.SA,13.946041317899994,14.165589332580566,13.745584830728227,14.165589332580566,16851400,0.0,0.0
2025-11-03 00:00:00-03:00,LREN3.SA,14.261044451499616,14.289681743189295,13.955587289482922,14.079679489135742,12206500,0.0,0.0
2025-11-04 00:00:00-03:00,LREN3.SA,14.012860659947588,14.289681434631348,13.936496371092352,14.289681434631348,20103300,0.0,0.0
2025-11-05 00:00:00-03:00,LREN3.SA,14.289682337752819,14.881506068951776,14.031952163827011,14.757413864135742,15942000,0.0,0.0
2025-11-06 00:00:00-03:00,LREN3.SA,14.55695770565878,14.661958384339938,13.8983154296875,13.8983154296875,15386600,0.0,0.0
2025-11-07 00:00:00-03:00,LREN3.SA,13.106033961628288,13.802859279209622,13.106033961628288,13.316036224365234,57823100,0.0,0.0
2025-11-10 00:00:00-03:00,LREN3.SA,13.554675005668882,13.91740585936952,13.325582122384542,13.841041564941406,41178800,0.0,0.0
2025-11-11 00:00:00-03:00,LREN3.SA,13.984224226234495,14.595139484865085,13.974679372293004,14.270590782165527,31403100,0.0,0.0
2025-11-12 00:00:00-03:00,LREN3.SA,14.270590266188837,14.528320430308362,14.136953212497959,14.2610445022583,13600600,0.0,0.0
2025-11-13 00:00:00-03:00,LREN3.SA,14.289681972037235,14.442410555491517,14.070133950571082,14.156044006347656,13292500,0.0,0.0
2025-11-14 00:00:00-03:00,LREN3.SA,14.127408077634719,14.671503901224648,14.041498019102795,14.471047401428223,16630800,0.0,0.0
2025-11-17 00:00:00-03:00,LREN3.SA,14.45195718735213,14.528321483664795,14.146499091767254,14.442411422729492,11855400,0.0,0.0
2025-11-18 00:00:00-03:00,LREN3.SA,14.28968220893431,14.547411470202555,14.175135769444626,14.394682884216309,17918800,0.0,0.0
2025-11-19 00:00:00-03:00,LREN3.SA,14.337409668195349,14.480592485465499,14.24195384979248,14.24195384979248,11168600,0.0,0.0
2025-11-21 00:00:00-03:00,LREN3.SA,14.22286259386781,14.499683380126953,14.098771302039717,14.499683380126953,11363300,0.0,0.0
2025-11-24 00:00:00-03:00,LREN3.SA,14.471046297779317,14.805140742071377,14.413773536682129,14.413773536682129,15383300,0.0,0.0
2025-11-25 00:00:00-03:00,LREN3.SA,14.404227636872516,14.690594170653435,14.308771822167504,14.537864685058594,11527100,0.0,0.0
2025-11-26 00:00:00-03:00,LREN3.SA,14.55695685669929,14.881505548666052,14.54741109273929,14.747867584228516,13225500,0.0,0.0
2025-11-27 00:00:00-03:00,LREN3.SA,14.747868334832082,15.215599868667763,14.738322570386243,15.158327102661133,11352100,0.0,0.0
2025-11-28 00:00:00-03:00,LREN3.SA,15.234691503698524,15.425602242274353,15.034235000610352,15.034235000610352,11421800,0.0,0.0
2025-12-01 00:00:00-03:00,LREN3.SA,15.015142082281633,15.358782290256384,14.93877779391705,15.043779373168945,29121200,0.0,0.0
2025-12-02 00:00:00-03:00,LREN3.SA,15.13923483272378,15.291964325378688,15.053325687918976,15.072416305541992,10598000,0.0,0.0
2025-12-03 00:00:00-03:00,LREN3.SA,15.196509007971638,15.225145390518666,14.681049570454212,14.757413864135742,12529200,0.0,0.0
2025-12-04 00:00:00-03:00,LREN3.SA,14.891051582722099,15.081962313714092,14.356500625610352,14.356500625610352,33671400,0.0,0.0
2025-12-05 00:00:00-03:00,LREN3.SA,14.404228055261903,14.404228055261903,13.211034888461999,13.24921703338623,33234400,0.0,0.0
2025-12-08 00:00:00-03:00,LREN3.SA,13.554675213041639,13.869678159960381,13.363764474050615,13.592857360839844,34816300,0.0,0.0
2025-12-09 00:00:00-03:00,LREN3.SA,13.277853675715553,13.602402369123546,12.791030635603564,13.344672203063965,34870600,0.0,0.0
2025-12-10 00:00:00-03:00,LREN3.SA,13.430582415245174,13.602402527957892,13.258763212866628,13.382855415344238,37755200,0.0,0.0
2025-12-11 00:00:00-03:00,LREN3.SA,13.31603706744971,13.688313705371577,13.306491302554067,13.440129280090332,14374900,0.0,0.0
2025-12-12 00:00:00-03:00,LREN3.SA,13.554408638819856,13.835781431451457,13.496193163484122,13.777565956115723,14679100,0.227784,0.0
2025-12-15 00:00:00-03:00,LREN3.SA,13.981319091951436,14.243287349754352,13.729053567838319,14.039534568786621,26299000,0.0,0.0
2025-12-16 00:00:00-03:00,LREN3.SA,13.748459312218582,13.816376598808336,13.486491049137591,13.515599250793457,34608700,0.0,0.0
2025-12-17 00:00:00-03:00,LREN3.SA,13.39916828974088,13.428275564072116,12.80731451808313,13.030472755432129,28855000,0.0,0.0
2025-12-18 00:00:00-03:00,LREN3.SA,13.088687588365767,13.13720033017385,12.894637546437032,12.98196029663086,18259400,0.0,0.0
2025-12-19 00:00:00-03:00,LREN3.SA,13.001364812883738,13.311845804669405,12.943150263070141,13.146903038024902,13532700,0.0,0.0
2025-12-22 00:00:00-03:00,LREN3.SA,13.108092868325159,13.176010150706006,12.574454566651655,12.690884590148926,15254400,0.0,0.0
2025-12-23 00:00:00-03:00,LREN3.SA,12.797612037928976,13.185713046335163,12.719992021308457,13.146903038024902,15266600,0.0,0.0
2025-12-26 00:00:00-03:00,LREN3.SA,13.078985184505914,13.302143432324762,12.972257890081705,13.243927955627441,6717500,0.0,0.0
2025-12-29 00:00:00-03:00,LREN3.SA,13.234225110330954,13.292439657163413,12.972256873674269,13.098389625549316,13310500,0.0,0.0
2025-12-30 00:00:00-03:00,LREN3.SA,13.21481992849036,13.36035814930605,13.040174433632956,13.049877166748047,11989300,0.0,0.0
2026-01-02 00:00:00-03:00,LREN3.SA,13.156605797018516,13.282737630294504,12.875233004895952,12.98196029663086,14265600,0.0,0.0
2026-01-05 00:00:00-03:00,LREN3.SA,12.99166342729324,13.14690346558293,12.060222272251478,12.593859672546387,33507300,0.0,0.0
2026-01-06 00:00:00-03:00,LREN3.SA,12.710289835451887,13.049877166748047,12.545347073709573,13.049877166748047,19591500,0.0,0.0
2026-01-07 00:00:00-03:00,LREN3.SA,12.981960795685977,13.078985357728387,12.622967972991445,12.739398002624512,15016900,0.0,0.0
2026-01-08 00:00:00-03:00,LREN3.SA,12.807314567968197,13.020770072937012,12.690884544886181,13.020770072937012,12832200,0.0,0.0
2026-01-09 00:00:00-03:00,LREN3.SA,13.098389824911852,13.185712571793164,12.846124317322177,12.904339790344238,10977900,0.0,0.0
2026-01-12 00:00:00-03:00,LREN3.SA,12.817017351214908,13.011067390441895,12.681181861104228,13.011067390441895,7372100,0.0,0.0
2026-01-13 00:00:00-03:00,LREN3.SA,12.884934656963566,13.030472880625176,12.574454593637853,12.846124649047852,11578500,0.0,0.0
2026-01-14 00:00:00-03:00,LREN3.SA,13.205117770139772,13.428276014982234,12.952853175292272,13.117795944213867,17605300,0.0,0.0
2026-01-15 00:00:00-03:00,LREN3.SA,13.195415053260833,13.25362959986941,12.865529538133783,13.108092308044434,10535100,0.0,0.0
2026-01-16 00:00:00-03:00,LREN3.SA,13.117795108405835,13.166306922394734,12.855826871408787,12.933446884155273,8977100,0.0,0.0
2026-01-19 00:00:00-03:00,LREN3.SA,12.981960245741677,13.088687537058215,12.87523295442514,12.991662979125977,3967400,0.0,0.0
2026-01-20 00:00:00-03:00,LREN3.SA,12.95285259156292,13.43797814292777,12.875232577368829,13.21481990814209,11766900,0.0,0.0
2026-01-21 00:00:00-03:00,LREN3.SA,13.457383376484122,14.058938980102539,13.379763358294882,14.058938980102539,20969400,0.0,0.0
2026-01-22 00:00:00-03:00,LREN3.SA,14.068640980910503,14.757519300436194,14.068640980910503,14.505253791809082,17194100,0.0,0.0
2026-01-23 00:00:00-03:00,LREN3.SA,14.631386177935566,14.699303457278567,14.243286116970511,14.408228874206543,16794300,0.0,0.0
2026-01-26 00:00:00-03:00,LREN3.SA,14.514956727913559,14.602279476375307,14.0201284368327,14.311203956604004,21056700,0.0,0.0
2026-01-27 00:00:00-03:00,LREN3.SA,14.592576827386761,14.970975097804265,14.456741337295037,14.776924133300781,17144600,0.0,0.0
2026-01-28 00:00:00-03:00,LREN3.SA,14.893355164499747,15.359075261155434,14.873949697820636,15.08740520477295,16311000,0.0,0.0
2026-01-29 00:00:00-03:00,LREN3.SA,15.242645737720599,15.291158480708464,14.621684663143864,14.844842910766602,17211700,0.0,0.0
2026-01-30 00:00:00-03:00,LREN3.SA,14.82543671409459,15.126214965579315,14.272393877029927,14.485849380493164,18669900,0.0,0.0
2026-02-02 00:00:00-03:00,LREN3.SA,14.45674143868759,14.631386937844173,14.272394131480647,14.602279663085938,11195400,0.0,0.0
2026-02-03 00:00:00-03:00,LREN3.SA,14.815734921398835,15.213537729190067,14.815734921398835,15.126214981079102,12707500,0.0,0.0
2026-02-04 00:00:00-03:00,LREN3.SA,15.019487097699091,15.087405306229119,14.573172464721244,14.747817039489746,9485300,0.0,0.0
2026-02-05 00:00:00-03:00,LREN3.SA,14.825437056120988,15.19413259777118,14.747817039489746,14.747817039489746,9262400,0.0,0.0
2026-02-06 00:00:00-03:00,LREN3.SA,14.796329021453857,15.106809072036413,14.6216835303494,15.038891792297363,10041900,0.0,0.0
2026-02-09 00:00:00-03:00,LREN3.SA,15.077703223329438,15.203835987122913,14.767223143409268,14.961273193359375,16152000,0.0,0.0
2026-02-10 00:00:00-03:00,LREN3.SA,14.961272336339785,15.058297818408786,14.621684074401855,14.621684074401855,14010000,0.0,0.0
2026-02-11 00:00:00-03:00,LREN3.SA,14.825437625429338,15.019487674459116,14.796330349400778,14.815735816955566,17261600,0.0,0.0
2026-02-12 00:00:00-03:00,LREN3.SA,14.815734935783587,15.009784973272158,14.447039401903519,14.64108943939209,11079900,0.0,0.0
2026-02-13 00:00:00-03:00,LREN3.SA,14.447039808142348,14.90305717773743,14.223881564777791,14.893355369567871,10168000,0.0,0.0
2026-02-18 00:00:00-03:00,LREN3.SA,14.922461773328905,15.145619078359232,14.873949034099496,15.038891792297363,6374200,0.0,0.0
2026-02-19 00:00:00-03:00,LREN3.SA,15.038892232968136,15.232942270268301,14.96127221804807,15.126214981079102,16946300,0.0,0.0
2026-02-20 00:00:00-03:00,LREN3.SA,15.048594915755729,15.213537678234307,14.864246686960346,15.135917663574219,10920700,0.0,0.0
2026-02-23 00:00:00-03:00,LREN3.SA,15.009785289959673,15.087405306592785,14.932165273326559,15.067999839782715,7981700,0.0,0.0
2026-02-24 00:00:00-03:00,LREN3.SA,15.135917948639065,15.494910754529014,15.077702473895807,15.407588005065918,29336200,0.0,0.0
2026-02-25 00:00:00-03:00,LREN3.SA,15.504612169170356,15.766580410912766,15.223239386541593,15.310562133789062,13544800,0.0,0.0
2026-02-26 00:00:00-03:00,LREN3.SA,15.329967937200928,15.669555275262393,15.329967937200928,15.572529792785645,16987800,0.0,0.0
2026-02-27 00:00:00-03:00,LREN3.SA,15.465802366895687,15.630746055783453,15.116512298583984,15.116512298583984,9657900,0.0,0.0
2026-03-02 00:00:00-03:00,LREN3.SA,14.844841661289514,15.23294172191918,14.65079163097468,15.058297157287598,6278400,0.0,0.0
2026-03-03 00:00:00-03:00,LREN3.SA,14.408229186551036,14.728411975114076,14.020128191869116,14.5149564743042,17579900,0.0,0.0
2026-03-04 00:00:00-03:00,LREN3.SA,14.893355499568262,14.970975517423827,14.56346996103031,14.709007263183594,7217100,0.0,0.0
2026-03-05 00:00:00-03:00,LREN3.SA,14.602279660998548,14.728412418670985,14.097748630308798,14.282096862792969,11483600,0.0,0.0
2026-03-06 00:00:00-03:00,LREN3.SA,14.456741151475262,14.796329409687884,14.126856551727377,14.330609321594238,23018100,0.0,0.0
2026-03-09 00:00:00-03:00,LREN3.SA,14.204476740371298,14.369419504917069,13.864888477999752,14.136558532714844,29236300,0.0,0.0
2026-03-10 00:00:00-03:00,LREN3.SA,14.311204115937972,15.038892460816173,14.175368625118086,14.76722240447998,14866000,0.0,0.0
2026-03-11 00:00:00-03:00,LREN3.SA,14.611982574154064,15.339670929085363,14.592577107210172,15.21353816986084,15990400,0.0,0.0
2026-03-12 00:00:00-03:00,LREN3.SA,14.932165380095848,15.009785397283967,14.466444351663545,14.573172569274902,15229200,0.0,0.0
2026-03-13 00:00:00-03:00,LREN3.SA,14.786626918826185,15.067999707986004,14.553766870963626,14.611982345581055,14456200,0.0,0.0
2026-03-16 00:00:00-03:00,LREN3.SA,15.029189831103894,15.19413259777118,14.563469731316443,14.747817039489746,20028500,0.0,0.0
2026-03-17 00:00:00-03:00,LREN3.SA,14.835139294365023,15.058297528709057,14.670196533203125,14.670196533203125,8420000,0.0,0.0
2026-03-18 00:00:00-03:00,LREN3.SA,14.55376669119634,14.941866766173483,14.417931202302558,14.64108943939209,11276800,0.0,0.0
2026-03-19 00:00:00-03:00,LREN3.SA,14.456741792721315,14.78662733240523,14.136558986628952,14.699304580688477,13909900,0.0,0.0
2026-03-20 00:00:00-03:00,LREN3.SA,14.5634689495243,14.679898968220996,14.311203446363017,14.398526191711426,21116200,0.0,0.0
2026-03-23 00:00:00-03:00,LREN3.SA,14.728411774292338,15.252347323461054,14.709006308436237,15.194131851196289,22781900,0.0,0.0
2026-03-24 00:00:00-03:00,LREN3.SA,15.077702677164371,15.262049986613386,14.718709866434695,15.21353816986084,22192300,0.0,0.0
2026-03-25 00:00:00-03:00,LREN3.SA,15.511461623110606,15.609884038342484,15.196507453918457,15.196507453918457,29363600,0.222698,0.0
2026-03-26 00:00:00-03:00,LREN3.SA,14.999661620263955,15.157138234864941,14.753604175291247,14.95044994354248,12060200,0.0,0.0
2026-03-27 00:00:00-03:00,LREN3.SA,14.871711762360922,15.019346793777357,14.438651068535655,14.655181884765625,25661200,0.0,0.0
2026-03-30 00:00:00-03:00,LREN3.SA,14.940609099450537,14.940609099450537,13.749690969224266,13.96622085571289,21413800,0.0,0.0
2026-03-31 00:00:00-03:00,LREN3.SA,14.320544101464804,14.832343120944772,14.084329169397126,14.724078178405762,19833900,0.0,0.0
2026-04-01 00:00:00-03:00,LREN3.SA,14.73392070190059,15.107928146991764,14.665023976071492,14.724078178405762,17599600,0.0,0.0
2026-04-02 00:00:00-03:00,LREN3.SA,14.30085873168054,14.822501201515685,14.182751268312586,14.60597038269043,7043600,0.0,0.0
2026-04-06 00:00:00-03:00,LREN3.SA,14.733920469764394,14.733920469764394,14.31070135250169,14.418966293334961,8254500,0.0,0.0
2026-04-07 00:00:00-03:00,LREN3.SA,14.281174203495679,14.62565406018933,14.241805050198272,14.566600799560547,38131800,0.0,0.0
2026-04-08 00:00:00-03:00,LREN3.SA,15.383511814650715,15.51146180068815,15.235876782160748,15.255561828613281,16947300,0.0,0.0
2026-04-09 00:00:00-03:00,LREN3.SA,15.255561701589968,15.737834072045331,15.16698087056048,15.659095764160156,11877200,0.0,0.0
2026-04-10 00:00:00-03:00,LREN3.SA,15.76736175448192,15.96420658697096,15.353985165804774,15.472092628479004,21059600,0.0,0.0
2026-04-13 00:00:00-03:00,LREN3.SA,15.186666273137721,15.698465286398479,15.16698122638727,15.560673713684082,8927900,0.0,0.0
2026-04-14 00:00:00-03:00,LREN3.SA,15.649253531111361,15.747676887109671,15.166981151715952,15.422881126403809,15476600,0.0,0.0
2026-04-15 00:00:00-03:00,LREN3.SA,15.34414230976231,15.47209229287605,14.950449837419727,15.353984832763672,12448800,0.0,0.0
2026-04-16 00:00:00-03:00,LREN3.SA,15.245718998184598,15.511461488131,14.812658309936523,14.812658309936523,19780600,0.0,0.0
2026-04-17 00:00:00-03:00,LREN3.SA,15.353985633861914,15.521304779076369,15.009504819918108,15.186666488647461,26067600,0.0,0.0
2026-04-20 00:00:00-03:00,LREN3.SA,15.1571387677097,15.1571387677097,14.8323430040184,14.911081314086914,10065900,0.0,0.0
2026-04-22 00:00:00-03:00,LREN3.SA,14.852027852268042,14.950450269220344,14.291017165872406,14.389439582824707,15603300,0.0,0.0
2026-04-23 00:00:00-03:00,LREN3.SA,14.418966071703663,14.438651118080603,13.985905376392385,14.113855361938477,10529500,0.0,0.0
2026-04-24 00:00:00-03:00,LREN3.SA,14.113855187007868,14.1827509712039,13.838271111589076,14.054800987243652,10703200,0.0,0.0
2026-04-27 00:00:00-03:00,LREN3.SA,14.163067613861765,14.163067613861765,13.562686815892222,13.749691009521484,9404200,0.0,0.0
2026-04-28 00:00:00-03:00,LREN3.SA,13.513474620844786,13.85795542419278,13.454421358841213,13.78905963897705,15297500,0.0,0.0
2026-04-29 00:00:00-03:00,LREN3.SA,13.641425201944358,13.720163513807998,13.109941127547428,13.208364486694336,15933700,0.0,0.0
2026-04-30 00:00:00-03:00,LREN3.SA,13.424894858025894,13.543002321813052,13.168994883836376,13.385525703430176,14816500,0.0,0.0
2026-05-04 00:00:00-03:00,LREN3.SA,13.29694496746567,13.493790741873347,13.15915245606295,13.306787490844727,13032000,0.0,0.0
2026-05-05 00:00:00-03:00,LREN3.SA,13.287102630898925,13.828429222106934,13.257575998981311,13.828429222106934,13083800,0.0,0.0
2026-05-06 00:00:00-03:00,LREN3.SA,14.16306674240234,15.03903063785403,14.025274236555772,14.458334922790527,30293700,0.0,0.0
2026-05-07 00:00:00-03:00,LREN3.SA,14.458334989288229,15.048873230049953,14.192593437989713,14.704392433166504,24896900,0.0,0.0
2026-05-08 00:00:00-03:00,LREN3.SA,14.56660146401562,14.940608906718655,14.015432354075699,14.123698234558105,27340400,0.0,0.0
2026-05-11 00:00:00-03:00,LREN3.SA,13.976063365906777,14.025275045019752,13.503633499145508,13.503633499145508,12696300,0.0,0.0
2026-05-12 00:00:00-03:00,LREN3.SA,13.474105834960938,13.907167481787202,13.405210047861864,13.474105834960938,15472100,0.0,0.0
2026-05-13 00:00:00-03:00,LREN3.SA,13.355998453183144,13.562686754416426,12.824514384102521,12.932780265808105,30918600,0.0,0.0
2026-05-14 00:00:00-03:00,LREN3.SA,13.139468575525019,13.68079422986363,13.10009941996158,13.503633499145508,44646000,0.0,0.0
2026-05-15 00:00:00-03:00,LREN3.SA,13.208364212573308,13.464264190136653,13.139468425781137,13.33631420135498,11016300,0.0,0.0
2026-05-18 00:00:00-03:00,LREN3.SA,13.29694502408376,13.592214156269872,13.228048298771693,13.552845001220703,11879400,0.0,0.0
2026-05-19 00:00:00-03:00,LREN3.SA,13.316629403989877,13.572529386347943,13.139468671971361,13.424895286560059,10397200,0.0,0.0
2026-05-20 00:00:00-03:00,LREN3.SA,13.56268630912985,14.556758627121116,13.56268630912985,14.468177795410156,17007200,0.0,0.0
2026-05-21 00:00:00-03:00,LREN3.SA,14.379597384293442,14.881554819581034,14.241805809721345,14.615813255310059,16379800,0.0,0.0
2026-05-22 00:00:00-03:00,LREN3.SA,14.448494072053343,15.107928127187202,14.428809025089489,14.832343101501465,17968500,0.0,0.0
2026-05-25 00:00:00-03:00,LREN3.SA,15.039030759508796,15.255561573695076,14.89139666812045,15.166980743408203,8605000,0.0,0.0
2026-05-26 00:00:00-03:00,LREN3.SA,14.940608903101506,15.009504689839304,14.665023878880918,14.802816390991211,10189900,0.0,0.0
2026-05-27 00:00:00-03:00,LREN3.SA,14.891397067868946,15.265404506545323,14.62565456987467,14.635497093200684,9152000,0.0,0.0
2026-05-28 00:00:00-03:00,LREN3.SA,14.763446807861328,14.979977623861,14.487862730265624,14.763446807861328,6376400,0.0,0.0
2026-05-29 00:00:00-03:00,LREN3.SA,14.783132206991331,14.86187051675513,14.566601385823532,14.665023803710938,8763400,0.0,0.0
2026-06-01 00:00:00-03:00,LREN3.SA,14.960293284899556,15.137454955333242,14.645340038470529,14.783132553100586,20944300,0.0,0.0
2026-06-02 00:00:00-03:00,LREN3.SA,14.763446684568542,15.285088204605593,14.615812593176722,15.275246620178223,13846900,0.0,0.0
2026-06-03 00:00:00-03:00,LREN3.SA,14.802815912500842,14.891396743234527,14.36975522057853,14.409124374389648,16921800,0.0,0.0
2026-06-05 00:00:00-03:00,LREN3.SA,14.409124437706236,14.832342608376807,14.222120252305686,14.655181884765625,15180300,0.0,0.0
2026-06-08 00:00:00-03:00,LREN3.SA,14.586285066890381,14.763446727989347,14.399281821335103,14.733920097351074,11628300,0.0,0.0
2026-06-09 00:00:00-03:00,LREN3.SA,14.861870513605131,15.147297121097086,14.527232227862559,14.773289680480957,14688100,0.0,0.0
2026-06-10 00:00:00-03:00,LREN3.SA,14.665023901413868,14.684708948303312,14.320544028560882,14.586285591125488,14819100,0.0,0.0
2026-06-11 00:00:00-03:00,LREN3.SA,14.615812852971418,15.226035214144071,14.399282034931227,15.147296905517578,22244600,0.0,0.0
2026-06-12 00:00:00-03:00,LREN3.SA,14.852027436056085,15.334299799920846,14.852027436056085,15.13745403289795,10416400,0.0,0.0
2026-06-15 00:00:00-03:00,LREN3.SA,15.590200225566045,15.796887583051921,14.970135337204363,15.068558692932129,12901000,0.0,0.0
2026-06-16 00:00:00-03:00,LREN3.SA,14.979977639793242,15.06855847091617,14.625654315301535,14.655181884765625,8831400,0.0,0.0
2026-06-17 00:00:00-03:00,LREN3.SA,14.930765997013687,14.950450104733708,14.22212028503418,14.22212028503418,10678200,0.0,0.0
2026-06-18 00:00:00-03:00,LREN3.SA,14.222120598569708,14.291017323695332,13.602055704247256,13.76937484741211,18747700,0.0,0.0
2026-06-19 00:00:00-03:00,LREN3.SA,13.7300055763634,14.1433821690827,13.720163053052302,14.064643859863281,9889600,0.0,0.0
2026-06-22 00:00:00-03:00,LREN3.SA,14.06464351061606,14.694550907364519,14.00558931085056,14.163066864013672,48817900,0.0,0.0
2026-06-23 00:00:00-03:00,LREN3.SA,14.015432240123367,14.350070525012399,13.88748225245199,14.310701370239258,13736300,0.0,0.0
2026-06-24 00:00:00-03:00,LREN3.SA,14.210000038146973,14.550000190734863,14.109999656677246,14.5,20638300,0.229299,0.0
2026-06-25 00:00:00-03:00,LREN3.SA,14.640000343322754,14.819999694824219,14.4399995803833,14.520000457763672,9050900,0.0,0.0
2026-06-26 00:00:00-03:00,LREN3.SA,14.460000038146973,14.979999542236328,14.380000114440918,14.970000267028809,18120000,0.0,0.0
2026-06-29 00:00:00-03:00,LREN3.SA,14.960000038146973,15.149999618530273,14.890000343322754,14.989999771118164,6262500,0.0,0.0
2026-06-30 00:00:00-03:00,LREN3.SA,14.829999923706055,14.90999984741211,14.579999923706055,14.760000228881836,24372600,0.0,0.0
2026-07-01 00:00:00-03:00,LREN3.SA,14.5,14.949999809265137,14.470000267028809,14.859999656677246,6577600,0.0,0.0
2026-07-02 00:00:00-03:00,LREN3.SA,14.970000267028809,15.220000267028809,14.75,14.800000190734863,14483500,0.0,0.0
2026-07-03 00:00:00-03:00,LREN3.SA,14.90999984741211,15.140000343322754,14.619999885559082,14.800000190734863,11005600,0.0,0.0
2026-07-06 00:00:00-03:00,LREN3.SA,14.699999809265137,14.739999771118164,14.09000015258789,14.09000015258789,12523300,0.0,0.0
2026-07-07 00:00:00-03:00,LREN3.SA,14.149999618530273,14.220000267028809,13.579999923706055,13.649999618530273,16885600,0.0,0.0
2026-07-08 00:00:00-03:00,LREN3.SA,13.510000228881836,13.800000190734863,13.449999809265137,13.710000038146973,10233800,0.0,0.0
2026-07-09 00:00:00-03:00,LREN3.SA,13.8100004196167,14.149999618530273,13.6899995803833,14.149999618530273,8548000,0.0,0.0
2026-07-10 00:00:00-03:00,LREN3.SA,14.6899995803833,14.84000015258789,14.489999771118164,14.619999885559082,14517000,0.0,0.0
2026-07-13 00:00:00-03:00,LREN3.SA,14.579999923706055,14.579999923706055,14.130000114440918,14.149999618530273,8799700,0.0,0.0
2026-07-14 00:00:00-03:00,LREN3.SA,14.25,14.34000015258789,13.989999771118164,14.289999961853027,6866500,0.0,0.0
2026-07-15 00:00:00-03:00,LREN3.SA,14.239999771118164,14.3100004196167,13.989999771118164,14.100000381469727,10400900,0.0,0.0
2026-07-16 00:00:00-03:00,LREN3.SA,14.130000114440918,14.149999618530273,13.5,13.649999618530273,16448600,0.0,0.0
2026-07-17 00:00:00-03:00,LREN3.SA,13.600000381469727,13.649999618530273,13.25,13.420000076293945,12914500,0.0,0.0
2026-07-20 00:00:00-03:00,LREN3.SA,13.460000038146973,13.520000457763672,13.279999732971191,13.3100004196167,6517600,0.0,0.0
2026-07-21 00:00:00-03:00,LREN3.SA,13.289999961853027,13.40999984741211,13.119999885559082,13.270000457763672,8624800,0.0,0.0
2026-07-22 00:00:00-03:00,LREN3.SA,13.300000190734863,13.59000015258789,13.289999961853027,13.539999961853027,8211100,0.0,0.0
2026-07-23 00:00:00-03:00,LREN3.SA,13.430000305175781,13.479999542236328,13.229999542236328,13.369999885559082,8063700,0.0,0.0
2026-07-24 00:00:00-03:00,LREN3.SA,13.239999771118164,13.489999771118164,13.180000305175781,13.270000457763672,7804800,0.0,0.0
2026-07-27 00:00:00-03:00,LREN3.SA,13.380000114440918,13.739999771118164,13.380000114440918,13.729999542236328,10334400,0.0,0.0
2026-07-28 00:00:00-03:00,LREN3.SA,14.09000015258789,14.239999771118164,13.739999771118164,13.899999618530273,15288500,0.0,0.0
2026-07-29 00:00:00-03:00,LREN3.SA,13.899999618530273,13.9399995803833,13.199999809265137,13.359999656677246,14485700,0.0,0.0
2026-07-30 00:00:00-03:00,LREN3.SA,13.4399995803833,13.59000015258789,13.369999885559082,13.520000457763672,8220500,0.0,0.0
2026-07-31 00:00:00-03:00,LREN3.SA,13.699999809265137,13.699999809265137,13.4399995803833,13.600000381469727,14133200,0.0,0.0
2026-08-03 00:00:00-03:00,LREN3.SA,13.869999885559082,13.979999542236328,13.619999885559082,13.850000381469727,11146500,0.0,0.0
2026-08-04 00:00:00-03:00,LREN3.SA,14.100000381469727,14.170000076293945,13.569999694824219,13.670000076293945,10051100,0.0,0.0
2026-08-05 00:00:00-03:00,LREN3.SA,13.789999961853027,13.84000015258789,13.550000190734863,13.670000076293945,7742600,0.0,0.0
2026-08-06 00:00:00-03:00,LREN3.SA,13.5600004196167,13.619999885559082,13.25,13.479999542236328,13835800,0.0,0.0
2026-08-07 00:00:00-03:00,LREN3.SA,12.399999618530273,12.680000305175781,11.430000305175781,12.390000343322754,106806300,0.0,0.0
2026-08-10 00:00:00-03:00,LREN3.SA,12.3100004196167,12.529999732971191,12.010000228881836,12.119999885559082,28773900,0.0,0.0
2026-08-11 00:00:00-03:00,LREN3.SA,12.119999885559082,12.449999809265137,11.960000038146973,12.029999732971191,27025200,0.0,0.0
2026-08-12 00:00:00-03:00,LREN3.SA,12.100000381469727,12.170000076293945,11.680000305175781,11.739999771118164,23895200,0.0,0.0
2026-08-13 00:00:00-03:00,LREN3.SA,11.710000038146973,11.869999885559082,11.489999771118164,11.510000228881836,12547000,0.0,0.0
2026-08-14 00:00:00-03:00,LREN3.SA,11.260000228881836,11.369999885559082,10.869999885559082,11.210000038146973,25928100,0.0,0.0
2026-08-17 00:00:00-03:00,LREN3.SA,11.15999984741211,11.260000228881836,11.010000228881836,11.020000457763672,17044400,0.0,0.0
2026-08-18 00:00:00-03:00,LREN3.SA,11.020000457763672,11.069999694824219,10.640000343322754,10.640000343322754,18588200,0.0,0.0
2026-08-19 00:00:00-03:00,LREN3.SA,10.869999885559082,10.949999809265137,10.609999656677246,10.729999542236328,18853900,0.0,0.0
2026-08-20 00:00:00-03:00,LREN3.SA,10.640000343322754,10.829999923706055,10.479999542236328,10.5,18622600,0.0,0.0
2026-08-21 00:00:00-03:00,LREN3.SA,10.649999618530273,11.050000190734863,10.600000381469727,10.989999771118164,19170900,0.0,0.0
2026-08-24 00:00:00-03:00,LREN3.SA,10.859999656677246,10.970000267028809,10.649999618530273,10.649999618530273,16944700,0.0,0.0
2026-08-25 00:00:00-03:00,LREN3.SA,10.699999809265137,11.149999618530273,10.619999885559082,11.079999923706055,15727700,0.0,0.0
2026-08-26 00:00:00-03:00,LREN3.SA,11.029999732971191,11.34000015258789,10.800000190734863,10.800000190734863,18833600,0.0,0.0
2026-08-27 00:00:00-03:00,LREN3.SA,10.710000038146973,10.880000114440918,10.630000114440918,10.630000114440918,11718300,0.0,0.0
2026-08-28 00:00:00-03:00,LREN3.SA,10.6899995803833,10.949999809265137,10.520000457763672,10.699999809265137,11580500,0.0,0.0
2026-08-31 00:00:00-03:00,LREN3.SA,10.829999923706055,10.970000267028809,10.729999542236328,10.899999618530273,16084800,0.0,0.0
2026-09-01 00:00:00-03:00,LREN3.SA,10.989999771118164,11.300000190734863,10.859999656677246,11.0600004196167,18261300,0.0,0.0
2026-09-02 00:00:00-03:00,LREN3.SA,11.149999618530273,11.609999656677246,11.029999732971191,11.34000015258789,15952800,0.0,0.0
2026-09-03 00:00:00-03:00,LREN3.SA,11.779999732971191,11.84000015258789,11.399999618530273,11.399999618530273,25440100,0.0,0.0
2026-09-04 00:00:00-03:00,LREN3.SA,11.34000015258789,11.569999694824219,11.149999618530273,11.350000381469727,11265900,0.0,0.0
